ISO-10303-21;
HEADER;
FILE_DESCRIPTION(('FreeCAD Model'),'2;1');
FILE_NAME('Open CASCADE Shape Model','2026-09-10T17:44:33',('FreeCAD'),(
    'FreeCAD'),'Open CASCADE STEP processor 7.8','FreeCAD','Unknown');
FILE_SCHEMA(('AUTOMOTIVE_DESIGN { 1 0 10303 214 1 1 1 1 }'));
ENDSEC;
DATA;
#1 = APPLICATION_PROTOCOL_DEFINITION('international standard',
  'automotive_design',2000,#2);
#2 = APPLICATION_CONTEXT(
  'core data for automotive mechanical design processes');
#3 = SHAPE_DEFINITION_REPRESENTATION(#4,#10);
#4 = PRODUCT_DEFINITION_SHAPE('','',#5);
#5 = PRODUCT_DEFINITION('design','',#6,#9);
#6 = PRODUCT_DEFINITION_FORMATION('','',#7);
#7 = PRODUCT('Open CASCADE STEP translator 7.8 1',
  'Open CASCADE STEP translator 7.8 1','',(#8));
#8 = PRODUCT_CONTEXT('',#2,'mechanical');
#9 = PRODUCT_DEFINITION_CONTEXT('part definition',#2,'design');
#10 = SHAPE_REPRESENTATION('',(#11,#15,#4209),#7684);
#11 = AXIS2_PLACEMENT_3D('',#12,#13,#14);
#12 = CARTESIAN_POINT('',(0.,0.,0.));
#13 = DIRECTION('',(0.,0.,1.));
#14 = DIRECTION('',(1.,0.,-0.));
#15 = MANIFOLD_SOLID_BREP('',#16);
#16 = CLOSED_SHELL('',(#17,#59,#135,#169,#298,#356,#381,#406,#431,#462,
    #486,#510,#527,#552,#919,#944,#1002,#1026,#1044,#1076,#1175,#1225,
    #1351,#1376,#1536,#1561,#1778,#1800,#1817,#1834,#1846,#1864,#1882,
    #1900,#1918,#1930,#1961,#1996,#2020,#2038,#2069,#2104,#2128,#2146,
    #2177,#2212,#2236,#2254,#2285,#2320,#2344,#2362,#2393,#2428,#2452,
    #2470,#2501,#2536,#2560,#2578,#2609,#2644,#2668,#2686,#2708,#2725,
    #2742,#2754,#2865,#2897,#2921,#2946,#2977,#3001,#3025,#3042,#3059,
    #3090,#3114,#3138,#3155,#3186,#3210,#3234,#3251,#3282,#3306,#3330,
    #3347,#3378,#3402,#3426,#3443,#3474,#3498,#3522,#3539,#3570,#3594,
    #3618,#3635,#3659,#3683,#3700,#3724,#3748,#3765,#3796,#3820,#3844,
    #3861,#3892,#3916,#3940,#3957,#3988,#4012,#4036,#4053,#4065,#4077,
    #4089,#4101,#4113,#4125,#4137,#4149,#4161,#4173,#4185,#4197));
#17 = ADVANCED_FACE('',(#18),#54,.T.);
#18 = FACE_BOUND('',#19,.T.);
#19 = EDGE_LOOP('',(#20,#30,#39,#47));
#20 = ORIENTED_EDGE('',*,*,#21,.T.);
#21 = EDGE_CURVE('',#22,#24,#26,.T.);
#22 = VERTEX_POINT('',#23);
#23 = CARTESIAN_POINT('',(2.6,-2.4,1.));
#24 = VERTEX_POINT('',#25);
#25 = CARTESIAN_POINT('',(2.6,-2.4,16.4));
#26 = LINE('',#27,#28);
#27 = CARTESIAN_POINT('',(2.6,-2.4,0.));
#28 = VECTOR('',#29,1.);
#29 = DIRECTION('',(0.,0.,1.));
#30 = ORIENTED_EDGE('',*,*,#31,.F.);
#31 = EDGE_CURVE('',#32,#24,#34,.T.);
#32 = VERTEX_POINT('',#33);
#33 = CARTESIAN_POINT('',(-2.4,2.6,16.4));
#34 = CIRCLE('',#35,5.);
#35 = AXIS2_PLACEMENT_3D('',#36,#37,#38);
#36 = CARTESIAN_POINT('',(2.6,2.6,16.4));
#37 = DIRECTION('',(0.,0.,1.));
#38 = DIRECTION('',(1.,0.,0.));
#39 = ORIENTED_EDGE('',*,*,#40,.F.);
#40 = EDGE_CURVE('',#41,#32,#43,.T.);
#41 = VERTEX_POINT('',#42);
#42 = CARTESIAN_POINT('',(-2.4,2.6,1.));
#43 = LINE('',#44,#45);
#44 = CARTESIAN_POINT('',(-2.4,2.6,0.));
#45 = VECTOR('',#46,1.);
#46 = DIRECTION('',(0.,0.,1.));
#47 = ORIENTED_EDGE('',*,*,#48,.T.);
#48 = EDGE_CURVE('',#41,#22,#49,.T.);
#49 = CIRCLE('',#50,5.);
#50 = AXIS2_PLACEMENT_3D('',#51,#52,#53);
#51 = CARTESIAN_POINT('',(2.6,2.6,1.));
#52 = DIRECTION('',(0.,0.,1.));
#53 = DIRECTION('',(-1.,1.33226762955E-15,0.));
#54 = CYLINDRICAL_SURFACE('',#55,5.);
#55 = AXIS2_PLACEMENT_3D('',#56,#57,#58);
#56 = CARTESIAN_POINT('',(2.6,2.6,0.));
#57 = DIRECTION('',(0.,0.,1.));
#58 = DIRECTION('',(1.,0.,0.));
#59 = ADVANCED_FACE('',(#60,#85,#96),#130,.F.);
#60 = FACE_BOUND('',#61,.F.);
#61 = EDGE_LOOP('',(#62,#63,#71,#79));
#62 = ORIENTED_EDGE('',*,*,#21,.T.);
#63 = ORIENTED_EDGE('',*,*,#64,.T.);
#64 = EDGE_CURVE('',#24,#65,#67,.T.);
#65 = VERTEX_POINT('',#66);
#66 = CARTESIAN_POINT('',(61.4,-2.4,16.4));
#67 = LINE('',#68,#69);
#68 = CARTESIAN_POINT('',(2.6,-2.4,16.4));
#69 = VECTOR('',#70,1.);
#70 = DIRECTION('',(1.,0.,0.));
#71 = ORIENTED_EDGE('',*,*,#72,.F.);
#72 = EDGE_CURVE('',#73,#65,#75,.T.);
#73 = VERTEX_POINT('',#74);
#74 = CARTESIAN_POINT('',(61.4,-2.4,1.));
#75 = LINE('',#76,#77);
#76 = CARTESIAN_POINT('',(61.4,-2.4,0.));
#77 = VECTOR('',#78,1.);
#78 = DIRECTION('',(0.,0.,1.));
#79 = ORIENTED_EDGE('',*,*,#80,.F.);
#80 = EDGE_CURVE('',#22,#73,#81,.T.);
#81 = LINE('',#82,#83);
#82 = CARTESIAN_POINT('',(2.6,-2.4,1.));
#83 = VECTOR('',#84,1.);
#84 = DIRECTION('',(1.,0.,0.));
#85 = FACE_BOUND('',#86,.F.);
#86 = EDGE_LOOP('',(#87));
#87 = ORIENTED_EDGE('',*,*,#88,.F.);
#88 = EDGE_CURVE('',#89,#89,#91,.T.);
#89 = VERTEX_POINT('',#90);
#90 = CARTESIAN_POINT('',(14.3,-2.4,6.1));
#91 = CIRCLE('',#92,3.3);
#92 = AXIS2_PLACEMENT_3D('',#93,#94,#95);
#93 = CARTESIAN_POINT('',(11.,-2.4,6.1));
#94 = DIRECTION('',(-0.,1.,1.110223024625E-16));
#95 = DIRECTION('',(1.,0.,0.));
#96 = FACE_BOUND('',#97,.F.);
#97 = EDGE_LOOP('',(#98,#108,#116,#124));
#98 = ORIENTED_EDGE('',*,*,#99,.F.);
#99 = EDGE_CURVE('',#100,#102,#104,.T.);
#100 = VERTEX_POINT('',#101);
#101 = CARTESIAN_POINT('',(41.25,-2.4,6.4));
#102 = VERTEX_POINT('',#103);
#103 = CARTESIAN_POINT('',(50.75,-2.4,6.4));
#104 = LINE('',#105,#106);
#105 = CARTESIAN_POINT('',(21.925,-2.4,6.4));
#106 = VECTOR('',#107,1.);
#107 = DIRECTION('',(1.,0.,0.));
#108 = ORIENTED_EDGE('',*,*,#109,.T.);
#109 = EDGE_CURVE('',#100,#110,#112,.T.);
#110 = VERTEX_POINT('',#111);
#111 = CARTESIAN_POINT('',(41.25,-2.4,2.8));
#112 = LINE('',#113,#114);
#113 = CARTESIAN_POINT('',(41.25,-2.4,1.4));
#114 = VECTOR('',#115,1.);
#115 = DIRECTION('',(0.,0.,-1.));
#116 = ORIENTED_EDGE('',*,*,#117,.T.);
#117 = EDGE_CURVE('',#110,#118,#120,.T.);
#118 = VERTEX_POINT('',#119);
#119 = CARTESIAN_POINT('',(50.75,-2.4,2.8));
#120 = LINE('',#121,#122);
#121 = CARTESIAN_POINT('',(21.925,-2.4,2.8));
#122 = VECTOR('',#123,1.);
#123 = DIRECTION('',(1.,0.,0.));
#124 = ORIENTED_EDGE('',*,*,#125,.F.);
#125 = EDGE_CURVE('',#102,#118,#126,.T.);
#126 = LINE('',#127,#128);
#127 = CARTESIAN_POINT('',(50.75,-2.4,1.4));
#128 = VECTOR('',#129,1.);
#129 = DIRECTION('',(0.,0.,-1.));
#130 = PLANE('',#131);
#131 = AXIS2_PLACEMENT_3D('',#132,#133,#134);
#132 = CARTESIAN_POINT('',(2.6,-2.4,0.));
#133 = DIRECTION('',(0.,1.,0.));
#134 = DIRECTION('',(0.,0.,1.));
#135 = ADVANCED_FACE('',(#136),#164,.T.);
#136 = FACE_BOUND('',#137,.F.);
#137 = EDGE_LOOP('',(#138,#147,#148,#157));
#138 = ORIENTED_EDGE('',*,*,#139,.F.);
#139 = EDGE_CURVE('',#41,#140,#142,.T.);
#140 = VERTEX_POINT('',#141);
#141 = CARTESIAN_POINT('',(-1.4,2.6,0.));
#142 = CIRCLE('',#143,1.);
#143 = AXIS2_PLACEMENT_3D('',#144,#145,#146);
#144 = CARTESIAN_POINT('',(-1.4,2.6,1.));
#145 = DIRECTION('',(-1.33226762955E-15,-1.,-0.));
#146 = DIRECTION('',(-1.,1.33226762955E-15,0.));
#147 = ORIENTED_EDGE('',*,*,#48,.T.);
#148 = ORIENTED_EDGE('',*,*,#149,.T.);
#149 = EDGE_CURVE('',#22,#150,#152,.T.);
#150 = VERTEX_POINT('',#151);
#151 = CARTESIAN_POINT('',(2.6,-1.4,0.));
#152 = CIRCLE('',#153,1.);
#153 = AXIS2_PLACEMENT_3D('',#154,#155,#156);
#154 = CARTESIAN_POINT('',(2.6,-1.4,1.));
#155 = DIRECTION('',(1.,-1.393499969508E-15,0.));
#156 = DIRECTION('',(-1.393499969508E-15,-1.,0.));
#157 = ORIENTED_EDGE('',*,*,#158,.F.);
#158 = EDGE_CURVE('',#140,#150,#159,.T.);
#159 = CIRCLE('',#160,4.);
#160 = AXIS2_PLACEMENT_3D('',#161,#162,#163);
#161 = CARTESIAN_POINT('',(2.6,2.6,0.));
#162 = DIRECTION('',(0.,0.,1.));
#163 = DIRECTION('',(-1.,1.33226762955E-15,0.));
#164 = TOROIDAL_SURFACE('',#165,4.,1.);
#165 = AXIS2_PLACEMENT_3D('',#166,#167,#168);
#166 = CARTESIAN_POINT('',(2.6,2.6,1.));
#167 = DIRECTION('',(0.,0.,-1.));
#168 = DIRECTION('',(-1.,1.33226762955E-15,0.));
#169 = ADVANCED_FACE('',(#170,#223),#293,.T.);
#170 = FACE_BOUND('',#171,.T.);
#171 = EDGE_LOOP('',(#172,#173,#174,#183,#191,#200,#208,#217));
#172 = ORIENTED_EDGE('',*,*,#31,.T.);
#173 = ORIENTED_EDGE('',*,*,#64,.T.);
#174 = ORIENTED_EDGE('',*,*,#175,.T.);
#175 = EDGE_CURVE('',#65,#176,#178,.T.);
#176 = VERTEX_POINT('',#177);
#177 = CARTESIAN_POINT('',(66.4,2.6,16.4));
#178 = CIRCLE('',#179,5.);
#179 = AXIS2_PLACEMENT_3D('',#180,#181,#182);
#180 = CARTESIAN_POINT('',(61.4,2.6,16.4));
#181 = DIRECTION('',(0.,0.,1.));
#182 = DIRECTION('',(1.,0.,0.));
#183 = ORIENTED_EDGE('',*,*,#184,.T.);
#184 = EDGE_CURVE('',#176,#185,#187,.T.);
#185 = VERTEX_POINT('',#186);
#186 = CARTESIAN_POINT('',(66.4,148.6,16.4));
#187 = LINE('',#188,#189);
#188 = CARTESIAN_POINT('',(66.4,2.6,16.4));
#189 = VECTOR('',#190,1.);
#190 = DIRECTION('',(0.,1.,0.));
#191 = ORIENTED_EDGE('',*,*,#192,.T.);
#192 = EDGE_CURVE('',#185,#193,#195,.T.);
#193 = VERTEX_POINT('',#194);
#194 = CARTESIAN_POINT('',(61.4,153.6,16.4));
#195 = CIRCLE('',#196,5.);
#196 = AXIS2_PLACEMENT_3D('',#197,#198,#199);
#197 = CARTESIAN_POINT('',(61.4,148.6,16.4));
#198 = DIRECTION('',(0.,0.,1.));
#199 = DIRECTION('',(1.,0.,0.));
#200 = ORIENTED_EDGE('',*,*,#201,.F.);
#201 = EDGE_CURVE('',#202,#193,#204,.T.);
#202 = VERTEX_POINT('',#203);
#203 = CARTESIAN_POINT('',(2.6,153.6,16.4));
#204 = LINE('',#205,#206);
#205 = CARTESIAN_POINT('',(2.6,153.6,16.4));
#206 = VECTOR('',#207,1.);
#207 = DIRECTION('',(1.,0.,0.));
#208 = ORIENTED_EDGE('',*,*,#209,.T.);
#209 = EDGE_CURVE('',#202,#210,#212,.T.);
#210 = VERTEX_POINT('',#211);
#211 = CARTESIAN_POINT('',(-2.4,148.6,16.4));
#212 = CIRCLE('',#213,5.);
#213 = AXIS2_PLACEMENT_3D('',#214,#215,#216);
#214 = CARTESIAN_POINT('',(2.6,148.6,16.4));
#215 = DIRECTION('',(0.,0.,1.));
#216 = DIRECTION('',(1.,0.,0.));
#217 = ORIENTED_EDGE('',*,*,#218,.F.);
#218 = EDGE_CURVE('',#32,#210,#219,.T.);
#219 = LINE('',#220,#221);
#220 = CARTESIAN_POINT('',(-2.4,2.6,16.4));
#221 = VECTOR('',#222,1.);
#222 = DIRECTION('',(0.,1.,0.));
#223 = FACE_BOUND('',#224,.T.);
#224 = EDGE_LOOP('',(#225,#236,#244,#253,#261,#270,#278,#287));
#225 = ORIENTED_EDGE('',*,*,#226,.F.);
#226 = EDGE_CURVE('',#227,#229,#231,.T.);
#227 = VERTEX_POINT('',#228);
#228 = CARTESIAN_POINT('',(0.,2.6,16.4));
#229 = VERTEX_POINT('',#230);
#230 = CARTESIAN_POINT('',(2.6,0.,16.4));
#231 = CIRCLE('',#232,2.6);
#232 = AXIS2_PLACEMENT_3D('',#233,#234,#235);
#233 = CARTESIAN_POINT('',(2.6,2.6,16.4));
#234 = DIRECTION('',(0.,0.,1.));
#235 = DIRECTION('',(1.,0.,0.));
#236 = ORIENTED_EDGE('',*,*,#237,.T.);
#237 = EDGE_CURVE('',#227,#238,#240,.T.);
#238 = VERTEX_POINT('',#239);
#239 = CARTESIAN_POINT('',(0.,148.6,16.4));
#240 = LINE('',#241,#242);
#241 = CARTESIAN_POINT('',(0.,39.1,16.4));
#242 = VECTOR('',#243,1.);
#243 = DIRECTION('',(0.,1.,0.));
#244 = ORIENTED_EDGE('',*,*,#245,.F.);
#245 = EDGE_CURVE('',#246,#238,#248,.T.);
#246 = VERTEX_POINT('',#247);
#247 = CARTESIAN_POINT('',(2.6,151.2,16.4));
#248 = CIRCLE('',#249,2.6);
#249 = AXIS2_PLACEMENT_3D('',#250,#251,#252);
#250 = CARTESIAN_POINT('',(2.6,148.6,16.4));
#251 = DIRECTION('',(0.,0.,1.));
#252 = DIRECTION('',(1.,0.,0.));
#253 = ORIENTED_EDGE('',*,*,#254,.F.);
#254 = EDGE_CURVE('',#255,#246,#257,.T.);
#255 = VERTEX_POINT('',#256);
#256 = CARTESIAN_POINT('',(61.4,151.2,16.4));
#257 = LINE('',#258,#259);
#258 = CARTESIAN_POINT('',(17.3,151.2,16.4));
#259 = VECTOR('',#260,1.);
#260 = DIRECTION('',(-1.,0.,0.));
#261 = ORIENTED_EDGE('',*,*,#262,.F.);
#262 = EDGE_CURVE('',#263,#255,#265,.T.);
#263 = VERTEX_POINT('',#264);
#264 = CARTESIAN_POINT('',(64.,148.6,16.4));
#265 = CIRCLE('',#266,2.6);
#266 = AXIS2_PLACEMENT_3D('',#267,#268,#269);
#267 = CARTESIAN_POINT('',(61.4,148.6,16.4));
#268 = DIRECTION('',(0.,0.,1.));
#269 = DIRECTION('',(1.,0.,0.));
#270 = ORIENTED_EDGE('',*,*,#271,.F.);
#271 = EDGE_CURVE('',#272,#263,#274,.T.);
#272 = VERTEX_POINT('',#273);
#273 = CARTESIAN_POINT('',(64.,2.6,16.4));
#274 = LINE('',#275,#276);
#275 = CARTESIAN_POINT('',(64.,39.1,16.4));
#276 = VECTOR('',#277,1.);
#277 = DIRECTION('',(0.,1.,0.));
#278 = ORIENTED_EDGE('',*,*,#279,.F.);
#279 = EDGE_CURVE('',#280,#272,#282,.T.);
#280 = VERTEX_POINT('',#281);
#281 = CARTESIAN_POINT('',(61.4,0.,16.4));
#282 = CIRCLE('',#283,2.6);
#283 = AXIS2_PLACEMENT_3D('',#284,#285,#286);
#284 = CARTESIAN_POINT('',(61.4,2.6,16.4));
#285 = DIRECTION('',(0.,0.,1.));
#286 = DIRECTION('',(1.,0.,0.));
#287 = ORIENTED_EDGE('',*,*,#288,.T.);
#288 = EDGE_CURVE('',#280,#229,#289,.T.);
#289 = LINE('',#290,#291);
#290 = CARTESIAN_POINT('',(17.3,0.,16.4));
#291 = VECTOR('',#292,1.);
#292 = DIRECTION('',(-1.,0.,0.));
#293 = PLANE('',#294);
#294 = AXIS2_PLACEMENT_3D('',#295,#296,#297);
#295 = CARTESIAN_POINT('',(32.,75.6,16.4));
#296 = DIRECTION('',(0.,0.,1.));
#297 = DIRECTION('',(1.,0.,0.));
#298 = ADVANCED_FACE('',(#299,#317),#351,.F.);
#299 = FACE_BOUND('',#300,.F.);
#300 = EDGE_LOOP('',(#301,#302,#310,#316));
#301 = ORIENTED_EDGE('',*,*,#40,.F.);
#302 = ORIENTED_EDGE('',*,*,#303,.F.);
#303 = EDGE_CURVE('',#304,#41,#306,.T.);
#304 = VERTEX_POINT('',#305);
#305 = CARTESIAN_POINT('',(-2.4,148.6,1.));
#306 = LINE('',#307,#308);
#307 = CARTESIAN_POINT('',(-2.4,148.6,1.));
#308 = VECTOR('',#309,1.);
#309 = DIRECTION('',(0.,-1.,0.));
#310 = ORIENTED_EDGE('',*,*,#311,.T.);
#311 = EDGE_CURVE('',#304,#210,#312,.T.);
#312 = LINE('',#313,#314);
#313 = CARTESIAN_POINT('',(-2.4,148.6,0.));
#314 = VECTOR('',#315,1.);
#315 = DIRECTION('',(0.,0.,1.));
#316 = ORIENTED_EDGE('',*,*,#218,.F.);
#317 = FACE_BOUND('',#318,.F.);
#318 = EDGE_LOOP('',(#319,#329,#337,#345));
#319 = ORIENTED_EDGE('',*,*,#320,.T.);
#320 = EDGE_CURVE('',#321,#323,#325,.T.);
#321 = VERTEX_POINT('',#322);
#322 = CARTESIAN_POINT('',(-2.4,143.25,1.65));
#323 = VERTEX_POINT('',#324);
#324 = CARTESIAN_POINT('',(-2.4,136.75,1.65));
#325 = LINE('',#326,#327);
#326 = CARTESIAN_POINT('',(-2.4,69.675,1.65));
#327 = VECTOR('',#328,1.);
#328 = DIRECTION('',(0.,-1.,0.));
#329 = ORIENTED_EDGE('',*,*,#330,.T.);
#330 = EDGE_CURVE('',#323,#331,#333,.T.);
#331 = VERTEX_POINT('',#332);
#332 = CARTESIAN_POINT('',(-2.4,136.75,8.15));
#333 = LINE('',#334,#335);
#334 = CARTESIAN_POINT('',(-2.4,136.75,0.825));
#335 = VECTOR('',#336,1.);
#336 = DIRECTION('',(0.,0.,1.));
#337 = ORIENTED_EDGE('',*,*,#338,.F.);
#338 = EDGE_CURVE('',#339,#331,#341,.T.);
#339 = VERTEX_POINT('',#340);
#340 = CARTESIAN_POINT('',(-2.4,143.25,8.15));
#341 = LINE('',#342,#343);
#342 = CARTESIAN_POINT('',(-2.4,69.675,8.15));
#343 = VECTOR('',#344,1.);
#344 = DIRECTION('',(0.,-1.,0.));
#345 = ORIENTED_EDGE('',*,*,#346,.F.);
#346 = EDGE_CURVE('',#321,#339,#347,.T.);
#347 = LINE('',#348,#349);
#348 = CARTESIAN_POINT('',(-2.4,143.25,0.825));
#349 = VECTOR('',#350,1.);
#350 = DIRECTION('',(0.,0.,1.));
#351 = PLANE('',#352);
#352 = AXIS2_PLACEMENT_3D('',#353,#354,#355);
#353 = CARTESIAN_POINT('',(-2.4,2.6,0.));
#354 = DIRECTION('',(1.,0.,0.));
#355 = DIRECTION('',(0.,0.,1.));
#356 = ADVANCED_FACE('',(#357),#376,.T.);
#357 = FACE_BOUND('',#358,.T.);
#358 = EDGE_LOOP('',(#359,#360,#368,#375));
#359 = ORIENTED_EDGE('',*,*,#149,.T.);
#360 = ORIENTED_EDGE('',*,*,#361,.T.);
#361 = EDGE_CURVE('',#150,#362,#364,.T.);
#362 = VERTEX_POINT('',#363);
#363 = CARTESIAN_POINT('',(61.4,-1.4,-2.22044604925E-16));
#364 = LINE('',#365,#366);
#365 = CARTESIAN_POINT('',(2.6,-1.4,-2.22044604925E-16));
#366 = VECTOR('',#367,1.);
#367 = DIRECTION('',(1.,0.,0.));
#368 = ORIENTED_EDGE('',*,*,#369,.F.);
#369 = EDGE_CURVE('',#73,#362,#370,.T.);
#370 = CIRCLE('',#371,1.);
#371 = AXIS2_PLACEMENT_3D('',#372,#373,#374);
#372 = CARTESIAN_POINT('',(61.4,-1.4,1.));
#373 = DIRECTION('',(1.,0.,0.));
#374 = DIRECTION('',(0.,-1.,0.));
#375 = ORIENTED_EDGE('',*,*,#80,.F.);
#376 = CYLINDRICAL_SURFACE('',#377,1.);
#377 = AXIS2_PLACEMENT_3D('',#378,#379,#380);
#378 = CARTESIAN_POINT('',(2.6,-1.4,1.));
#379 = DIRECTION('',(1.,0.,0.));
#380 = DIRECTION('',(0.,-1.,0.));
#381 = ADVANCED_FACE('',(#382),#401,.T.);
#382 = FACE_BOUND('',#383,.T.);
#383 = EDGE_LOOP('',(#384,#392,#393,#394));
#384 = ORIENTED_EDGE('',*,*,#385,.T.);
#385 = EDGE_CURVE('',#386,#176,#388,.T.);
#386 = VERTEX_POINT('',#387);
#387 = CARTESIAN_POINT('',(66.4,2.6,1.));
#388 = LINE('',#389,#390);
#389 = CARTESIAN_POINT('',(66.4,2.6,0.));
#390 = VECTOR('',#391,1.);
#391 = DIRECTION('',(0.,0.,1.));
#392 = ORIENTED_EDGE('',*,*,#175,.F.);
#393 = ORIENTED_EDGE('',*,*,#72,.F.);
#394 = ORIENTED_EDGE('',*,*,#395,.T.);
#395 = EDGE_CURVE('',#73,#386,#396,.T.);
#396 = CIRCLE('',#397,5.);
#397 = AXIS2_PLACEMENT_3D('',#398,#399,#400);
#398 = CARTESIAN_POINT('',(61.4,2.6,1.));
#399 = DIRECTION('',(-0.,0.,1.));
#400 = DIRECTION('',(0.,-1.,0.));
#401 = CYLINDRICAL_SURFACE('',#402,5.);
#402 = AXIS2_PLACEMENT_3D('',#403,#404,#405);
#403 = CARTESIAN_POINT('',(61.4,2.6,0.));
#404 = DIRECTION('',(0.,0.,1.));
#405 = DIRECTION('',(1.,0.,0.));
#406 = ADVANCED_FACE('',(#407),#426,.F.);
#407 = FACE_BOUND('',#408,.F.);
#408 = EDGE_LOOP('',(#409,#418,#424,#425));
#409 = ORIENTED_EDGE('',*,*,#410,.F.);
#410 = EDGE_CURVE('',#411,#411,#413,.T.);
#411 = VERTEX_POINT('',#412);
#412 = CARTESIAN_POINT('',(14.3,0.,6.1));
#413 = CIRCLE('',#414,3.3);
#414 = AXIS2_PLACEMENT_3D('',#415,#416,#417);
#415 = CARTESIAN_POINT('',(11.,0.,6.1));
#416 = DIRECTION('',(-0.,1.,1.110223024625E-16));
#417 = DIRECTION('',(1.,0.,0.));
#418 = ORIENTED_EDGE('',*,*,#419,.F.);
#419 = EDGE_CURVE('',#89,#411,#420,.T.);
#420 = LINE('',#421,#422);
#421 = CARTESIAN_POINT('',(14.3,-4.4,6.1));
#422 = VECTOR('',#423,1.);
#423 = DIRECTION('',(0.,1.,1.110223024625E-16));
#424 = ORIENTED_EDGE('',*,*,#88,.T.);
#425 = ORIENTED_EDGE('',*,*,#419,.T.);
#426 = CYLINDRICAL_SURFACE('',#427,3.3);
#427 = AXIS2_PLACEMENT_3D('',#428,#429,#430);
#428 = CARTESIAN_POINT('',(11.,-4.4,6.1));
#429 = DIRECTION('',(0.,1.,1.110223024625E-16));
#430 = DIRECTION('',(1.,0.,0.));
#431 = ADVANCED_FACE('',(#432),#457,.F.);
#432 = FACE_BOUND('',#433,.F.);
#433 = EDGE_LOOP('',(#434,#442,#443,#451));
#434 = ORIENTED_EDGE('',*,*,#435,.F.);
#435 = EDGE_CURVE('',#100,#436,#438,.T.);
#436 = VERTEX_POINT('',#437);
#437 = CARTESIAN_POINT('',(41.25,0.,6.4));
#438 = LINE('',#439,#440);
#439 = CARTESIAN_POINT('',(41.25,-4.4,6.4));
#440 = VECTOR('',#441,1.);
#441 = DIRECTION('',(0.,1.,0.));
#442 = ORIENTED_EDGE('',*,*,#99,.T.);
#443 = ORIENTED_EDGE('',*,*,#444,.T.);
#444 = EDGE_CURVE('',#102,#445,#447,.T.);
#445 = VERTEX_POINT('',#446);
#446 = CARTESIAN_POINT('',(50.75,0.,6.4));
#447 = LINE('',#448,#449);
#448 = CARTESIAN_POINT('',(50.75,-4.4,6.4));
#449 = VECTOR('',#450,1.);
#450 = DIRECTION('',(0.,1.,0.));
#451 = ORIENTED_EDGE('',*,*,#452,.F.);
#452 = EDGE_CURVE('',#436,#445,#453,.T.);
#453 = LINE('',#454,#455);
#454 = CARTESIAN_POINT('',(21.925,0.,6.4));
#455 = VECTOR('',#456,1.);
#456 = DIRECTION('',(1.,0.,0.));
#457 = PLANE('',#458);
#458 = AXIS2_PLACEMENT_3D('',#459,#460,#461);
#459 = CARTESIAN_POINT('',(41.25,-4.4,6.4));
#460 = DIRECTION('',(0.,0.,1.));
#461 = DIRECTION('',(1.,0.,0.));
#462 = ADVANCED_FACE('',(#463),#481,.F.);
#463 = FACE_BOUND('',#464,.F.);
#464 = EDGE_LOOP('',(#465,#466,#467,#475));
#465 = ORIENTED_EDGE('',*,*,#444,.F.);
#466 = ORIENTED_EDGE('',*,*,#125,.T.);
#467 = ORIENTED_EDGE('',*,*,#468,.T.);
#468 = EDGE_CURVE('',#118,#469,#471,.T.);
#469 = VERTEX_POINT('',#470);
#470 = CARTESIAN_POINT('',(50.75,0.,2.8));
#471 = LINE('',#472,#473);
#472 = CARTESIAN_POINT('',(50.75,-4.4,2.8));
#473 = VECTOR('',#474,1.);
#474 = DIRECTION('',(0.,1.,0.));
#475 = ORIENTED_EDGE('',*,*,#476,.F.);
#476 = EDGE_CURVE('',#445,#469,#477,.T.);
#477 = LINE('',#478,#479);
#478 = CARTESIAN_POINT('',(50.75,0.,2.1));
#479 = VECTOR('',#480,1.);
#480 = DIRECTION('',(0.,0.,-1.));
#481 = PLANE('',#482);
#482 = AXIS2_PLACEMENT_3D('',#483,#484,#485);
#483 = CARTESIAN_POINT('',(50.75,-4.4,2.8));
#484 = DIRECTION('',(1.,0.,0.));
#485 = DIRECTION('',(0.,0.,1.));
#486 = ADVANCED_FACE('',(#487),#505,.T.);
#487 = FACE_BOUND('',#488,.T.);
#488 = EDGE_LOOP('',(#489,#497,#498,#499));
#489 = ORIENTED_EDGE('',*,*,#490,.F.);
#490 = EDGE_CURVE('',#110,#491,#493,.T.);
#491 = VERTEX_POINT('',#492);
#492 = CARTESIAN_POINT('',(41.25,0.,2.8));
#493 = LINE('',#494,#495);
#494 = CARTESIAN_POINT('',(41.25,-4.4,2.8));
#495 = VECTOR('',#496,1.);
#496 = DIRECTION('',(0.,1.,0.));
#497 = ORIENTED_EDGE('',*,*,#117,.T.);
#498 = ORIENTED_EDGE('',*,*,#468,.T.);
#499 = ORIENTED_EDGE('',*,*,#500,.F.);
#500 = EDGE_CURVE('',#491,#469,#501,.T.);
#501 = LINE('',#502,#503);
#502 = CARTESIAN_POINT('',(21.925,0.,2.8));
#503 = VECTOR('',#504,1.);
#504 = DIRECTION('',(1.,0.,0.));
#505 = PLANE('',#506);
#506 = AXIS2_PLACEMENT_3D('',#507,#508,#509);
#507 = CARTESIAN_POINT('',(41.25,-4.4,2.8));
#508 = DIRECTION('',(0.,0.,1.));
#509 = DIRECTION('',(1.,0.,0.));
#510 = ADVANCED_FACE('',(#511),#522,.T.);
#511 = FACE_BOUND('',#512,.T.);
#512 = EDGE_LOOP('',(#513,#514,#515,#516));
#513 = ORIENTED_EDGE('',*,*,#435,.F.);
#514 = ORIENTED_EDGE('',*,*,#109,.T.);
#515 = ORIENTED_EDGE('',*,*,#490,.T.);
#516 = ORIENTED_EDGE('',*,*,#517,.F.);
#517 = EDGE_CURVE('',#436,#491,#518,.T.);
#518 = LINE('',#519,#520);
#519 = CARTESIAN_POINT('',(41.25,0.,2.1));
#520 = VECTOR('',#521,1.);
#521 = DIRECTION('',(0.,0.,-1.));
#522 = PLANE('',#523);
#523 = AXIS2_PLACEMENT_3D('',#524,#525,#526);
#524 = CARTESIAN_POINT('',(41.25,-4.4,2.8));
#525 = DIRECTION('',(1.,0.,0.));
#526 = DIRECTION('',(0.,0.,1.));
#527 = ADVANCED_FACE('',(#528),#547,.T.);
#528 = FACE_BOUND('',#529,.T.);
#529 = EDGE_LOOP('',(#530,#539,#545,#546));
#530 = ORIENTED_EDGE('',*,*,#531,.T.);
#531 = EDGE_CURVE('',#304,#532,#534,.T.);
#532 = VERTEX_POINT('',#533);
#533 = CARTESIAN_POINT('',(-1.4,148.6,0.));
#534 = CIRCLE('',#535,1.);
#535 = AXIS2_PLACEMENT_3D('',#536,#537,#538);
#536 = CARTESIAN_POINT('',(-1.4,148.6,1.));
#537 = DIRECTION('',(2.052211859527E-16,-1.,0.));
#538 = DIRECTION('',(-1.,-2.052211859527E-16,0.));
#539 = ORIENTED_EDGE('',*,*,#540,.T.);
#540 = EDGE_CURVE('',#532,#140,#541,.T.);
#541 = LINE('',#542,#543);
#542 = CARTESIAN_POINT('',(-1.4,148.6,-2.22044604925E-16));
#543 = VECTOR('',#544,1.);
#544 = DIRECTION('',(0.,-1.,0.));
#545 = ORIENTED_EDGE('',*,*,#139,.F.);
#546 = ORIENTED_EDGE('',*,*,#303,.F.);
#547 = CYLINDRICAL_SURFACE('',#548,1.);
#548 = AXIS2_PLACEMENT_3D('',#549,#550,#551);
#549 = CARTESIAN_POINT('',(-1.4,148.6,1.));
#550 = DIRECTION('',(0.,-1.,0.));
#551 = DIRECTION('',(-1.,0.,0.));
#552 = ADVANCED_FACE('',(#553,#599,#644,#689,#734,#779,#824,#869),#914,
  .T.);
#553 = FACE_BOUND('',#554,.T.);
#554 = EDGE_LOOP('',(#555,#556,#557,#566,#574,#583,#591,#598));
#555 = ORIENTED_EDGE('',*,*,#158,.F.);
#556 = ORIENTED_EDGE('',*,*,#540,.F.);
#557 = ORIENTED_EDGE('',*,*,#558,.F.);
#558 = EDGE_CURVE('',#559,#532,#561,.T.);
#559 = VERTEX_POINT('',#560);
#560 = CARTESIAN_POINT('',(2.6,152.6,-2.22044604925E-16));
#561 = CIRCLE('',#562,4.);
#562 = AXIS2_PLACEMENT_3D('',#563,#564,#565);
#563 = CARTESIAN_POINT('',(2.6,148.6,0.));
#564 = DIRECTION('',(0.,0.,1.));
#565 = DIRECTION('',(-2.6645352591E-16,1.,0.));
#566 = ORIENTED_EDGE('',*,*,#567,.F.);
#567 = EDGE_CURVE('',#568,#559,#570,.T.);
#568 = VERTEX_POINT('',#569);
#569 = CARTESIAN_POINT('',(61.4,152.6,0.));
#570 = LINE('',#571,#572);
#571 = CARTESIAN_POINT('',(61.4,152.6,-2.22044604925E-16));
#572 = VECTOR('',#573,1.);
#573 = DIRECTION('',(-1.,0.,0.));
#574 = ORIENTED_EDGE('',*,*,#575,.F.);
#575 = EDGE_CURVE('',#576,#568,#578,.T.);
#576 = VERTEX_POINT('',#577);
#577 = CARTESIAN_POINT('',(65.4,148.6,-2.22044604925E-16));
#578 = CIRCLE('',#579,4.);
#579 = AXIS2_PLACEMENT_3D('',#580,#581,#582);
#580 = CARTESIAN_POINT('',(61.4,148.6,0.));
#581 = DIRECTION('',(0.,0.,1.));
#582 = DIRECTION('',(1.,0.,0.));
#583 = ORIENTED_EDGE('',*,*,#584,.F.);
#584 = EDGE_CURVE('',#585,#576,#587,.T.);
#585 = VERTEX_POINT('',#586);
#586 = CARTESIAN_POINT('',(65.4,2.6,0.));
#587 = LINE('',#588,#589);
#588 = CARTESIAN_POINT('',(65.4,2.6,-2.22044604925E-16));
#589 = VECTOR('',#590,1.);
#590 = DIRECTION('',(0.,1.,0.));
#591 = ORIENTED_EDGE('',*,*,#592,.F.);
#592 = EDGE_CURVE('',#362,#585,#593,.T.);
#593 = CIRCLE('',#594,4.);
#594 = AXIS2_PLACEMENT_3D('',#595,#596,#597);
#595 = CARTESIAN_POINT('',(61.4,2.6,0.));
#596 = DIRECTION('',(-0.,0.,1.));
#597 = DIRECTION('',(0.,-1.,0.));
#598 = ORIENTED_EDGE('',*,*,#361,.F.);
#599 = FACE_BOUND('',#600,.T.);
#600 = EDGE_LOOP('',(#601,#611,#620,#628,#637));
#601 = ORIENTED_EDGE('',*,*,#602,.F.);
#602 = EDGE_CURVE('',#603,#605,#607,.T.);
#603 = VERTEX_POINT('',#604);
#604 = CARTESIAN_POINT('',(40.840223328156,125.7,0.));
#605 = VERTEX_POINT('',#606);
#606 = CARTESIAN_POINT('',(55.159776671844,125.7,0.));
#607 = LINE('',#608,#609);
#608 = CARTESIAN_POINT('',(36.420111664078,125.7,0.));
#609 = VECTOR('',#610,1.);
#610 = DIRECTION('',(1.,0.,0.));
#611 = ORIENTED_EDGE('',*,*,#612,.T.);
#612 = EDGE_CURVE('',#603,#613,#615,.T.);
#613 = VERTEX_POINT('',#614);
#614 = CARTESIAN_POINT('',(40.840223328156,123.9,0.));
#615 = CIRCLE('',#616,0.9);
#616 = AXIS2_PLACEMENT_3D('',#617,#618,#619);
#617 = CARTESIAN_POINT('',(40.840223328156,124.8,0.));
#618 = DIRECTION('',(0.,0.,1.));
#619 = DIRECTION('',(1.,0.,0.));
#620 = ORIENTED_EDGE('',*,*,#621,.T.);
#621 = EDGE_CURVE('',#613,#622,#624,.T.);
#622 = VERTEX_POINT('',#623);
#623 = CARTESIAN_POINT('',(55.159776671844,123.9,0.));
#624 = LINE('',#625,#626);
#625 = CARTESIAN_POINT('',(36.420111664078,123.9,0.));
#626 = VECTOR('',#627,1.);
#627 = DIRECTION('',(1.,0.,0.));
#628 = ORIENTED_EDGE('',*,*,#629,.T.);
#629 = EDGE_CURVE('',#622,#630,#632,.T.);
#630 = VERTEX_POINT('',#631);
#631 = CARTESIAN_POINT('',(56.059776671844,124.8,0.));
#632 = CIRCLE('',#633,0.9);
#633 = AXIS2_PLACEMENT_3D('',#634,#635,#636);
#634 = CARTESIAN_POINT('',(55.159776671844,124.8,0.));
#635 = DIRECTION('',(0.,0.,1.));
#636 = DIRECTION('',(1.,0.,0.));
#637 = ORIENTED_EDGE('',*,*,#638,.T.);
#638 = EDGE_CURVE('',#630,#605,#639,.T.);
#639 = CIRCLE('',#640,0.9);
#640 = AXIS2_PLACEMENT_3D('',#641,#642,#643);
#641 = CARTESIAN_POINT('',(55.159776671844,124.8,0.));
#642 = DIRECTION('',(0.,0.,1.));
#643 = DIRECTION('',(1.,0.,0.));
#644 = FACE_BOUND('',#645,.T.);
#645 = EDGE_LOOP('',(#646,#656,#665,#673,#682));
#646 = ORIENTED_EDGE('',*,*,#647,.F.);
#647 = EDGE_CURVE('',#648,#650,#652,.T.);
#648 = VERTEX_POINT('',#649);
#649 = CARTESIAN_POINT('',(37.820288812428,129.1,0.));
#650 = VERTEX_POINT('',#651);
#651 = CARTESIAN_POINT('',(58.179711187572,129.1,0.));
#652 = LINE('',#653,#654);
#653 = CARTESIAN_POINT('',(34.910144406214,129.1,0.));
#654 = VECTOR('',#655,1.);
#655 = DIRECTION('',(1.,0.,0.));
#656 = ORIENTED_EDGE('',*,*,#657,.T.);
#657 = EDGE_CURVE('',#648,#658,#660,.T.);
#658 = VERTEX_POINT('',#659);
#659 = CARTESIAN_POINT('',(37.820288812428,127.3,0.));
#660 = CIRCLE('',#661,0.9);
#661 = AXIS2_PLACEMENT_3D('',#662,#663,#664);
#662 = CARTESIAN_POINT('',(37.820288812428,128.2,0.));
#663 = DIRECTION('',(0.,0.,1.));
#664 = DIRECTION('',(1.,0.,0.));
#665 = ORIENTED_EDGE('',*,*,#666,.T.);
#666 = EDGE_CURVE('',#658,#667,#669,.T.);
#667 = VERTEX_POINT('',#668);
#668 = CARTESIAN_POINT('',(58.179711187572,127.3,0.));
#669 = LINE('',#670,#671);
#670 = CARTESIAN_POINT('',(34.910144406214,127.3,0.));
#671 = VECTOR('',#672,1.);
#672 = DIRECTION('',(1.,0.,0.));
#673 = ORIENTED_EDGE('',*,*,#674,.T.);
#674 = EDGE_CURVE('',#667,#675,#677,.T.);
#675 = VERTEX_POINT('',#676);
#676 = CARTESIAN_POINT('',(59.079711187572,128.2,0.));
#677 = CIRCLE('',#678,0.9);
#678 = AXIS2_PLACEMENT_3D('',#679,#680,#681);
#679 = CARTESIAN_POINT('',(58.179711187572,128.2,0.));
#680 = DIRECTION('',(0.,0.,1.));
#681 = DIRECTION('',(1.,0.,0.));
#682 = ORIENTED_EDGE('',*,*,#683,.T.);
#683 = EDGE_CURVE('',#675,#650,#684,.T.);
#684 = CIRCLE('',#685,0.9);
#685 = AXIS2_PLACEMENT_3D('',#686,#687,#688);
#686 = CARTESIAN_POINT('',(58.179711187572,128.2,0.));
#687 = DIRECTION('',(0.,0.,1.));
#688 = DIRECTION('',(1.,0.,0.));
#689 = FACE_BOUND('',#690,.T.);
#690 = EDGE_LOOP('',(#691,#701,#710,#718,#727));
#691 = ORIENTED_EDGE('',*,*,#692,.F.);
#692 = EDGE_CURVE('',#693,#695,#697,.T.);
#693 = VERTEX_POINT('',#694);
#694 = CARTESIAN_POINT('',(36.352490286914,132.5,0.));
#695 = VERTEX_POINT('',#696);
#696 = CARTESIAN_POINT('',(59.647509713086,132.5,0.));
#697 = LINE('',#698,#699);
#698 = CARTESIAN_POINT('',(34.176245143457,132.5,0.));
#699 = VECTOR('',#700,1.);
#700 = DIRECTION('',(1.,0.,0.));
#701 = ORIENTED_EDGE('',*,*,#702,.T.);
#702 = EDGE_CURVE('',#693,#703,#705,.T.);
#703 = VERTEX_POINT('',#704);
#704 = CARTESIAN_POINT('',(36.352490286914,130.7,0.));
#705 = CIRCLE('',#706,0.9);
#706 = AXIS2_PLACEMENT_3D('',#707,#708,#709);
#707 = CARTESIAN_POINT('',(36.352490286914,131.6,0.));
#708 = DIRECTION('',(0.,0.,1.));
#709 = DIRECTION('',(1.,0.,0.));
#710 = ORIENTED_EDGE('',*,*,#711,.T.);
#711 = EDGE_CURVE('',#703,#712,#714,.T.);
#712 = VERTEX_POINT('',#713);
#713 = CARTESIAN_POINT('',(59.647509713086,130.7,0.));
#714 = LINE('',#715,#716);
#715 = CARTESIAN_POINT('',(34.176245143457,130.7,0.));
#716 = VECTOR('',#717,1.);
#717 = DIRECTION('',(1.,0.,0.));
#718 = ORIENTED_EDGE('',*,*,#719,.T.);
#719 = EDGE_CURVE('',#712,#720,#722,.T.);
#720 = VERTEX_POINT('',#721);
#721 = CARTESIAN_POINT('',(60.547509713086,131.6,0.));
#722 = CIRCLE('',#723,0.9);
#723 = AXIS2_PLACEMENT_3D('',#724,#725,#726);
#724 = CARTESIAN_POINT('',(59.647509713086,131.6,0.));
#725 = DIRECTION('',(0.,0.,1.));
#726 = DIRECTION('',(1.,0.,0.));
#727 = ORIENTED_EDGE('',*,*,#728,.T.);
#728 = EDGE_CURVE('',#720,#695,#729,.T.);
#729 = CIRCLE('',#730,0.9);
#730 = AXIS2_PLACEMENT_3D('',#731,#732,#733);
#731 = CARTESIAN_POINT('',(59.647509713086,131.6,0.));
#732 = DIRECTION('',(0.,0.,1.));
#733 = DIRECTION('',(1.,0.,0.));
#734 = FACE_BOUND('',#735,.T.);
#735 = EDGE_LOOP('',(#736,#746,#755,#763,#772));
#736 = ORIENTED_EDGE('',*,*,#737,.F.);
#737 = EDGE_CURVE('',#738,#740,#742,.T.);
#738 = VERTEX_POINT('',#739);
#739 = CARTESIAN_POINT('',(35.9,135.9,0.));
#740 = VERTEX_POINT('',#741);
#741 = CARTESIAN_POINT('',(60.1,135.9,0.));
#742 = LINE('',#743,#744);
#743 = CARTESIAN_POINT('',(33.95,135.9,0.));
#744 = VECTOR('',#745,1.);
#745 = DIRECTION('',(1.,0.,0.));
#746 = ORIENTED_EDGE('',*,*,#747,.T.);
#747 = EDGE_CURVE('',#738,#748,#750,.T.);
#748 = VERTEX_POINT('',#749);
#749 = CARTESIAN_POINT('',(35.9,134.1,0.));
#750 = CIRCLE('',#751,0.9);
#751 = AXIS2_PLACEMENT_3D('',#752,#753,#754);
#752 = CARTESIAN_POINT('',(35.9,135.,0.));
#753 = DIRECTION('',(0.,0.,1.));
#754 = DIRECTION('',(1.,0.,0.));
#755 = ORIENTED_EDGE('',*,*,#756,.T.);
#756 = EDGE_CURVE('',#748,#757,#759,.T.);
#757 = VERTEX_POINT('',#758);
#758 = CARTESIAN_POINT('',(60.1,134.1,0.));
#759 = LINE('',#760,#761);
#760 = CARTESIAN_POINT('',(33.95,134.1,0.));
#761 = VECTOR('',#762,1.);
#762 = DIRECTION('',(1.,0.,0.));
#763 = ORIENTED_EDGE('',*,*,#764,.T.);
#764 = EDGE_CURVE('',#757,#765,#767,.T.);
#765 = VERTEX_POINT('',#766);
#766 = CARTESIAN_POINT('',(61.,135.,0.));
#767 = CIRCLE('',#768,0.9);
#768 = AXIS2_PLACEMENT_3D('',#769,#770,#771);
#769 = CARTESIAN_POINT('',(60.1,135.,0.));
#770 = DIRECTION('',(0.,0.,1.));
#771 = DIRECTION('',(1.,0.,0.));
#772 = ORIENTED_EDGE('',*,*,#773,.T.);
#773 = EDGE_CURVE('',#765,#740,#774,.T.);
#774 = CIRCLE('',#775,0.9);
#775 = AXIS2_PLACEMENT_3D('',#776,#777,#778);
#776 = CARTESIAN_POINT('',(60.1,135.,0.));
#777 = DIRECTION('',(0.,0.,1.));
#778 = DIRECTION('',(1.,0.,0.));
#779 = FACE_BOUND('',#780,.T.);
#780 = EDGE_LOOP('',(#781,#791,#800,#808,#817));
#781 = ORIENTED_EDGE('',*,*,#782,.F.);
#782 = EDGE_CURVE('',#783,#785,#787,.T.);
#783 = VERTEX_POINT('',#784);
#784 = CARTESIAN_POINT('',(36.352490286914,139.3,0.));
#785 = VERTEX_POINT('',#786);
#786 = CARTESIAN_POINT('',(59.647509713086,139.3,0.));
#787 = LINE('',#788,#789);
#788 = CARTESIAN_POINT('',(34.176245143457,139.3,0.));
#789 = VECTOR('',#790,1.);
#790 = DIRECTION('',(1.,0.,0.));
#791 = ORIENTED_EDGE('',*,*,#792,.T.);
#792 = EDGE_CURVE('',#783,#793,#795,.T.);
#793 = VERTEX_POINT('',#794);
#794 = CARTESIAN_POINT('',(36.352490286914,137.5,0.));
#795 = CIRCLE('',#796,0.9);
#796 = AXIS2_PLACEMENT_3D('',#797,#798,#799);
#797 = CARTESIAN_POINT('',(36.352490286914,138.4,0.));
#798 = DIRECTION('',(0.,0.,1.));
#799 = DIRECTION('',(1.,0.,0.));
#800 = ORIENTED_EDGE('',*,*,#801,.T.);
#801 = EDGE_CURVE('',#793,#802,#804,.T.);
#802 = VERTEX_POINT('',#803);
#803 = CARTESIAN_POINT('',(59.647509713086,137.5,0.));
#804 = LINE('',#805,#806);
#805 = CARTESIAN_POINT('',(34.176245143457,137.5,0.));
#806 = VECTOR('',#807,1.);
#807 = DIRECTION('',(1.,0.,0.));
#808 = ORIENTED_EDGE('',*,*,#809,.T.);
#809 = EDGE_CURVE('',#802,#810,#812,.T.);
#810 = VERTEX_POINT('',#811);
#811 = CARTESIAN_POINT('',(60.547509713086,138.4,0.));
#812 = CIRCLE('',#813,0.9);
#813 = AXIS2_PLACEMENT_3D('',#814,#815,#816);
#814 = CARTESIAN_POINT('',(59.647509713086,138.4,0.));
#815 = DIRECTION('',(0.,0.,1.));
#816 = DIRECTION('',(1.,0.,0.));
#817 = ORIENTED_EDGE('',*,*,#818,.T.);
#818 = EDGE_CURVE('',#810,#785,#819,.T.);
#819 = CIRCLE('',#820,0.9);
#820 = AXIS2_PLACEMENT_3D('',#821,#822,#823);
#821 = CARTESIAN_POINT('',(59.647509713086,138.4,0.));
#822 = DIRECTION('',(0.,0.,1.));
#823 = DIRECTION('',(1.,0.,0.));
#824 = FACE_BOUND('',#825,.T.);
#825 = EDGE_LOOP('',(#826,#836,#845,#853,#862));
#826 = ORIENTED_EDGE('',*,*,#827,.F.);
#827 = EDGE_CURVE('',#828,#830,#832,.T.);
#828 = VERTEX_POINT('',#829);
#829 = CARTESIAN_POINT('',(37.820288812428,142.7,0.));
#830 = VERTEX_POINT('',#831);
#831 = CARTESIAN_POINT('',(58.179711187572,142.7,0.));
#832 = LINE('',#833,#834);
#833 = CARTESIAN_POINT('',(34.910144406214,142.7,0.));
#834 = VECTOR('',#835,1.);
#835 = DIRECTION('',(1.,0.,0.));
#836 = ORIENTED_EDGE('',*,*,#837,.T.);
#837 = EDGE_CURVE('',#828,#838,#840,.T.);
#838 = VERTEX_POINT('',#839);
#839 = CARTESIAN_POINT('',(37.820288812428,140.9,0.));
#840 = CIRCLE('',#841,0.9);
#841 = AXIS2_PLACEMENT_3D('',#842,#843,#844);
#842 = CARTESIAN_POINT('',(37.820288812428,141.8,0.));
#843 = DIRECTION('',(0.,0.,1.));
#844 = DIRECTION('',(1.,0.,0.));
#845 = ORIENTED_EDGE('',*,*,#846,.T.);
#846 = EDGE_CURVE('',#838,#847,#849,.T.);
#847 = VERTEX_POINT('',#848);
#848 = CARTESIAN_POINT('',(58.179711187572,140.9,0.));
#849 = LINE('',#850,#851);
#850 = CARTESIAN_POINT('',(34.910144406214,140.9,0.));
#851 = VECTOR('',#852,1.);
#852 = DIRECTION('',(1.,0.,0.));
#853 = ORIENTED_EDGE('',*,*,#854,.T.);
#854 = EDGE_CURVE('',#847,#855,#857,.T.);
#855 = VERTEX_POINT('',#856);
#856 = CARTESIAN_POINT('',(59.079711187572,141.8,0.));
#857 = CIRCLE('',#858,0.9);
#858 = AXIS2_PLACEMENT_3D('',#859,#860,#861);
#859 = CARTESIAN_POINT('',(58.179711187572,141.8,0.));
#860 = DIRECTION('',(0.,0.,1.));
#861 = DIRECTION('',(1.,0.,0.));
#862 = ORIENTED_EDGE('',*,*,#863,.T.);
#863 = EDGE_CURVE('',#855,#830,#864,.T.);
#864 = CIRCLE('',#865,0.9);
#865 = AXIS2_PLACEMENT_3D('',#866,#867,#868);
#866 = CARTESIAN_POINT('',(58.179711187572,141.8,0.));
#867 = DIRECTION('',(0.,0.,1.));
#868 = DIRECTION('',(1.,0.,0.));
#869 = FACE_BOUND('',#870,.T.);
#870 = EDGE_LOOP('',(#871,#881,#890,#898,#907));
#871 = ORIENTED_EDGE('',*,*,#872,.F.);
#872 = EDGE_CURVE('',#873,#875,#877,.T.);
#873 = VERTEX_POINT('',#874);
#874 = CARTESIAN_POINT('',(40.840223328156,146.1,0.));
#875 = VERTEX_POINT('',#876);
#876 = CARTESIAN_POINT('',(55.159776671844,146.1,0.));
#877 = LINE('',#878,#879);
#878 = CARTESIAN_POINT('',(36.420111664078,146.1,0.));
#879 = VECTOR('',#880,1.);
#880 = DIRECTION('',(1.,0.,0.));
#881 = ORIENTED_EDGE('',*,*,#882,.T.);
#882 = EDGE_CURVE('',#873,#883,#885,.T.);
#883 = VERTEX_POINT('',#884);
#884 = CARTESIAN_POINT('',(40.840223328156,144.3,0.));
#885 = CIRCLE('',#886,0.9);
#886 = AXIS2_PLACEMENT_3D('',#887,#888,#889);
#887 = CARTESIAN_POINT('',(40.840223328156,145.2,0.));
#888 = DIRECTION('',(0.,0.,1.));
#889 = DIRECTION('',(1.,0.,0.));
#890 = ORIENTED_EDGE('',*,*,#891,.T.);
#891 = EDGE_CURVE('',#883,#892,#894,.T.);
#892 = VERTEX_POINT('',#893);
#893 = CARTESIAN_POINT('',(55.159776671844,144.3,0.));
#894 = LINE('',#895,#896);
#895 = CARTESIAN_POINT('',(36.420111664078,144.3,0.));
#896 = VECTOR('',#897,1.);
#897 = DIRECTION('',(1.,0.,0.));
#898 = ORIENTED_EDGE('',*,*,#899,.T.);
#899 = EDGE_CURVE('',#892,#900,#902,.T.);
#900 = VERTEX_POINT('',#901);
#901 = CARTESIAN_POINT('',(56.059776671844,145.2,0.));
#902 = CIRCLE('',#903,0.9);
#903 = AXIS2_PLACEMENT_3D('',#904,#905,#906);
#904 = CARTESIAN_POINT('',(55.159776671844,145.2,0.));
#905 = DIRECTION('',(0.,0.,1.));
#906 = DIRECTION('',(1.,0.,0.));
#907 = ORIENTED_EDGE('',*,*,#908,.T.);
#908 = EDGE_CURVE('',#900,#875,#909,.T.);
#909 = CIRCLE('',#910,0.9);
#910 = AXIS2_PLACEMENT_3D('',#911,#912,#913);
#911 = CARTESIAN_POINT('',(55.159776671844,145.2,0.));
#912 = DIRECTION('',(0.,0.,1.));
#913 = DIRECTION('',(1.,0.,0.));
#914 = PLANE('',#915);
#915 = AXIS2_PLACEMENT_3D('',#916,#917,#918);
#916 = CARTESIAN_POINT('',(32.,75.6,0.));
#917 = DIRECTION('',(-0.,-0.,-1.));
#918 = DIRECTION('',(-1.,0.,0.));
#919 = ADVANCED_FACE('',(#920),#939,.T.);
#920 = FACE_BOUND('',#921,.T.);
#921 = EDGE_LOOP('',(#922,#923,#924,#932));
#922 = ORIENTED_EDGE('',*,*,#311,.T.);
#923 = ORIENTED_EDGE('',*,*,#209,.F.);
#924 = ORIENTED_EDGE('',*,*,#925,.F.);
#925 = EDGE_CURVE('',#926,#202,#928,.T.);
#926 = VERTEX_POINT('',#927);
#927 = CARTESIAN_POINT('',(2.6,153.6,1.));
#928 = LINE('',#929,#930);
#929 = CARTESIAN_POINT('',(2.6,153.6,0.));
#930 = VECTOR('',#931,1.);
#931 = DIRECTION('',(0.,0.,1.));
#932 = ORIENTED_EDGE('',*,*,#933,.T.);
#933 = EDGE_CURVE('',#926,#304,#934,.T.);
#934 = CIRCLE('',#935,5.);
#935 = AXIS2_PLACEMENT_3D('',#936,#937,#938);
#936 = CARTESIAN_POINT('',(2.6,148.6,1.));
#937 = DIRECTION('',(0.,0.,1.));
#938 = DIRECTION('',(-2.6645352591E-16,1.,0.));
#939 = CYLINDRICAL_SURFACE('',#940,5.);
#940 = AXIS2_PLACEMENT_3D('',#941,#942,#943);
#941 = CARTESIAN_POINT('',(2.6,148.6,0.));
#942 = DIRECTION('',(0.,0.,1.));
#943 = DIRECTION('',(1.,0.,0.));
#944 = ADVANCED_FACE('',(#945,#963),#997,.T.);
#945 = FACE_BOUND('',#946,.T.);
#946 = EDGE_LOOP('',(#947,#948,#949,#957));
#947 = ORIENTED_EDGE('',*,*,#925,.T.);
#948 = ORIENTED_EDGE('',*,*,#201,.T.);
#949 = ORIENTED_EDGE('',*,*,#950,.F.);
#950 = EDGE_CURVE('',#951,#193,#953,.T.);
#951 = VERTEX_POINT('',#952);
#952 = CARTESIAN_POINT('',(61.4,153.6,1.));
#953 = LINE('',#954,#955);
#954 = CARTESIAN_POINT('',(61.4,153.6,0.));
#955 = VECTOR('',#956,1.);
#956 = DIRECTION('',(0.,0.,1.));
#957 = ORIENTED_EDGE('',*,*,#958,.T.);
#958 = EDGE_CURVE('',#951,#926,#959,.T.);
#959 = LINE('',#960,#961);
#960 = CARTESIAN_POINT('',(61.4,153.6,1.));
#961 = VECTOR('',#962,1.);
#962 = DIRECTION('',(-1.,0.,0.));
#963 = FACE_BOUND('',#964,.T.);
#964 = EDGE_LOOP('',(#965,#975,#983,#991));
#965 = ORIENTED_EDGE('',*,*,#966,.F.);
#966 = EDGE_CURVE('',#967,#969,#971,.T.);
#967 = VERTEX_POINT('',#968);
#968 = CARTESIAN_POINT('',(17.,153.6,5.7));
#969 = VERTEX_POINT('',#970);
#970 = CARTESIAN_POINT('',(29.,153.6,5.7));
#971 = LINE('',#972,#973);
#972 = CARTESIAN_POINT('',(9.8,153.6,5.7));
#973 = VECTOR('',#974,1.);
#974 = DIRECTION('',(1.,0.,0.));
#975 = ORIENTED_EDGE('',*,*,#976,.T.);
#976 = EDGE_CURVE('',#967,#977,#979,.T.);
#977 = VERTEX_POINT('',#978);
#978 = CARTESIAN_POINT('',(17.,153.6,3.5));
#979 = LINE('',#980,#981);
#980 = CARTESIAN_POINT('',(17.,153.6,1.75));
#981 = VECTOR('',#982,1.);
#982 = DIRECTION('',(0.,0.,-1.));
#983 = ORIENTED_EDGE('',*,*,#984,.T.);
#984 = EDGE_CURVE('',#977,#985,#987,.T.);
#985 = VERTEX_POINT('',#986);
#986 = CARTESIAN_POINT('',(29.,153.6,3.5));
#987 = LINE('',#988,#989);
#988 = CARTESIAN_POINT('',(9.8,153.6,3.5));
#989 = VECTOR('',#990,1.);
#990 = DIRECTION('',(1.,0.,0.));
#991 = ORIENTED_EDGE('',*,*,#992,.F.);
#992 = EDGE_CURVE('',#969,#985,#993,.T.);
#993 = LINE('',#994,#995);
#994 = CARTESIAN_POINT('',(29.,153.6,1.75));
#995 = VECTOR('',#996,1.);
#996 = DIRECTION('',(0.,0.,-1.));
#997 = PLANE('',#998);
#998 = AXIS2_PLACEMENT_3D('',#999,#1000,#1001);
#999 = CARTESIAN_POINT('',(2.6,153.6,0.));
#1000 = DIRECTION('',(0.,1.,0.));
#1001 = DIRECTION('',(0.,0.,1.));
#1002 = ADVANCED_FACE('',(#1003),#1021,.T.);
#1003 = FACE_BOUND('',#1004,.T.);
#1004 = EDGE_LOOP('',(#1005,#1006,#1014,#1020));
#1005 = ORIENTED_EDGE('',*,*,#385,.F.);
#1006 = ORIENTED_EDGE('',*,*,#1007,.T.);
#1007 = EDGE_CURVE('',#386,#1008,#1010,.T.);
#1008 = VERTEX_POINT('',#1009);
#1009 = CARTESIAN_POINT('',(66.4,148.6,1.));
#1010 = LINE('',#1011,#1012);
#1011 = CARTESIAN_POINT('',(66.4,2.6,1.));
#1012 = VECTOR('',#1013,1.);
#1013 = DIRECTION('',(0.,1.,0.));
#1014 = ORIENTED_EDGE('',*,*,#1015,.T.);
#1015 = EDGE_CURVE('',#1008,#185,#1016,.T.);
#1016 = LINE('',#1017,#1018);
#1017 = CARTESIAN_POINT('',(66.4,148.6,0.));
#1018 = VECTOR('',#1019,1.);
#1019 = DIRECTION('',(0.,0.,1.));
#1020 = ORIENTED_EDGE('',*,*,#184,.F.);
#1021 = PLANE('',#1022);
#1022 = AXIS2_PLACEMENT_3D('',#1023,#1024,#1025);
#1023 = CARTESIAN_POINT('',(66.4,2.6,0.));
#1024 = DIRECTION('',(1.,0.,0.));
#1025 = DIRECTION('',(0.,0.,1.));
#1026 = ADVANCED_FACE('',(#1027),#1039,.T.);
#1027 = FACE_BOUND('',#1028,.T.);
#1028 = EDGE_LOOP('',(#1029,#1030,#1031,#1032));
#1029 = ORIENTED_EDGE('',*,*,#950,.T.);
#1030 = ORIENTED_EDGE('',*,*,#192,.F.);
#1031 = ORIENTED_EDGE('',*,*,#1015,.F.);
#1032 = ORIENTED_EDGE('',*,*,#1033,.T.);
#1033 = EDGE_CURVE('',#1008,#951,#1034,.T.);
#1034 = CIRCLE('',#1035,5.);
#1035 = AXIS2_PLACEMENT_3D('',#1036,#1037,#1038);
#1036 = CARTESIAN_POINT('',(61.4,148.6,1.));
#1037 = DIRECTION('',(0.,0.,1.));
#1038 = DIRECTION('',(1.,0.,0.));
#1039 = CYLINDRICAL_SURFACE('',#1040,5.);
#1040 = AXIS2_PLACEMENT_3D('',#1041,#1042,#1043);
#1041 = CARTESIAN_POINT('',(61.4,148.6,0.));
#1042 = DIRECTION('',(0.,0.,1.));
#1043 = DIRECTION('',(1.,0.,0.));
#1044 = ADVANCED_FACE('',(#1045),#1071,.F.);
#1045 = FACE_BOUND('',#1046,.F.);
#1046 = EDGE_LOOP('',(#1047,#1048,#1056,#1065));
#1047 = ORIENTED_EDGE('',*,*,#226,.F.);
#1048 = ORIENTED_EDGE('',*,*,#1049,.F.);
#1049 = EDGE_CURVE('',#1050,#227,#1052,.T.);
#1050 = VERTEX_POINT('',#1051);
#1051 = CARTESIAN_POINT('',(0.,2.6,1.4));
#1052 = LINE('',#1053,#1054);
#1053 = CARTESIAN_POINT('',(0.,2.6,1.4));
#1054 = VECTOR('',#1055,1.);
#1055 = DIRECTION('',(0.,0.,1.));
#1056 = ORIENTED_EDGE('',*,*,#1057,.T.);
#1057 = EDGE_CURVE('',#1050,#1058,#1060,.T.);
#1058 = VERTEX_POINT('',#1059);
#1059 = CARTESIAN_POINT('',(2.6,0.,1.4));
#1060 = CIRCLE('',#1061,2.6);
#1061 = AXIS2_PLACEMENT_3D('',#1062,#1063,#1064);
#1062 = CARTESIAN_POINT('',(2.6,2.6,1.4));
#1063 = DIRECTION('',(0.,0.,1.));
#1064 = DIRECTION('',(1.,0.,0.));
#1065 = ORIENTED_EDGE('',*,*,#1066,.T.);
#1066 = EDGE_CURVE('',#1058,#229,#1067,.T.);
#1067 = LINE('',#1068,#1069);
#1068 = CARTESIAN_POINT('',(2.6,0.,1.4));
#1069 = VECTOR('',#1070,1.);
#1070 = DIRECTION('',(0.,0.,1.));
#1071 = CYLINDRICAL_SURFACE('',#1072,2.6);
#1072 = AXIS2_PLACEMENT_3D('',#1073,#1074,#1075);
#1073 = CARTESIAN_POINT('',(2.6,2.6,1.4));
#1074 = DIRECTION('',(0.,0.,1.));
#1075 = DIRECTION('',(1.,0.,0.));
#1076 = ADVANCED_FACE('',(#1077,#1127,#1130,#1164),#1170,.T.);
#1077 = FACE_BOUND('',#1078,.T.);
#1078 = EDGE_LOOP('',(#1079,#1087,#1088,#1089,#1097,#1105,#1113,#1121));
#1079 = ORIENTED_EDGE('',*,*,#1080,.F.);
#1080 = EDGE_CURVE('',#1058,#1081,#1083,.T.);
#1081 = VERTEX_POINT('',#1082);
#1082 = CARTESIAN_POINT('',(61.4,0.,1.4));
#1083 = LINE('',#1084,#1085);
#1084 = CARTESIAN_POINT('',(2.6,0.,1.4));
#1085 = VECTOR('',#1086,1.);
#1086 = DIRECTION('',(1.,0.,0.));
#1087 = ORIENTED_EDGE('',*,*,#1066,.T.);
#1088 = ORIENTED_EDGE('',*,*,#288,.F.);
#1089 = ORIENTED_EDGE('',*,*,#1090,.F.);
#1090 = EDGE_CURVE('',#1091,#280,#1093,.T.);
#1091 = VERTEX_POINT('',#1092);
#1092 = CARTESIAN_POINT('',(61.4,0.,16.2));
#1093 = LINE('',#1094,#1095);
#1094 = CARTESIAN_POINT('',(61.4,0.,1.4));
#1095 = VECTOR('',#1096,1.);
#1096 = DIRECTION('',(0.,0.,1.));
#1097 = ORIENTED_EDGE('',*,*,#1098,.F.);
#1098 = EDGE_CURVE('',#1099,#1091,#1101,.T.);
#1099 = VERTEX_POINT('',#1100);
#1100 = CARTESIAN_POINT('',(51.7,0.,16.2));
#1101 = LINE('',#1102,#1103);
#1102 = CARTESIAN_POINT('',(27.15,0.,16.2));
#1103 = VECTOR('',#1104,1.);
#1104 = DIRECTION('',(1.,0.,0.));
#1105 = ORIENTED_EDGE('',*,*,#1106,.T.);
#1106 = EDGE_CURVE('',#1099,#1107,#1109,.T.);
#1107 = VERTEX_POINT('',#1108);
#1108 = CARTESIAN_POINT('',(51.7,0.,13.6));
#1109 = LINE('',#1110,#1111);
#1110 = CARTESIAN_POINT('',(51.7,0.,7.5));
#1111 = VECTOR('',#1112,1.);
#1112 = DIRECTION('',(0.,0.,-1.));
#1113 = ORIENTED_EDGE('',*,*,#1114,.T.);
#1114 = EDGE_CURVE('',#1107,#1115,#1117,.T.);
#1115 = VERTEX_POINT('',#1116);
#1116 = CARTESIAN_POINT('',(61.4,0.,13.6));
#1117 = LINE('',#1118,#1119);
#1118 = CARTESIAN_POINT('',(27.15,0.,13.6));
#1119 = VECTOR('',#1120,1.);
#1120 = DIRECTION('',(1.,0.,0.));
#1121 = ORIENTED_EDGE('',*,*,#1122,.F.);
#1122 = EDGE_CURVE('',#1081,#1115,#1123,.T.);
#1123 = LINE('',#1124,#1125);
#1124 = CARTESIAN_POINT('',(61.4,0.,1.4));
#1125 = VECTOR('',#1126,1.);
#1126 = DIRECTION('',(0.,0.,1.));
#1127 = FACE_BOUND('',#1128,.T.);
#1128 = EDGE_LOOP('',(#1129));
#1129 = ORIENTED_EDGE('',*,*,#410,.F.);
#1130 = FACE_BOUND('',#1131,.T.);
#1131 = EDGE_LOOP('',(#1132,#1142,#1150,#1158));
#1132 = ORIENTED_EDGE('',*,*,#1133,.F.);
#1133 = EDGE_CURVE('',#1134,#1136,#1138,.T.);
#1134 = VERTEX_POINT('',#1135);
#1135 = CARTESIAN_POINT('',(22.7,0.,16.2));
#1136 = VERTEX_POINT('',#1137);
#1137 = CARTESIAN_POINT('',(33.3,0.,16.2));
#1138 = LINE('',#1139,#1140);
#1139 = CARTESIAN_POINT('',(12.65,0.,16.2));
#1140 = VECTOR('',#1141,1.);
#1141 = DIRECTION('',(1.,0.,0.));
#1142 = ORIENTED_EDGE('',*,*,#1143,.T.);
#1143 = EDGE_CURVE('',#1134,#1144,#1146,.T.);
#1144 = VERTEX_POINT('',#1145);
#1145 = CARTESIAN_POINT('',(22.7,0.,13.6));
#1146 = LINE('',#1147,#1148);
#1147 = CARTESIAN_POINT('',(22.7,0.,7.5));
#1148 = VECTOR('',#1149,1.);
#1149 = DIRECTION('',(0.,0.,-1.));
#1150 = ORIENTED_EDGE('',*,*,#1151,.T.);
#1151 = EDGE_CURVE('',#1144,#1152,#1154,.T.);
#1152 = VERTEX_POINT('',#1153);
#1153 = CARTESIAN_POINT('',(33.3,0.,13.6));
#1154 = LINE('',#1155,#1156);
#1155 = CARTESIAN_POINT('',(12.65,0.,13.6));
#1156 = VECTOR('',#1157,1.);
#1157 = DIRECTION('',(1.,0.,0.));
#1158 = ORIENTED_EDGE('',*,*,#1159,.F.);
#1159 = EDGE_CURVE('',#1136,#1152,#1160,.T.);
#1160 = LINE('',#1161,#1162);
#1161 = CARTESIAN_POINT('',(33.3,0.,7.5));
#1162 = VECTOR('',#1163,1.);
#1163 = DIRECTION('',(0.,0.,-1.));
#1164 = FACE_BOUND('',#1165,.T.);
#1165 = EDGE_LOOP('',(#1166,#1167,#1168,#1169));
#1166 = ORIENTED_EDGE('',*,*,#452,.F.);
#1167 = ORIENTED_EDGE('',*,*,#517,.T.);
#1168 = ORIENTED_EDGE('',*,*,#500,.T.);
#1169 = ORIENTED_EDGE('',*,*,#476,.F.);
#1170 = PLANE('',#1171);
#1171 = AXIS2_PLACEMENT_3D('',#1172,#1173,#1174);
#1172 = CARTESIAN_POINT('',(2.6,0.,1.4));
#1173 = DIRECTION('',(0.,1.,0.));
#1174 = DIRECTION('',(0.,0.,1.));
#1175 = ADVANCED_FACE('',(#1176),#1220,.F.);
#1176 = FACE_BOUND('',#1177,.F.);
#1177 = EDGE_LOOP('',(#1178,#1179,#1188,#1194,#1195,#1196,#1205,#1213));
#1178 = ORIENTED_EDGE('',*,*,#1122,.F.);
#1179 = ORIENTED_EDGE('',*,*,#1180,.T.);
#1180 = EDGE_CURVE('',#1081,#1181,#1183,.T.);
#1181 = VERTEX_POINT('',#1182);
#1182 = CARTESIAN_POINT('',(64.,2.6,1.4));
#1183 = CIRCLE('',#1184,2.6);
#1184 = AXIS2_PLACEMENT_3D('',#1185,#1186,#1187);
#1185 = CARTESIAN_POINT('',(61.4,2.6,1.4));
#1186 = DIRECTION('',(0.,0.,1.));
#1187 = DIRECTION('',(1.,0.,0.));
#1188 = ORIENTED_EDGE('',*,*,#1189,.T.);
#1189 = EDGE_CURVE('',#1181,#272,#1190,.T.);
#1190 = LINE('',#1191,#1192);
#1191 = CARTESIAN_POINT('',(64.,2.6,1.4));
#1192 = VECTOR('',#1193,1.);
#1193 = DIRECTION('',(0.,0.,1.));
#1194 = ORIENTED_EDGE('',*,*,#279,.F.);
#1195 = ORIENTED_EDGE('',*,*,#1090,.F.);
#1196 = ORIENTED_EDGE('',*,*,#1197,.T.);
#1197 = EDGE_CURVE('',#1091,#1198,#1200,.T.);
#1198 = VERTEX_POINT('',#1199);
#1199 = CARTESIAN_POINT('',(62.3,0.16073781647,16.2));
#1200 = CIRCLE('',#1201,2.6);
#1201 = AXIS2_PLACEMENT_3D('',#1202,#1203,#1204);
#1202 = CARTESIAN_POINT('',(61.4,2.6,16.2));
#1203 = DIRECTION('',(0.,0.,1.));
#1204 = DIRECTION('',(1.,0.,0.));
#1205 = ORIENTED_EDGE('',*,*,#1206,.F.);
#1206 = EDGE_CURVE('',#1207,#1198,#1209,.T.);
#1207 = VERTEX_POINT('',#1208);
#1208 = CARTESIAN_POINT('',(62.3,0.16073781647,13.6));
#1209 = LINE('',#1210,#1211);
#1210 = CARTESIAN_POINT('',(62.3,0.16073781647,1.4));
#1211 = VECTOR('',#1212,1.);
#1212 = DIRECTION('',(0.,0.,1.));
#1213 = ORIENTED_EDGE('',*,*,#1214,.F.);
#1214 = EDGE_CURVE('',#1115,#1207,#1215,.T.);
#1215 = CIRCLE('',#1216,2.6);
#1216 = AXIS2_PLACEMENT_3D('',#1217,#1218,#1219);
#1217 = CARTESIAN_POINT('',(61.4,2.6,13.6));
#1218 = DIRECTION('',(0.,0.,1.));
#1219 = DIRECTION('',(1.,0.,0.));
#1220 = CYLINDRICAL_SURFACE('',#1221,2.6);
#1221 = AXIS2_PLACEMENT_3D('',#1222,#1223,#1224);
#1222 = CARTESIAN_POINT('',(61.4,2.6,1.4));
#1223 = DIRECTION('',(0.,0.,1.));
#1224 = DIRECTION('',(1.,0.,0.));
#1225 = ADVANCED_FACE('',(#1226,#1244,#1278,#1312),#1346,.F.);
#1226 = FACE_BOUND('',#1227,.F.);
#1227 = EDGE_LOOP('',(#1228,#1229,#1237,#1243));
#1228 = ORIENTED_EDGE('',*,*,#1189,.F.);
#1229 = ORIENTED_EDGE('',*,*,#1230,.T.);
#1230 = EDGE_CURVE('',#1181,#1231,#1233,.T.);
#1231 = VERTEX_POINT('',#1232);
#1232 = CARTESIAN_POINT('',(64.,148.6,1.4));
#1233 = LINE('',#1234,#1235);
#1234 = CARTESIAN_POINT('',(64.,2.6,1.4));
#1235 = VECTOR('',#1236,1.);
#1236 = DIRECTION('',(0.,1.,0.));
#1237 = ORIENTED_EDGE('',*,*,#1238,.T.);
#1238 = EDGE_CURVE('',#1231,#263,#1239,.T.);
#1239 = LINE('',#1240,#1241);
#1240 = CARTESIAN_POINT('',(64.,148.6,1.4));
#1241 = VECTOR('',#1242,1.);
#1242 = DIRECTION('',(0.,0.,1.));
#1243 = ORIENTED_EDGE('',*,*,#271,.F.);
#1244 = FACE_BOUND('',#1245,.F.);
#1245 = EDGE_LOOP('',(#1246,#1256,#1264,#1272));
#1246 = ORIENTED_EDGE('',*,*,#1247,.T.);
#1247 = EDGE_CURVE('',#1248,#1250,#1252,.T.);
#1248 = VERTEX_POINT('',#1249);
#1249 = CARTESIAN_POINT('',(64.,120.3,13.6));
#1250 = VERTEX_POINT('',#1251);
#1251 = CARTESIAN_POINT('',(64.,109.7,13.6));
#1252 = LINE('',#1253,#1254);
#1253 = CARTESIAN_POINT('',(64.,56.15,13.6));
#1254 = VECTOR('',#1255,1.);
#1255 = DIRECTION('',(0.,-1.,0.));
#1256 = ORIENTED_EDGE('',*,*,#1257,.T.);
#1257 = EDGE_CURVE('',#1250,#1258,#1260,.T.);
#1258 = VERTEX_POINT('',#1259);
#1259 = CARTESIAN_POINT('',(64.,109.7,16.2));
#1260 = LINE('',#1261,#1262);
#1261 = CARTESIAN_POINT('',(64.,109.7,7.5));
#1262 = VECTOR('',#1263,1.);
#1263 = DIRECTION('',(0.,0.,1.));
#1264 = ORIENTED_EDGE('',*,*,#1265,.F.);
#1265 = EDGE_CURVE('',#1266,#1258,#1268,.T.);
#1266 = VERTEX_POINT('',#1267);
#1267 = CARTESIAN_POINT('',(64.,120.3,16.2));
#1268 = LINE('',#1269,#1270);
#1269 = CARTESIAN_POINT('',(64.,56.15,16.2));
#1270 = VECTOR('',#1271,1.);
#1271 = DIRECTION('',(0.,-1.,0.));
#1272 = ORIENTED_EDGE('',*,*,#1273,.F.);
#1273 = EDGE_CURVE('',#1248,#1266,#1274,.T.);
#1274 = LINE('',#1275,#1276);
#1275 = CARTESIAN_POINT('',(64.,120.3,7.5));
#1276 = VECTOR('',#1277,1.);
#1277 = DIRECTION('',(0.,0.,1.));
#1278 = FACE_BOUND('',#1279,.F.);
#1279 = EDGE_LOOP('',(#1280,#1290,#1298,#1306));
#1280 = ORIENTED_EDGE('',*,*,#1281,.T.);
#1281 = EDGE_CURVE('',#1282,#1284,#1286,.T.);
#1282 = VERTEX_POINT('',#1283);
#1283 = CARTESIAN_POINT('',(64.,80.3,13.6));
#1284 = VERTEX_POINT('',#1285);
#1285 = CARTESIAN_POINT('',(64.,69.7,13.6));
#1286 = LINE('',#1287,#1288);
#1287 = CARTESIAN_POINT('',(64.,36.15,13.6));
#1288 = VECTOR('',#1289,1.);
#1289 = DIRECTION('',(0.,-1.,0.));
#1290 = ORIENTED_EDGE('',*,*,#1291,.T.);
#1291 = EDGE_CURVE('',#1284,#1292,#1294,.T.);
#1292 = VERTEX_POINT('',#1293);
#1293 = CARTESIAN_POINT('',(64.,69.7,16.2));
#1294 = LINE('',#1295,#1296);
#1295 = CARTESIAN_POINT('',(64.,69.7,7.5));
#1296 = VECTOR('',#1297,1.);
#1297 = DIRECTION('',(0.,0.,1.));
#1298 = ORIENTED_EDGE('',*,*,#1299,.F.);
#1299 = EDGE_CURVE('',#1300,#1292,#1302,.T.);
#1300 = VERTEX_POINT('',#1301);
#1301 = CARTESIAN_POINT('',(64.,80.3,16.2));
#1302 = LINE('',#1303,#1304);
#1303 = CARTESIAN_POINT('',(64.,36.15,16.2));
#1304 = VECTOR('',#1305,1.);
#1305 = DIRECTION('',(0.,-1.,0.));
#1306 = ORIENTED_EDGE('',*,*,#1307,.F.);
#1307 = EDGE_CURVE('',#1282,#1300,#1308,.T.);
#1308 = LINE('',#1309,#1310);
#1309 = CARTESIAN_POINT('',(64.,80.3,7.5));
#1310 = VECTOR('',#1311,1.);
#1311 = DIRECTION('',(0.,0.,1.));
#1312 = FACE_BOUND('',#1313,.F.);
#1313 = EDGE_LOOP('',(#1314,#1324,#1332,#1340));
#1314 = ORIENTED_EDGE('',*,*,#1315,.T.);
#1315 = EDGE_CURVE('',#1316,#1318,#1320,.T.);
#1316 = VERTEX_POINT('',#1317);
#1317 = CARTESIAN_POINT('',(64.,40.3,13.6));
#1318 = VERTEX_POINT('',#1319);
#1319 = CARTESIAN_POINT('',(64.,29.7,13.6));
#1320 = LINE('',#1321,#1322);
#1321 = CARTESIAN_POINT('',(64.,16.15,13.6));
#1322 = VECTOR('',#1323,1.);
#1323 = DIRECTION('',(0.,-1.,0.));
#1324 = ORIENTED_EDGE('',*,*,#1325,.T.);
#1325 = EDGE_CURVE('',#1318,#1326,#1328,.T.);
#1326 = VERTEX_POINT('',#1327);
#1327 = CARTESIAN_POINT('',(64.,29.7,16.2));
#1328 = LINE('',#1329,#1330);
#1329 = CARTESIAN_POINT('',(64.,29.7,7.5));
#1330 = VECTOR('',#1331,1.);
#1331 = DIRECTION('',(0.,0.,1.));
#1332 = ORIENTED_EDGE('',*,*,#1333,.F.);
#1333 = EDGE_CURVE('',#1334,#1326,#1336,.T.);
#1334 = VERTEX_POINT('',#1335);
#1335 = CARTESIAN_POINT('',(64.,40.3,16.2));
#1336 = LINE('',#1337,#1338);
#1337 = CARTESIAN_POINT('',(64.,16.15,16.2));
#1338 = VECTOR('',#1339,1.);
#1339 = DIRECTION('',(0.,-1.,0.));
#1340 = ORIENTED_EDGE('',*,*,#1341,.F.);
#1341 = EDGE_CURVE('',#1316,#1334,#1342,.T.);
#1342 = LINE('',#1343,#1344);
#1343 = CARTESIAN_POINT('',(64.,40.3,7.5));
#1344 = VECTOR('',#1345,1.);
#1345 = DIRECTION('',(0.,0.,1.));
#1346 = PLANE('',#1347);
#1347 = AXIS2_PLACEMENT_3D('',#1348,#1349,#1350);
#1348 = CARTESIAN_POINT('',(64.,2.6,1.4));
#1349 = DIRECTION('',(1.,0.,0.));
#1350 = DIRECTION('',(0.,0.,1.));
#1351 = ADVANCED_FACE('',(#1352),#1371,.F.);
#1352 = FACE_BOUND('',#1353,.F.);
#1353 = EDGE_LOOP('',(#1354,#1355,#1356,#1365));
#1354 = ORIENTED_EDGE('',*,*,#262,.F.);
#1355 = ORIENTED_EDGE('',*,*,#1238,.F.);
#1356 = ORIENTED_EDGE('',*,*,#1357,.T.);
#1357 = EDGE_CURVE('',#1231,#1358,#1360,.T.);
#1358 = VERTEX_POINT('',#1359);
#1359 = CARTESIAN_POINT('',(61.4,151.2,1.4));
#1360 = CIRCLE('',#1361,2.6);
#1361 = AXIS2_PLACEMENT_3D('',#1362,#1363,#1364);
#1362 = CARTESIAN_POINT('',(61.4,148.6,1.4));
#1363 = DIRECTION('',(0.,0.,1.));
#1364 = DIRECTION('',(1.,0.,0.));
#1365 = ORIENTED_EDGE('',*,*,#1366,.T.);
#1366 = EDGE_CURVE('',#1358,#255,#1367,.T.);
#1367 = LINE('',#1368,#1369);
#1368 = CARTESIAN_POINT('',(61.4,151.2,1.4));
#1369 = VECTOR('',#1370,1.);
#1370 = DIRECTION('',(0.,0.,1.));
#1371 = CYLINDRICAL_SURFACE('',#1372,2.6);
#1372 = AXIS2_PLACEMENT_3D('',#1373,#1374,#1375);
#1373 = CARTESIAN_POINT('',(61.4,148.6,1.4));
#1374 = DIRECTION('',(0.,0.,1.));
#1375 = DIRECTION('',(1.,0.,0.));
#1376 = ADVANCED_FACE('',(#1377,#1395,#1429,#1463,#1497),#1531,.F.);
#1377 = FACE_BOUND('',#1378,.F.);
#1378 = EDGE_LOOP('',(#1379,#1387,#1393,#1394));
#1379 = ORIENTED_EDGE('',*,*,#1380,.F.);
#1380 = EDGE_CURVE('',#1381,#1358,#1383,.T.);
#1381 = VERTEX_POINT('',#1382);
#1382 = CARTESIAN_POINT('',(2.6,151.2,1.4));
#1383 = LINE('',#1384,#1385);
#1384 = CARTESIAN_POINT('',(2.6,151.2,1.4));
#1385 = VECTOR('',#1386,1.);
#1386 = DIRECTION('',(1.,0.,0.));
#1387 = ORIENTED_EDGE('',*,*,#1388,.T.);
#1388 = EDGE_CURVE('',#1381,#246,#1389,.T.);
#1389 = LINE('',#1390,#1391);
#1390 = CARTESIAN_POINT('',(2.6,151.2,1.4));
#1391 = VECTOR('',#1392,1.);
#1392 = DIRECTION('',(0.,0.,1.));
#1393 = ORIENTED_EDGE('',*,*,#254,.F.);
#1394 = ORIENTED_EDGE('',*,*,#1366,.F.);
#1395 = FACE_BOUND('',#1396,.F.);
#1396 = EDGE_LOOP('',(#1397,#1407,#1415,#1423));
#1397 = ORIENTED_EDGE('',*,*,#1398,.F.);
#1398 = EDGE_CURVE('',#1399,#1401,#1403,.T.);
#1399 = VERTEX_POINT('',#1400);
#1400 = CARTESIAN_POINT('',(17.,151.2,5.7));
#1401 = VERTEX_POINT('',#1402);
#1402 = CARTESIAN_POINT('',(29.,151.2,5.7));
#1403 = LINE('',#1404,#1405);
#1404 = CARTESIAN_POINT('',(9.8,151.2,5.7));
#1405 = VECTOR('',#1406,1.);
#1406 = DIRECTION('',(1.,0.,0.));
#1407 = ORIENTED_EDGE('',*,*,#1408,.T.);
#1408 = EDGE_CURVE('',#1399,#1409,#1411,.T.);
#1409 = VERTEX_POINT('',#1410);
#1410 = CARTESIAN_POINT('',(17.,151.2,3.5));
#1411 = LINE('',#1412,#1413);
#1412 = CARTESIAN_POINT('',(17.,151.2,2.45));
#1413 = VECTOR('',#1414,1.);
#1414 = DIRECTION('',(0.,0.,-1.));
#1415 = ORIENTED_EDGE('',*,*,#1416,.T.);
#1416 = EDGE_CURVE('',#1409,#1417,#1419,.T.);
#1417 = VERTEX_POINT('',#1418);
#1418 = CARTESIAN_POINT('',(29.,151.2,3.5));
#1419 = LINE('',#1420,#1421);
#1420 = CARTESIAN_POINT('',(9.8,151.2,3.5));
#1421 = VECTOR('',#1422,1.);
#1422 = DIRECTION('',(1.,0.,0.));
#1423 = ORIENTED_EDGE('',*,*,#1424,.F.);
#1424 = EDGE_CURVE('',#1401,#1417,#1425,.T.);
#1425 = LINE('',#1426,#1427);
#1426 = CARTESIAN_POINT('',(29.,151.2,2.45));
#1427 = VECTOR('',#1428,1.);
#1428 = DIRECTION('',(0.,0.,-1.));
#1429 = FACE_BOUND('',#1430,.F.);
#1430 = EDGE_LOOP('',(#1431,#1441,#1449,#1457));
#1431 = ORIENTED_EDGE('',*,*,#1432,.F.);
#1432 = EDGE_CURVE('',#1433,#1435,#1437,.T.);
#1433 = VERTEX_POINT('',#1434);
#1434 = CARTESIAN_POINT('',(4.7,151.2,16.2));
#1435 = VERTEX_POINT('',#1436);
#1436 = CARTESIAN_POINT('',(15.3,151.2,16.2));
#1437 = LINE('',#1438,#1439);
#1438 = CARTESIAN_POINT('',(3.65,151.2,16.2));
#1439 = VECTOR('',#1440,1.);
#1440 = DIRECTION('',(1.,0.,0.));
#1441 = ORIENTED_EDGE('',*,*,#1442,.T.);
#1442 = EDGE_CURVE('',#1433,#1443,#1445,.T.);
#1443 = VERTEX_POINT('',#1444);
#1444 = CARTESIAN_POINT('',(4.7,151.2,13.6));
#1445 = LINE('',#1446,#1447);
#1446 = CARTESIAN_POINT('',(4.7,151.2,7.5));
#1447 = VECTOR('',#1448,1.);
#1448 = DIRECTION('',(0.,0.,-1.));
#1449 = ORIENTED_EDGE('',*,*,#1450,.T.);
#1450 = EDGE_CURVE('',#1443,#1451,#1453,.T.);
#1451 = VERTEX_POINT('',#1452);
#1452 = CARTESIAN_POINT('',(15.3,151.2,13.6));
#1453 = LINE('',#1454,#1455);
#1454 = CARTESIAN_POINT('',(3.65,151.2,13.6));
#1455 = VECTOR('',#1456,1.);
#1456 = DIRECTION('',(1.,0.,0.));
#1457 = ORIENTED_EDGE('',*,*,#1458,.F.);
#1458 = EDGE_CURVE('',#1435,#1451,#1459,.T.);
#1459 = LINE('',#1460,#1461);
#1460 = CARTESIAN_POINT('',(15.3,151.2,7.5));
#1461 = VECTOR('',#1462,1.);
#1462 = DIRECTION('',(0.,0.,-1.));
#1463 = FACE_BOUND('',#1464,.F.);
#1464 = EDGE_LOOP('',(#1465,#1475,#1483,#1491));
#1465 = ORIENTED_EDGE('',*,*,#1466,.F.);
#1466 = EDGE_CURVE('',#1467,#1469,#1471,.T.);
#1467 = VERTEX_POINT('',#1468);
#1468 = CARTESIAN_POINT('',(34.7,151.2,16.2));
#1469 = VERTEX_POINT('',#1470);
#1470 = CARTESIAN_POINT('',(45.3,151.2,16.2));
#1471 = LINE('',#1472,#1473);
#1472 = CARTESIAN_POINT('',(18.65,151.2,16.2));
#1473 = VECTOR('',#1474,1.);
#1474 = DIRECTION('',(1.,0.,0.));
#1475 = ORIENTED_EDGE('',*,*,#1476,.T.);
#1476 = EDGE_CURVE('',#1467,#1477,#1479,.T.);
#1477 = VERTEX_POINT('',#1478);
#1478 = CARTESIAN_POINT('',(34.7,151.2,13.6));
#1479 = LINE('',#1480,#1481);
#1480 = CARTESIAN_POINT('',(34.7,151.2,7.5));
#1481 = VECTOR('',#1482,1.);
#1482 = DIRECTION('',(0.,0.,-1.));
#1483 = ORIENTED_EDGE('',*,*,#1484,.T.);
#1484 = EDGE_CURVE('',#1477,#1485,#1487,.T.);
#1485 = VERTEX_POINT('',#1486);
#1486 = CARTESIAN_POINT('',(45.3,151.2,13.6));
#1487 = LINE('',#1488,#1489);
#1488 = CARTESIAN_POINT('',(18.65,151.2,13.6));
#1489 = VECTOR('',#1490,1.);
#1490 = DIRECTION('',(1.,0.,0.));
#1491 = ORIENTED_EDGE('',*,*,#1492,.F.);
#1492 = EDGE_CURVE('',#1469,#1485,#1493,.T.);
#1493 = LINE('',#1494,#1495);
#1494 = CARTESIAN_POINT('',(45.3,151.2,7.5));
#1495 = VECTOR('',#1496,1.);
#1496 = DIRECTION('',(0.,0.,-1.));
#1497 = FACE_BOUND('',#1498,.F.);
#1498 = EDGE_LOOP('',(#1499,#1509,#1517,#1525));
#1499 = ORIENTED_EDGE('',*,*,#1500,.F.);
#1500 = EDGE_CURVE('',#1501,#1503,#1505,.T.);
#1501 = VERTEX_POINT('',#1502);
#1502 = CARTESIAN_POINT('',(48.7,151.2,16.2));
#1503 = VERTEX_POINT('',#1504);
#1504 = CARTESIAN_POINT('',(59.3,151.2,16.2));
#1505 = LINE('',#1506,#1507);
#1506 = CARTESIAN_POINT('',(25.65,151.2,16.2));
#1507 = VECTOR('',#1508,1.);
#1508 = DIRECTION('',(1.,0.,0.));
#1509 = ORIENTED_EDGE('',*,*,#1510,.T.);
#1510 = EDGE_CURVE('',#1501,#1511,#1513,.T.);
#1511 = VERTEX_POINT('',#1512);
#1512 = CARTESIAN_POINT('',(48.7,151.2,13.6));
#1513 = LINE('',#1514,#1515);
#1514 = CARTESIAN_POINT('',(48.7,151.2,7.5));
#1515 = VECTOR('',#1516,1.);
#1516 = DIRECTION('',(0.,0.,-1.));
#1517 = ORIENTED_EDGE('',*,*,#1518,.T.);
#1518 = EDGE_CURVE('',#1511,#1519,#1521,.T.);
#1519 = VERTEX_POINT('',#1520);
#1520 = CARTESIAN_POINT('',(59.3,151.2,13.6));
#1521 = LINE('',#1522,#1523);
#1522 = CARTESIAN_POINT('',(25.65,151.2,13.6));
#1523 = VECTOR('',#1524,1.);
#1524 = DIRECTION('',(1.,0.,0.));
#1525 = ORIENTED_EDGE('',*,*,#1526,.F.);
#1526 = EDGE_CURVE('',#1503,#1519,#1527,.T.);
#1527 = LINE('',#1528,#1529);
#1528 = CARTESIAN_POINT('',(59.3,151.2,7.5));
#1529 = VECTOR('',#1530,1.);
#1530 = DIRECTION('',(0.,0.,-1.));
#1531 = PLANE('',#1532);
#1532 = AXIS2_PLACEMENT_3D('',#1533,#1534,#1535);
#1533 = CARTESIAN_POINT('',(2.6,151.2,1.4));
#1534 = DIRECTION('',(0.,1.,0.));
#1535 = DIRECTION('',(0.,0.,1.));
#1536 = ADVANCED_FACE('',(#1537),#1556,.F.);
#1537 = FACE_BOUND('',#1538,.F.);
#1538 = EDGE_LOOP('',(#1539,#1540,#1541,#1550));
#1539 = ORIENTED_EDGE('',*,*,#245,.F.);
#1540 = ORIENTED_EDGE('',*,*,#1388,.F.);
#1541 = ORIENTED_EDGE('',*,*,#1542,.T.);
#1542 = EDGE_CURVE('',#1381,#1543,#1545,.T.);
#1543 = VERTEX_POINT('',#1544);
#1544 = CARTESIAN_POINT('',(0.,148.6,1.4));
#1545 = CIRCLE('',#1546,2.6);
#1546 = AXIS2_PLACEMENT_3D('',#1547,#1548,#1549);
#1547 = CARTESIAN_POINT('',(2.6,148.6,1.4));
#1548 = DIRECTION('',(0.,0.,1.));
#1549 = DIRECTION('',(1.,0.,0.));
#1550 = ORIENTED_EDGE('',*,*,#1551,.T.);
#1551 = EDGE_CURVE('',#1543,#238,#1552,.T.);
#1552 = LINE('',#1553,#1554);
#1553 = CARTESIAN_POINT('',(0.,148.6,1.4));
#1554 = VECTOR('',#1555,1.);
#1555 = DIRECTION('',(0.,0.,1.));
#1556 = CYLINDRICAL_SURFACE('',#1557,2.6);
#1557 = AXIS2_PLACEMENT_3D('',#1558,#1559,#1560);
#1558 = CARTESIAN_POINT('',(2.6,148.6,1.4));
#1559 = DIRECTION('',(0.,0.,1.));
#1560 = DIRECTION('',(1.,0.,0.));
#1561 = ADVANCED_FACE('',(#1562,#1637,#1671,#1705,#1739),#1773,.T.);
#1562 = FACE_BOUND('',#1563,.T.);
#1563 = EDGE_LOOP('',(#1564,#1565,#1573,#1581,#1589,#1597,#1605,#1613,
    #1621,#1629,#1635,#1636));
#1564 = ORIENTED_EDGE('',*,*,#1049,.F.);
#1565 = ORIENTED_EDGE('',*,*,#1566,.T.);
#1566 = EDGE_CURVE('',#1050,#1567,#1569,.T.);
#1567 = VERTEX_POINT('',#1568);
#1568 = CARTESIAN_POINT('',(0.,135.3,1.4));
#1569 = LINE('',#1570,#1571);
#1570 = CARTESIAN_POINT('',(0.,2.6,1.4));
#1571 = VECTOR('',#1572,1.);
#1572 = DIRECTION('',(0.,1.,0.));
#1573 = ORIENTED_EDGE('',*,*,#1574,.T.);
#1574 = EDGE_CURVE('',#1567,#1575,#1577,.T.);
#1575 = VERTEX_POINT('',#1576);
#1576 = CARTESIAN_POINT('',(0.,135.3,8.6));
#1577 = LINE('',#1578,#1579);
#1578 = CARTESIAN_POINT('',(0.,135.3,1.4));
#1579 = VECTOR('',#1580,1.);
#1580 = DIRECTION('',(0.,0.,1.));
#1581 = ORIENTED_EDGE('',*,*,#1582,.T.);
#1582 = EDGE_CURVE('',#1575,#1583,#1585,.T.);
#1583 = VERTEX_POINT('',#1584);
#1584 = CARTESIAN_POINT('',(0.,136.5,8.6));
#1585 = LINE('',#1586,#1587);
#1586 = CARTESIAN_POINT('',(0.,135.3,8.6));
#1587 = VECTOR('',#1588,1.);
#1588 = DIRECTION('',(0.,1.,0.));
#1589 = ORIENTED_EDGE('',*,*,#1590,.F.);
#1590 = EDGE_CURVE('',#1591,#1583,#1593,.T.);
#1591 = VERTEX_POINT('',#1592);
#1592 = CARTESIAN_POINT('',(0.,136.5,1.4));
#1593 = LINE('',#1594,#1595);
#1594 = CARTESIAN_POINT('',(0.,136.5,1.4));
#1595 = VECTOR('',#1596,1.);
#1596 = DIRECTION('',(0.,0.,1.));
#1597 = ORIENTED_EDGE('',*,*,#1598,.T.);
#1598 = EDGE_CURVE('',#1591,#1599,#1601,.T.);
#1599 = VERTEX_POINT('',#1600);
#1600 = CARTESIAN_POINT('',(0.,143.5,1.4));
#1601 = LINE('',#1602,#1603);
#1602 = CARTESIAN_POINT('',(0.,2.6,1.4));
#1603 = VECTOR('',#1604,1.);
#1604 = DIRECTION('',(0.,1.,0.));
#1605 = ORIENTED_EDGE('',*,*,#1606,.T.);
#1606 = EDGE_CURVE('',#1599,#1607,#1609,.T.);
#1607 = VERTEX_POINT('',#1608);
#1608 = CARTESIAN_POINT('',(0.,143.5,8.6));
#1609 = LINE('',#1610,#1611);
#1610 = CARTESIAN_POINT('',(0.,143.5,1.4));
#1611 = VECTOR('',#1612,1.);
#1612 = DIRECTION('',(0.,0.,1.));
#1613 = ORIENTED_EDGE('',*,*,#1614,.T.);
#1614 = EDGE_CURVE('',#1607,#1615,#1617,.T.);
#1615 = VERTEX_POINT('',#1616);
#1616 = CARTESIAN_POINT('',(0.,144.7,8.6));
#1617 = LINE('',#1618,#1619);
#1618 = CARTESIAN_POINT('',(0.,143.5,8.6));
#1619 = VECTOR('',#1620,1.);
#1620 = DIRECTION('',(0.,1.,0.));
#1621 = ORIENTED_EDGE('',*,*,#1622,.F.);
#1622 = EDGE_CURVE('',#1623,#1615,#1625,.T.);
#1623 = VERTEX_POINT('',#1624);
#1624 = CARTESIAN_POINT('',(0.,144.7,1.4));
#1625 = LINE('',#1626,#1627);
#1626 = CARTESIAN_POINT('',(0.,144.7,1.4));
#1627 = VECTOR('',#1628,1.);
#1628 = DIRECTION('',(0.,0.,1.));
#1629 = ORIENTED_EDGE('',*,*,#1630,.T.);
#1630 = EDGE_CURVE('',#1623,#1543,#1631,.T.);
#1631 = LINE('',#1632,#1633);
#1632 = CARTESIAN_POINT('',(0.,2.6,1.4));
#1633 = VECTOR('',#1634,1.);
#1634 = DIRECTION('',(0.,1.,0.));
#1635 = ORIENTED_EDGE('',*,*,#1551,.T.);
#1636 = ORIENTED_EDGE('',*,*,#237,.F.);
#1637 = FACE_BOUND('',#1638,.T.);
#1638 = EDGE_LOOP('',(#1639,#1649,#1657,#1665));
#1639 = ORIENTED_EDGE('',*,*,#1640,.T.);
#1640 = EDGE_CURVE('',#1641,#1643,#1645,.T.);
#1641 = VERTEX_POINT('',#1642);
#1642 = CARTESIAN_POINT('',(0.,143.25,1.65));
#1643 = VERTEX_POINT('',#1644);
#1644 = CARTESIAN_POINT('',(0.,136.75,1.65));
#1645 = LINE('',#1646,#1647);
#1646 = CARTESIAN_POINT('',(0.,69.675,1.65));
#1647 = VECTOR('',#1648,1.);
#1648 = DIRECTION('',(0.,-1.,0.));
#1649 = ORIENTED_EDGE('',*,*,#1650,.T.);
#1650 = EDGE_CURVE('',#1643,#1651,#1653,.T.);
#1651 = VERTEX_POINT('',#1652);
#1652 = CARTESIAN_POINT('',(0.,136.75,8.15));
#1653 = LINE('',#1654,#1655);
#1654 = CARTESIAN_POINT('',(0.,136.75,1.525));
#1655 = VECTOR('',#1656,1.);
#1656 = DIRECTION('',(0.,0.,1.));
#1657 = ORIENTED_EDGE('',*,*,#1658,.F.);
#1658 = EDGE_CURVE('',#1659,#1651,#1661,.T.);
#1659 = VERTEX_POINT('',#1660);
#1660 = CARTESIAN_POINT('',(0.,143.25,8.15));
#1661 = LINE('',#1662,#1663);
#1662 = CARTESIAN_POINT('',(0.,69.675,8.15));
#1663 = VECTOR('',#1664,1.);
#1664 = DIRECTION('',(0.,-1.,0.));
#1665 = ORIENTED_EDGE('',*,*,#1666,.F.);
#1666 = EDGE_CURVE('',#1641,#1659,#1667,.T.);
#1667 = LINE('',#1668,#1669);
#1668 = CARTESIAN_POINT('',(0.,143.25,1.525));
#1669 = VECTOR('',#1670,1.);
#1670 = DIRECTION('',(0.,0.,1.));
#1671 = FACE_BOUND('',#1672,.T.);
#1672 = EDGE_LOOP('',(#1673,#1683,#1691,#1699));
#1673 = ORIENTED_EDGE('',*,*,#1674,.T.);
#1674 = EDGE_CURVE('',#1675,#1677,#1679,.T.);
#1675 = VERTEX_POINT('',#1676);
#1676 = CARTESIAN_POINT('',(0.,120.3,13.6));
#1677 = VERTEX_POINT('',#1678);
#1678 = CARTESIAN_POINT('',(0.,109.7,13.6));
#1679 = LINE('',#1680,#1681);
#1680 = CARTESIAN_POINT('',(0.,56.15,13.6));
#1681 = VECTOR('',#1682,1.);
#1682 = DIRECTION('',(0.,-1.,0.));
#1683 = ORIENTED_EDGE('',*,*,#1684,.T.);
#1684 = EDGE_CURVE('',#1677,#1685,#1687,.T.);
#1685 = VERTEX_POINT('',#1686);
#1686 = CARTESIAN_POINT('',(0.,109.7,16.2));
#1687 = LINE('',#1688,#1689);
#1688 = CARTESIAN_POINT('',(0.,109.7,7.5));
#1689 = VECTOR('',#1690,1.);
#1690 = DIRECTION('',(0.,0.,1.));
#1691 = ORIENTED_EDGE('',*,*,#1692,.F.);
#1692 = EDGE_CURVE('',#1693,#1685,#1695,.T.);
#1693 = VERTEX_POINT('',#1694);
#1694 = CARTESIAN_POINT('',(0.,120.3,16.2));
#1695 = LINE('',#1696,#1697);
#1696 = CARTESIAN_POINT('',(0.,56.15,16.2));
#1697 = VECTOR('',#1698,1.);
#1698 = DIRECTION('',(0.,-1.,0.));
#1699 = ORIENTED_EDGE('',*,*,#1700,.F.);
#1700 = EDGE_CURVE('',#1675,#1693,#1701,.T.);
#1701 = LINE('',#1702,#1703);
#1702 = CARTESIAN_POINT('',(0.,120.3,7.5));
#1703 = VECTOR('',#1704,1.);
#1704 = DIRECTION('',(0.,0.,1.));
#1705 = FACE_BOUND('',#1706,.T.);
#1706 = EDGE_LOOP('',(#1707,#1717,#1725,#1733));
#1707 = ORIENTED_EDGE('',*,*,#1708,.T.);
#1708 = EDGE_CURVE('',#1709,#1711,#1713,.T.);
#1709 = VERTEX_POINT('',#1710);
#1710 = CARTESIAN_POINT('',(0.,80.3,13.6));
#1711 = VERTEX_POINT('',#1712);
#1712 = CARTESIAN_POINT('',(0.,69.7,13.6));
#1713 = LINE('',#1714,#1715);
#1714 = CARTESIAN_POINT('',(0.,36.15,13.6));
#1715 = VECTOR('',#1716,1.);
#1716 = DIRECTION('',(0.,-1.,0.));
#1717 = ORIENTED_EDGE('',*,*,#1718,.T.);
#1718 = EDGE_CURVE('',#1711,#1719,#1721,.T.);
#1719 = VERTEX_POINT('',#1720);
#1720 = CARTESIAN_POINT('',(0.,69.7,16.2));
#1721 = LINE('',#1722,#1723);
#1722 = CARTESIAN_POINT('',(0.,69.7,7.5));
#1723 = VECTOR('',#1724,1.);
#1724 = DIRECTION('',(0.,0.,1.));
#1725 = ORIENTED_EDGE('',*,*,#1726,.F.);
#1726 = EDGE_CURVE('',#1727,#1719,#1729,.T.);
#1727 = VERTEX_POINT('',#1728);
#1728 = CARTESIAN_POINT('',(0.,80.3,16.2));
#1729 = LINE('',#1730,#1731);
#1730 = CARTESIAN_POINT('',(0.,36.15,16.2));
#1731 = VECTOR('',#1732,1.);
#1732 = DIRECTION('',(0.,-1.,0.));
#1733 = ORIENTED_EDGE('',*,*,#1734,.F.);
#1734 = EDGE_CURVE('',#1709,#1727,#1735,.T.);
#1735 = LINE('',#1736,#1737);
#1736 = CARTESIAN_POINT('',(0.,80.3,7.5));
#1737 = VECTOR('',#1738,1.);
#1738 = DIRECTION('',(0.,0.,1.));
#1739 = FACE_BOUND('',#1740,.T.);
#1740 = EDGE_LOOP('',(#1741,#1751,#1759,#1767));
#1741 = ORIENTED_EDGE('',*,*,#1742,.T.);
#1742 = EDGE_CURVE('',#1743,#1745,#1747,.T.);
#1743 = VERTEX_POINT('',#1744);
#1744 = CARTESIAN_POINT('',(0.,40.3,13.6));
#1745 = VERTEX_POINT('',#1746);
#1746 = CARTESIAN_POINT('',(0.,29.7,13.6));
#1747 = LINE('',#1748,#1749);
#1748 = CARTESIAN_POINT('',(0.,16.15,13.6));
#1749 = VECTOR('',#1750,1.);
#1750 = DIRECTION('',(0.,-1.,0.));
#1751 = ORIENTED_EDGE('',*,*,#1752,.T.);
#1752 = EDGE_CURVE('',#1745,#1753,#1755,.T.);
#1753 = VERTEX_POINT('',#1754);
#1754 = CARTESIAN_POINT('',(0.,29.7,16.2));
#1755 = LINE('',#1756,#1757);
#1756 = CARTESIAN_POINT('',(0.,29.7,7.5));
#1757 = VECTOR('',#1758,1.);
#1758 = DIRECTION('',(0.,0.,1.));
#1759 = ORIENTED_EDGE('',*,*,#1760,.F.);
#1760 = EDGE_CURVE('',#1761,#1753,#1763,.T.);
#1761 = VERTEX_POINT('',#1762);
#1762 = CARTESIAN_POINT('',(0.,40.3,16.2));
#1763 = LINE('',#1764,#1765);
#1764 = CARTESIAN_POINT('',(0.,16.15,16.2));
#1765 = VECTOR('',#1766,1.);
#1766 = DIRECTION('',(0.,-1.,0.));
#1767 = ORIENTED_EDGE('',*,*,#1768,.F.);
#1768 = EDGE_CURVE('',#1743,#1761,#1769,.T.);
#1769 = LINE('',#1770,#1771);
#1770 = CARTESIAN_POINT('',(0.,40.3,7.5));
#1771 = VECTOR('',#1772,1.);
#1772 = DIRECTION('',(0.,0.,1.));
#1773 = PLANE('',#1774);
#1774 = AXIS2_PLACEMENT_3D('',#1775,#1776,#1777);
#1775 = CARTESIAN_POINT('',(0.,2.6,1.4));
#1776 = DIRECTION('',(1.,0.,0.));
#1777 = DIRECTION('',(0.,0.,1.));
#1778 = ADVANCED_FACE('',(#1779),#1795,.T.);
#1779 = FACE_BOUND('',#1780,.T.);
#1780 = EDGE_LOOP('',(#1781,#1787,#1788,#1794));
#1781 = ORIENTED_EDGE('',*,*,#1782,.F.);
#1782 = EDGE_CURVE('',#321,#1641,#1783,.T.);
#1783 = LINE('',#1784,#1785);
#1784 = CARTESIAN_POINT('',(-3.4,143.25,1.65));
#1785 = VECTOR('',#1786,1.);
#1786 = DIRECTION('',(1.,0.,0.));
#1787 = ORIENTED_EDGE('',*,*,#320,.T.);
#1788 = ORIENTED_EDGE('',*,*,#1789,.T.);
#1789 = EDGE_CURVE('',#323,#1643,#1790,.T.);
#1790 = LINE('',#1791,#1792);
#1791 = CARTESIAN_POINT('',(-3.4,136.75,1.65));
#1792 = VECTOR('',#1793,1.);
#1793 = DIRECTION('',(1.,0.,0.));
#1794 = ORIENTED_EDGE('',*,*,#1640,.F.);
#1795 = PLANE('',#1796);
#1796 = AXIS2_PLACEMENT_3D('',#1797,#1798,#1799);
#1797 = CARTESIAN_POINT('',(-3.4,136.75,1.65));
#1798 = DIRECTION('',(0.,0.,1.));
#1799 = DIRECTION('',(1.,0.,0.));
#1800 = ADVANCED_FACE('',(#1801),#1812,.F.);
#1801 = FACE_BOUND('',#1802,.F.);
#1802 = EDGE_LOOP('',(#1803,#1804,#1805,#1811));
#1803 = ORIENTED_EDGE('',*,*,#1782,.F.);
#1804 = ORIENTED_EDGE('',*,*,#346,.T.);
#1805 = ORIENTED_EDGE('',*,*,#1806,.T.);
#1806 = EDGE_CURVE('',#339,#1659,#1807,.T.);
#1807 = LINE('',#1808,#1809);
#1808 = CARTESIAN_POINT('',(-3.4,143.25,8.15));
#1809 = VECTOR('',#1810,1.);
#1810 = DIRECTION('',(1.,0.,0.));
#1811 = ORIENTED_EDGE('',*,*,#1666,.F.);
#1812 = PLANE('',#1813);
#1813 = AXIS2_PLACEMENT_3D('',#1814,#1815,#1816);
#1814 = CARTESIAN_POINT('',(-3.4,143.25,1.65));
#1815 = DIRECTION('',(0.,1.,0.));
#1816 = DIRECTION('',(0.,0.,1.));
#1817 = ADVANCED_FACE('',(#1818),#1829,.F.);
#1818 = FACE_BOUND('',#1819,.F.);
#1819 = EDGE_LOOP('',(#1820,#1821,#1822,#1828));
#1820 = ORIENTED_EDGE('',*,*,#1806,.F.);
#1821 = ORIENTED_EDGE('',*,*,#338,.T.);
#1822 = ORIENTED_EDGE('',*,*,#1823,.T.);
#1823 = EDGE_CURVE('',#331,#1651,#1824,.T.);
#1824 = LINE('',#1825,#1826);
#1825 = CARTESIAN_POINT('',(-3.4,136.75,8.15));
#1826 = VECTOR('',#1827,1.);
#1827 = DIRECTION('',(1.,0.,0.));
#1828 = ORIENTED_EDGE('',*,*,#1658,.F.);
#1829 = PLANE('',#1830);
#1830 = AXIS2_PLACEMENT_3D('',#1831,#1832,#1833);
#1831 = CARTESIAN_POINT('',(-3.4,136.75,8.15));
#1832 = DIRECTION('',(0.,0.,1.));
#1833 = DIRECTION('',(1.,0.,0.));
#1834 = ADVANCED_FACE('',(#1835),#1841,.T.);
#1835 = FACE_BOUND('',#1836,.T.);
#1836 = EDGE_LOOP('',(#1837,#1838,#1839,#1840));
#1837 = ORIENTED_EDGE('',*,*,#1789,.F.);
#1838 = ORIENTED_EDGE('',*,*,#330,.T.);
#1839 = ORIENTED_EDGE('',*,*,#1823,.T.);
#1840 = ORIENTED_EDGE('',*,*,#1650,.F.);
#1841 = PLANE('',#1842);
#1842 = AXIS2_PLACEMENT_3D('',#1843,#1844,#1845);
#1843 = CARTESIAN_POINT('',(-3.4,136.75,1.65));
#1844 = DIRECTION('',(0.,1.,0.));
#1845 = DIRECTION('',(0.,0.,1.));
#1846 = ADVANCED_FACE('',(#1847),#1859,.T.);
#1847 = FACE_BOUND('',#1848,.F.);
#1848 = EDGE_LOOP('',(#1849,#1850,#1851,#1858));
#1849 = ORIENTED_EDGE('',*,*,#369,.F.);
#1850 = ORIENTED_EDGE('',*,*,#395,.T.);
#1851 = ORIENTED_EDGE('',*,*,#1852,.T.);
#1852 = EDGE_CURVE('',#386,#585,#1853,.T.);
#1853 = CIRCLE('',#1854,1.);
#1854 = AXIS2_PLACEMENT_3D('',#1855,#1856,#1857);
#1855 = CARTESIAN_POINT('',(65.4,2.6,1.));
#1856 = DIRECTION('',(6.123233995737E-17,1.,0.));
#1857 = DIRECTION('',(1.,-6.123233995737E-17,0.));
#1858 = ORIENTED_EDGE('',*,*,#592,.F.);
#1859 = TOROIDAL_SURFACE('',#1860,4.,1.);
#1860 = AXIS2_PLACEMENT_3D('',#1861,#1862,#1863);
#1861 = CARTESIAN_POINT('',(61.4,2.6,1.));
#1862 = DIRECTION('',(0.,0.,-1.));
#1863 = DIRECTION('',(0.,-1.,0.));
#1864 = ADVANCED_FACE('',(#1865),#1877,.T.);
#1865 = FACE_BOUND('',#1866,.F.);
#1866 = EDGE_LOOP('',(#1867,#1874,#1875,#1876));
#1867 = ORIENTED_EDGE('',*,*,#1868,.F.);
#1868 = EDGE_CURVE('',#926,#559,#1869,.T.);
#1869 = CIRCLE('',#1870,1.);
#1870 = AXIS2_PLACEMENT_3D('',#1871,#1872,#1873);
#1871 = CARTESIAN_POINT('',(2.6,152.6,1.));
#1872 = DIRECTION('',(-1.,0.,0.));
#1873 = DIRECTION('',(0.,1.,0.));
#1874 = ORIENTED_EDGE('',*,*,#933,.T.);
#1875 = ORIENTED_EDGE('',*,*,#531,.T.);
#1876 = ORIENTED_EDGE('',*,*,#558,.F.);
#1877 = TOROIDAL_SURFACE('',#1878,4.,1.);
#1878 = AXIS2_PLACEMENT_3D('',#1879,#1880,#1881);
#1879 = CARTESIAN_POINT('',(2.6,148.6,1.));
#1880 = DIRECTION('',(0.,0.,-1.));
#1881 = DIRECTION('',(-2.6645352591E-16,1.,0.));
#1882 = ADVANCED_FACE('',(#1883),#1895,.T.);
#1883 = FACE_BOUND('',#1884,.T.);
#1884 = EDGE_LOOP('',(#1885,#1892,#1893,#1894));
#1885 = ORIENTED_EDGE('',*,*,#1886,.T.);
#1886 = EDGE_CURVE('',#951,#568,#1887,.T.);
#1887 = CIRCLE('',#1888,1.);
#1888 = AXIS2_PLACEMENT_3D('',#1889,#1890,#1891);
#1889 = CARTESIAN_POINT('',(61.4,152.6,1.));
#1890 = DIRECTION('',(-1.,6.123233995737E-17,0.));
#1891 = DIRECTION('',(6.123233995737E-17,1.,0.));
#1892 = ORIENTED_EDGE('',*,*,#567,.T.);
#1893 = ORIENTED_EDGE('',*,*,#1868,.F.);
#1894 = ORIENTED_EDGE('',*,*,#958,.F.);
#1895 = CYLINDRICAL_SURFACE('',#1896,1.);
#1896 = AXIS2_PLACEMENT_3D('',#1897,#1898,#1899);
#1897 = CARTESIAN_POINT('',(61.4,152.6,1.));
#1898 = DIRECTION('',(-1.,0.,0.));
#1899 = DIRECTION('',(0.,1.,0.));
#1900 = ADVANCED_FACE('',(#1901),#1913,.T.);
#1901 = FACE_BOUND('',#1902,.T.);
#1902 = EDGE_LOOP('',(#1903,#1904,#1905,#1912));
#1903 = ORIENTED_EDGE('',*,*,#1852,.T.);
#1904 = ORIENTED_EDGE('',*,*,#584,.T.);
#1905 = ORIENTED_EDGE('',*,*,#1906,.F.);
#1906 = EDGE_CURVE('',#1008,#576,#1907,.T.);
#1907 = CIRCLE('',#1908,1.);
#1908 = AXIS2_PLACEMENT_3D('',#1909,#1910,#1911);
#1909 = CARTESIAN_POINT('',(65.4,148.6,1.));
#1910 = DIRECTION('',(-0.,1.,0.));
#1911 = DIRECTION('',(1.,0.,0.));
#1912 = ORIENTED_EDGE('',*,*,#1007,.F.);
#1913 = CYLINDRICAL_SURFACE('',#1914,1.);
#1914 = AXIS2_PLACEMENT_3D('',#1915,#1916,#1917);
#1915 = CARTESIAN_POINT('',(65.4,2.6,1.));
#1916 = DIRECTION('',(0.,1.,0.));
#1917 = DIRECTION('',(1.,0.,0.));
#1918 = ADVANCED_FACE('',(#1919),#1925,.T.);
#1919 = FACE_BOUND('',#1920,.F.);
#1920 = EDGE_LOOP('',(#1921,#1922,#1923,#1924));
#1921 = ORIENTED_EDGE('',*,*,#1906,.F.);
#1922 = ORIENTED_EDGE('',*,*,#1033,.T.);
#1923 = ORIENTED_EDGE('',*,*,#1886,.T.);
#1924 = ORIENTED_EDGE('',*,*,#575,.F.);
#1925 = TOROIDAL_SURFACE('',#1926,4.,1.);
#1926 = AXIS2_PLACEMENT_3D('',#1927,#1928,#1929);
#1927 = CARTESIAN_POINT('',(61.4,148.6,1.));
#1928 = DIRECTION('',(0.,0.,-1.));
#1929 = DIRECTION('',(1.,0.,0.));
#1930 = ADVANCED_FACE('',(#1931),#1956,.F.);
#1931 = FACE_BOUND('',#1932,.F.);
#1932 = EDGE_LOOP('',(#1933,#1934,#1942,#1950));
#1933 = ORIENTED_EDGE('',*,*,#602,.F.);
#1934 = ORIENTED_EDGE('',*,*,#1935,.T.);
#1935 = EDGE_CURVE('',#603,#1936,#1938,.T.);
#1936 = VERTEX_POINT('',#1937);
#1937 = CARTESIAN_POINT('',(40.840223328156,125.7,1.4));
#1938 = LINE('',#1939,#1940);
#1939 = CARTESIAN_POINT('',(40.840223328156,125.7,-1.));
#1940 = VECTOR('',#1941,1.);
#1941 = DIRECTION('',(0.,0.,1.));
#1942 = ORIENTED_EDGE('',*,*,#1943,.T.);
#1943 = EDGE_CURVE('',#1936,#1944,#1946,.T.);
#1944 = VERTEX_POINT('',#1945);
#1945 = CARTESIAN_POINT('',(55.159776671844,125.7,1.4));
#1946 = LINE('',#1947,#1948);
#1947 = CARTESIAN_POINT('',(36.420111664078,125.7,1.4));
#1948 = VECTOR('',#1949,1.);
#1949 = DIRECTION('',(1.,0.,0.));
#1950 = ORIENTED_EDGE('',*,*,#1951,.F.);
#1951 = EDGE_CURVE('',#605,#1944,#1952,.T.);
#1952 = LINE('',#1953,#1954);
#1953 = CARTESIAN_POINT('',(55.159776671844,125.7,-1.));
#1954 = VECTOR('',#1955,1.);
#1955 = DIRECTION('',(0.,0.,1.));
#1956 = PLANE('',#1957);
#1957 = AXIS2_PLACEMENT_3D('',#1958,#1959,#1960);
#1958 = CARTESIAN_POINT('',(40.840223328156,125.7,-1.));
#1959 = DIRECTION('',(0.,1.,0.));
#1960 = DIRECTION('',(0.,0.,1.));
#1961 = ADVANCED_FACE('',(#1962),#1991,.F.);
#1962 = FACE_BOUND('',#1963,.F.);
#1963 = EDGE_LOOP('',(#1964,#1972,#1973,#1974,#1975,#1984));
#1964 = ORIENTED_EDGE('',*,*,#1965,.F.);
#1965 = EDGE_CURVE('',#622,#1966,#1968,.T.);
#1966 = VERTEX_POINT('',#1967);
#1967 = CARTESIAN_POINT('',(55.159776671844,123.9,1.4));
#1968 = LINE('',#1969,#1970);
#1969 = CARTESIAN_POINT('',(55.159776671844,123.9,-1.));
#1970 = VECTOR('',#1971,1.);
#1971 = DIRECTION('',(0.,0.,1.));
#1972 = ORIENTED_EDGE('',*,*,#629,.T.);
#1973 = ORIENTED_EDGE('',*,*,#638,.T.);
#1974 = ORIENTED_EDGE('',*,*,#1951,.T.);
#1975 = ORIENTED_EDGE('',*,*,#1976,.F.);
#1976 = EDGE_CURVE('',#1977,#1944,#1979,.T.);
#1977 = VERTEX_POINT('',#1978);
#1978 = CARTESIAN_POINT('',(56.059776671844,124.8,1.4));
#1979 = CIRCLE('',#1980,0.9);
#1980 = AXIS2_PLACEMENT_3D('',#1981,#1982,#1983);
#1981 = CARTESIAN_POINT('',(55.159776671844,124.8,1.4));
#1982 = DIRECTION('',(0.,0.,1.));
#1983 = DIRECTION('',(1.,0.,0.));
#1984 = ORIENTED_EDGE('',*,*,#1985,.F.);
#1985 = EDGE_CURVE('',#1966,#1977,#1986,.T.);
#1986 = CIRCLE('',#1987,0.9);
#1987 = AXIS2_PLACEMENT_3D('',#1988,#1989,#1990);
#1988 = CARTESIAN_POINT('',(55.159776671844,124.8,1.4));
#1989 = DIRECTION('',(0.,0.,1.));
#1990 = DIRECTION('',(1.,0.,0.));
#1991 = CYLINDRICAL_SURFACE('',#1992,0.9);
#1992 = AXIS2_PLACEMENT_3D('',#1993,#1994,#1995);
#1993 = CARTESIAN_POINT('',(55.159776671844,124.8,-1.));
#1994 = DIRECTION('',(0.,0.,1.));
#1995 = DIRECTION('',(1.,0.,0.));
#1996 = ADVANCED_FACE('',(#1997),#2015,.T.);
#1997 = FACE_BOUND('',#1998,.T.);
#1998 = EDGE_LOOP('',(#1999,#2000,#2008,#2014));
#1999 = ORIENTED_EDGE('',*,*,#621,.F.);
#2000 = ORIENTED_EDGE('',*,*,#2001,.T.);
#2001 = EDGE_CURVE('',#613,#2002,#2004,.T.);
#2002 = VERTEX_POINT('',#2003);
#2003 = CARTESIAN_POINT('',(40.840223328156,123.9,1.4));
#2004 = LINE('',#2005,#2006);
#2005 = CARTESIAN_POINT('',(40.840223328156,123.9,-1.));
#2006 = VECTOR('',#2007,1.);
#2007 = DIRECTION('',(0.,0.,1.));
#2008 = ORIENTED_EDGE('',*,*,#2009,.T.);
#2009 = EDGE_CURVE('',#2002,#1966,#2010,.T.);
#2010 = LINE('',#2011,#2012);
#2011 = CARTESIAN_POINT('',(36.420111664078,123.9,1.4));
#2012 = VECTOR('',#2013,1.);
#2013 = DIRECTION('',(1.,0.,0.));
#2014 = ORIENTED_EDGE('',*,*,#1965,.F.);
#2015 = PLANE('',#2016);
#2016 = AXIS2_PLACEMENT_3D('',#2017,#2018,#2019);
#2017 = CARTESIAN_POINT('',(40.840223328156,123.9,-1.));
#2018 = DIRECTION('',(0.,1.,0.));
#2019 = DIRECTION('',(0.,0.,1.));
#2020 = ADVANCED_FACE('',(#2021),#2033,.F.);
#2021 = FACE_BOUND('',#2022,.F.);
#2022 = EDGE_LOOP('',(#2023,#2030,#2031,#2032));
#2023 = ORIENTED_EDGE('',*,*,#2024,.F.);
#2024 = EDGE_CURVE('',#1936,#2002,#2025,.T.);
#2025 = CIRCLE('',#2026,0.9);
#2026 = AXIS2_PLACEMENT_3D('',#2027,#2028,#2029);
#2027 = CARTESIAN_POINT('',(40.840223328156,124.8,1.4));
#2028 = DIRECTION('',(0.,0.,1.));
#2029 = DIRECTION('',(1.,0.,0.));
#2030 = ORIENTED_EDGE('',*,*,#1935,.F.);
#2031 = ORIENTED_EDGE('',*,*,#612,.T.);
#2032 = ORIENTED_EDGE('',*,*,#2001,.T.);
#2033 = CYLINDRICAL_SURFACE('',#2034,0.9);
#2034 = AXIS2_PLACEMENT_3D('',#2035,#2036,#2037);
#2035 = CARTESIAN_POINT('',(40.840223328156,124.8,-1.));
#2036 = DIRECTION('',(0.,0.,1.));
#2037 = DIRECTION('',(1.,0.,0.));
#2038 = ADVANCED_FACE('',(#2039),#2064,.F.);
#2039 = FACE_BOUND('',#2040,.F.);
#2040 = EDGE_LOOP('',(#2041,#2042,#2050,#2058));
#2041 = ORIENTED_EDGE('',*,*,#647,.F.);
#2042 = ORIENTED_EDGE('',*,*,#2043,.T.);
#2043 = EDGE_CURVE('',#648,#2044,#2046,.T.);
#2044 = VERTEX_POINT('',#2045);
#2045 = CARTESIAN_POINT('',(37.820288812428,129.1,1.4));
#2046 = LINE('',#2047,#2048);
#2047 = CARTESIAN_POINT('',(37.820288812428,129.1,-1.));
#2048 = VECTOR('',#2049,1.);
#2049 = DIRECTION('',(0.,0.,1.));
#2050 = ORIENTED_EDGE('',*,*,#2051,.T.);
#2051 = EDGE_CURVE('',#2044,#2052,#2054,.T.);
#2052 = VERTEX_POINT('',#2053);
#2053 = CARTESIAN_POINT('',(58.179711187572,129.1,1.4));
#2054 = LINE('',#2055,#2056);
#2055 = CARTESIAN_POINT('',(34.910144406214,129.1,1.4));
#2056 = VECTOR('',#2057,1.);
#2057 = DIRECTION('',(1.,0.,0.));
#2058 = ORIENTED_EDGE('',*,*,#2059,.F.);
#2059 = EDGE_CURVE('',#650,#2052,#2060,.T.);
#2060 = LINE('',#2061,#2062);
#2061 = CARTESIAN_POINT('',(58.179711187572,129.1,-1.));
#2062 = VECTOR('',#2063,1.);
#2063 = DIRECTION('',(0.,0.,1.));
#2064 = PLANE('',#2065);
#2065 = AXIS2_PLACEMENT_3D('',#2066,#2067,#2068);
#2066 = CARTESIAN_POINT('',(37.820288812428,129.1,-1.));
#2067 = DIRECTION('',(0.,1.,0.));
#2068 = DIRECTION('',(0.,0.,1.));
#2069 = ADVANCED_FACE('',(#2070),#2099,.F.);
#2070 = FACE_BOUND('',#2071,.F.);
#2071 = EDGE_LOOP('',(#2072,#2080,#2081,#2082,#2083,#2092));
#2072 = ORIENTED_EDGE('',*,*,#2073,.F.);
#2073 = EDGE_CURVE('',#667,#2074,#2076,.T.);
#2074 = VERTEX_POINT('',#2075);
#2075 = CARTESIAN_POINT('',(58.179711187572,127.3,1.4));
#2076 = LINE('',#2077,#2078);
#2077 = CARTESIAN_POINT('',(58.179711187572,127.3,-1.));
#2078 = VECTOR('',#2079,1.);
#2079 = DIRECTION('',(0.,0.,1.));
#2080 = ORIENTED_EDGE('',*,*,#674,.T.);
#2081 = ORIENTED_EDGE('',*,*,#683,.T.);
#2082 = ORIENTED_EDGE('',*,*,#2059,.T.);
#2083 = ORIENTED_EDGE('',*,*,#2084,.F.);
#2084 = EDGE_CURVE('',#2085,#2052,#2087,.T.);
#2085 = VERTEX_POINT('',#2086);
#2086 = CARTESIAN_POINT('',(59.079711187572,128.2,1.4));
#2087 = CIRCLE('',#2088,0.9);
#2088 = AXIS2_PLACEMENT_3D('',#2089,#2090,#2091);
#2089 = CARTESIAN_POINT('',(58.179711187572,128.2,1.4));
#2090 = DIRECTION('',(0.,0.,1.));
#2091 = DIRECTION('',(1.,0.,0.));
#2092 = ORIENTED_EDGE('',*,*,#2093,.F.);
#2093 = EDGE_CURVE('',#2074,#2085,#2094,.T.);
#2094 = CIRCLE('',#2095,0.9);
#2095 = AXIS2_PLACEMENT_3D('',#2096,#2097,#2098);
#2096 = CARTESIAN_POINT('',(58.179711187572,128.2,1.4));
#2097 = DIRECTION('',(0.,0.,1.));
#2098 = DIRECTION('',(1.,0.,0.));
#2099 = CYLINDRICAL_SURFACE('',#2100,0.9);
#2100 = AXIS2_PLACEMENT_3D('',#2101,#2102,#2103);
#2101 = CARTESIAN_POINT('',(58.179711187572,128.2,-1.));
#2102 = DIRECTION('',(0.,0.,1.));
#2103 = DIRECTION('',(1.,0.,0.));
#2104 = ADVANCED_FACE('',(#2105),#2123,.T.);
#2105 = FACE_BOUND('',#2106,.T.);
#2106 = EDGE_LOOP('',(#2107,#2108,#2116,#2122));
#2107 = ORIENTED_EDGE('',*,*,#666,.F.);
#2108 = ORIENTED_EDGE('',*,*,#2109,.T.);
#2109 = EDGE_CURVE('',#658,#2110,#2112,.T.);
#2110 = VERTEX_POINT('',#2111);
#2111 = CARTESIAN_POINT('',(37.820288812428,127.3,1.4));
#2112 = LINE('',#2113,#2114);
#2113 = CARTESIAN_POINT('',(37.820288812428,127.3,-1.));
#2114 = VECTOR('',#2115,1.);
#2115 = DIRECTION('',(0.,0.,1.));
#2116 = ORIENTED_EDGE('',*,*,#2117,.T.);
#2117 = EDGE_CURVE('',#2110,#2074,#2118,.T.);
#2118 = LINE('',#2119,#2120);
#2119 = CARTESIAN_POINT('',(34.910144406214,127.3,1.4));
#2120 = VECTOR('',#2121,1.);
#2121 = DIRECTION('',(1.,0.,0.));
#2122 = ORIENTED_EDGE('',*,*,#2073,.F.);
#2123 = PLANE('',#2124);
#2124 = AXIS2_PLACEMENT_3D('',#2125,#2126,#2127);
#2125 = CARTESIAN_POINT('',(37.820288812428,127.3,-1.));
#2126 = DIRECTION('',(0.,1.,0.));
#2127 = DIRECTION('',(0.,0.,1.));
#2128 = ADVANCED_FACE('',(#2129),#2141,.F.);
#2129 = FACE_BOUND('',#2130,.F.);
#2130 = EDGE_LOOP('',(#2131,#2138,#2139,#2140));
#2131 = ORIENTED_EDGE('',*,*,#2132,.F.);
#2132 = EDGE_CURVE('',#2044,#2110,#2133,.T.);
#2133 = CIRCLE('',#2134,0.9);
#2134 = AXIS2_PLACEMENT_3D('',#2135,#2136,#2137);
#2135 = CARTESIAN_POINT('',(37.820288812428,128.2,1.4));
#2136 = DIRECTION('',(0.,0.,1.));
#2137 = DIRECTION('',(1.,0.,0.));
#2138 = ORIENTED_EDGE('',*,*,#2043,.F.);
#2139 = ORIENTED_EDGE('',*,*,#657,.T.);
#2140 = ORIENTED_EDGE('',*,*,#2109,.T.);
#2141 = CYLINDRICAL_SURFACE('',#2142,0.9);
#2142 = AXIS2_PLACEMENT_3D('',#2143,#2144,#2145);
#2143 = CARTESIAN_POINT('',(37.820288812428,128.2,-1.));
#2144 = DIRECTION('',(0.,0.,1.));
#2145 = DIRECTION('',(1.,0.,0.));
#2146 = ADVANCED_FACE('',(#2147),#2172,.F.);
#2147 = FACE_BOUND('',#2148,.F.);
#2148 = EDGE_LOOP('',(#2149,#2150,#2158,#2166));
#2149 = ORIENTED_EDGE('',*,*,#692,.F.);
#2150 = ORIENTED_EDGE('',*,*,#2151,.T.);
#2151 = EDGE_CURVE('',#693,#2152,#2154,.T.);
#2152 = VERTEX_POINT('',#2153);
#2153 = CARTESIAN_POINT('',(36.352490286914,132.5,1.4));
#2154 = LINE('',#2155,#2156);
#2155 = CARTESIAN_POINT('',(36.352490286914,132.5,-1.));
#2156 = VECTOR('',#2157,1.);
#2157 = DIRECTION('',(0.,0.,1.));
#2158 = ORIENTED_EDGE('',*,*,#2159,.T.);
#2159 = EDGE_CURVE('',#2152,#2160,#2162,.T.);
#2160 = VERTEX_POINT('',#2161);
#2161 = CARTESIAN_POINT('',(59.647509713086,132.5,1.4));
#2162 = LINE('',#2163,#2164);
#2163 = CARTESIAN_POINT('',(34.176245143457,132.5,1.4));
#2164 = VECTOR('',#2165,1.);
#2165 = DIRECTION('',(1.,0.,0.));
#2166 = ORIENTED_EDGE('',*,*,#2167,.F.);
#2167 = EDGE_CURVE('',#695,#2160,#2168,.T.);
#2168 = LINE('',#2169,#2170);
#2169 = CARTESIAN_POINT('',(59.647509713086,132.5,-1.));
#2170 = VECTOR('',#2171,1.);
#2171 = DIRECTION('',(0.,0.,1.));
#2172 = PLANE('',#2173);
#2173 = AXIS2_PLACEMENT_3D('',#2174,#2175,#2176);
#2174 = CARTESIAN_POINT('',(36.352490286914,132.5,-1.));
#2175 = DIRECTION('',(0.,1.,0.));
#2176 = DIRECTION('',(0.,0.,1.));
#2177 = ADVANCED_FACE('',(#2178),#2207,.F.);
#2178 = FACE_BOUND('',#2179,.F.);
#2179 = EDGE_LOOP('',(#2180,#2188,#2189,#2190,#2191,#2200));
#2180 = ORIENTED_EDGE('',*,*,#2181,.F.);
#2181 = EDGE_CURVE('',#712,#2182,#2184,.T.);
#2182 = VERTEX_POINT('',#2183);
#2183 = CARTESIAN_POINT('',(59.647509713086,130.7,1.4));
#2184 = LINE('',#2185,#2186);
#2185 = CARTESIAN_POINT('',(59.647509713086,130.7,-1.));
#2186 = VECTOR('',#2187,1.);
#2187 = DIRECTION('',(0.,0.,1.));
#2188 = ORIENTED_EDGE('',*,*,#719,.T.);
#2189 = ORIENTED_EDGE('',*,*,#728,.T.);
#2190 = ORIENTED_EDGE('',*,*,#2167,.T.);
#2191 = ORIENTED_EDGE('',*,*,#2192,.F.);
#2192 = EDGE_CURVE('',#2193,#2160,#2195,.T.);
#2193 = VERTEX_POINT('',#2194);
#2194 = CARTESIAN_POINT('',(60.547509713086,131.6,1.4));
#2195 = CIRCLE('',#2196,0.9);
#2196 = AXIS2_PLACEMENT_3D('',#2197,#2198,#2199);
#2197 = CARTESIAN_POINT('',(59.647509713086,131.6,1.4));
#2198 = DIRECTION('',(0.,0.,1.));
#2199 = DIRECTION('',(1.,0.,0.));
#2200 = ORIENTED_EDGE('',*,*,#2201,.F.);
#2201 = EDGE_CURVE('',#2182,#2193,#2202,.T.);
#2202 = CIRCLE('',#2203,0.9);
#2203 = AXIS2_PLACEMENT_3D('',#2204,#2205,#2206);
#2204 = CARTESIAN_POINT('',(59.647509713086,131.6,1.4));
#2205 = DIRECTION('',(0.,0.,1.));
#2206 = DIRECTION('',(1.,0.,0.));
#2207 = CYLINDRICAL_SURFACE('',#2208,0.9);
#2208 = AXIS2_PLACEMENT_3D('',#2209,#2210,#2211);
#2209 = CARTESIAN_POINT('',(59.647509713086,131.6,-1.));
#2210 = DIRECTION('',(0.,0.,1.));
#2211 = DIRECTION('',(1.,0.,0.));
#2212 = ADVANCED_FACE('',(#2213),#2231,.T.);
#2213 = FACE_BOUND('',#2214,.T.);
#2214 = EDGE_LOOP('',(#2215,#2216,#2224,#2230));
#2215 = ORIENTED_EDGE('',*,*,#711,.F.);
#2216 = ORIENTED_EDGE('',*,*,#2217,.T.);
#2217 = EDGE_CURVE('',#703,#2218,#2220,.T.);
#2218 = VERTEX_POINT('',#2219);
#2219 = CARTESIAN_POINT('',(36.352490286914,130.7,1.4));
#2220 = LINE('',#2221,#2222);
#2221 = CARTESIAN_POINT('',(36.352490286914,130.7,-1.));
#2222 = VECTOR('',#2223,1.);
#2223 = DIRECTION('',(0.,0.,1.));
#2224 = ORIENTED_EDGE('',*,*,#2225,.T.);
#2225 = EDGE_CURVE('',#2218,#2182,#2226,.T.);
#2226 = LINE('',#2227,#2228);
#2227 = CARTESIAN_POINT('',(34.176245143457,130.7,1.4));
#2228 = VECTOR('',#2229,1.);
#2229 = DIRECTION('',(1.,0.,0.));
#2230 = ORIENTED_EDGE('',*,*,#2181,.F.);
#2231 = PLANE('',#2232);
#2232 = AXIS2_PLACEMENT_3D('',#2233,#2234,#2235);
#2233 = CARTESIAN_POINT('',(36.352490286914,130.7,-1.));
#2234 = DIRECTION('',(0.,1.,0.));
#2235 = DIRECTION('',(0.,0.,1.));
#2236 = ADVANCED_FACE('',(#2237),#2249,.F.);
#2237 = FACE_BOUND('',#2238,.F.);
#2238 = EDGE_LOOP('',(#2239,#2246,#2247,#2248));
#2239 = ORIENTED_EDGE('',*,*,#2240,.F.);
#2240 = EDGE_CURVE('',#2152,#2218,#2241,.T.);
#2241 = CIRCLE('',#2242,0.9);
#2242 = AXIS2_PLACEMENT_3D('',#2243,#2244,#2245);
#2243 = CARTESIAN_POINT('',(36.352490286914,131.6,1.4));
#2244 = DIRECTION('',(0.,0.,1.));
#2245 = DIRECTION('',(1.,0.,0.));
#2246 = ORIENTED_EDGE('',*,*,#2151,.F.);
#2247 = ORIENTED_EDGE('',*,*,#702,.T.);
#2248 = ORIENTED_EDGE('',*,*,#2217,.T.);
#2249 = CYLINDRICAL_SURFACE('',#2250,0.9);
#2250 = AXIS2_PLACEMENT_3D('',#2251,#2252,#2253);
#2251 = CARTESIAN_POINT('',(36.352490286914,131.6,-1.));
#2252 = DIRECTION('',(0.,0.,1.));
#2253 = DIRECTION('',(1.,0.,0.));
#2254 = ADVANCED_FACE('',(#2255),#2280,.F.);
#2255 = FACE_BOUND('',#2256,.F.);
#2256 = EDGE_LOOP('',(#2257,#2258,#2266,#2274));
#2257 = ORIENTED_EDGE('',*,*,#737,.F.);
#2258 = ORIENTED_EDGE('',*,*,#2259,.T.);
#2259 = EDGE_CURVE('',#738,#2260,#2262,.T.);
#2260 = VERTEX_POINT('',#2261);
#2261 = CARTESIAN_POINT('',(35.9,135.9,1.4));
#2262 = LINE('',#2263,#2264);
#2263 = CARTESIAN_POINT('',(35.9,135.9,-1.));
#2264 = VECTOR('',#2265,1.);
#2265 = DIRECTION('',(0.,0.,1.));
#2266 = ORIENTED_EDGE('',*,*,#2267,.T.);
#2267 = EDGE_CURVE('',#2260,#2268,#2270,.T.);
#2268 = VERTEX_POINT('',#2269);
#2269 = CARTESIAN_POINT('',(60.1,135.9,1.4));
#2270 = LINE('',#2271,#2272);
#2271 = CARTESIAN_POINT('',(33.95,135.9,1.4));
#2272 = VECTOR('',#2273,1.);
#2273 = DIRECTION('',(1.,0.,0.));
#2274 = ORIENTED_EDGE('',*,*,#2275,.F.);
#2275 = EDGE_CURVE('',#740,#2268,#2276,.T.);
#2276 = LINE('',#2277,#2278);
#2277 = CARTESIAN_POINT('',(60.1,135.9,-1.));
#2278 = VECTOR('',#2279,1.);
#2279 = DIRECTION('',(0.,0.,1.));
#2280 = PLANE('',#2281);
#2281 = AXIS2_PLACEMENT_3D('',#2282,#2283,#2284);
#2282 = CARTESIAN_POINT('',(35.9,135.9,-1.));
#2283 = DIRECTION('',(0.,1.,0.));
#2284 = DIRECTION('',(0.,0.,1.));
#2285 = ADVANCED_FACE('',(#2286),#2315,.F.);
#2286 = FACE_BOUND('',#2287,.F.);
#2287 = EDGE_LOOP('',(#2288,#2296,#2297,#2298,#2299,#2308));
#2288 = ORIENTED_EDGE('',*,*,#2289,.F.);
#2289 = EDGE_CURVE('',#757,#2290,#2292,.T.);
#2290 = VERTEX_POINT('',#2291);
#2291 = CARTESIAN_POINT('',(60.1,134.1,1.4));
#2292 = LINE('',#2293,#2294);
#2293 = CARTESIAN_POINT('',(60.1,134.1,-1.));
#2294 = VECTOR('',#2295,1.);
#2295 = DIRECTION('',(0.,0.,1.));
#2296 = ORIENTED_EDGE('',*,*,#764,.T.);
#2297 = ORIENTED_EDGE('',*,*,#773,.T.);
#2298 = ORIENTED_EDGE('',*,*,#2275,.T.);
#2299 = ORIENTED_EDGE('',*,*,#2300,.F.);
#2300 = EDGE_CURVE('',#2301,#2268,#2303,.T.);
#2301 = VERTEX_POINT('',#2302);
#2302 = CARTESIAN_POINT('',(61.,135.,1.4));
#2303 = CIRCLE('',#2304,0.9);
#2304 = AXIS2_PLACEMENT_3D('',#2305,#2306,#2307);
#2305 = CARTESIAN_POINT('',(60.1,135.,1.4));
#2306 = DIRECTION('',(0.,0.,1.));
#2307 = DIRECTION('',(1.,0.,0.));
#2308 = ORIENTED_EDGE('',*,*,#2309,.F.);
#2309 = EDGE_CURVE('',#2290,#2301,#2310,.T.);
#2310 = CIRCLE('',#2311,0.9);
#2311 = AXIS2_PLACEMENT_3D('',#2312,#2313,#2314);
#2312 = CARTESIAN_POINT('',(60.1,135.,1.4));
#2313 = DIRECTION('',(0.,0.,1.));
#2314 = DIRECTION('',(1.,0.,0.));
#2315 = CYLINDRICAL_SURFACE('',#2316,0.9);
#2316 = AXIS2_PLACEMENT_3D('',#2317,#2318,#2319);
#2317 = CARTESIAN_POINT('',(60.1,135.,-1.));
#2318 = DIRECTION('',(0.,0.,1.));
#2319 = DIRECTION('',(1.,0.,0.));
#2320 = ADVANCED_FACE('',(#2321),#2339,.T.);
#2321 = FACE_BOUND('',#2322,.T.);
#2322 = EDGE_LOOP('',(#2323,#2324,#2332,#2338));
#2323 = ORIENTED_EDGE('',*,*,#756,.F.);
#2324 = ORIENTED_EDGE('',*,*,#2325,.T.);
#2325 = EDGE_CURVE('',#748,#2326,#2328,.T.);
#2326 = VERTEX_POINT('',#2327);
#2327 = CARTESIAN_POINT('',(35.9,134.1,1.4));
#2328 = LINE('',#2329,#2330);
#2329 = CARTESIAN_POINT('',(35.9,134.1,-1.));
#2330 = VECTOR('',#2331,1.);
#2331 = DIRECTION('',(0.,0.,1.));
#2332 = ORIENTED_EDGE('',*,*,#2333,.T.);
#2333 = EDGE_CURVE('',#2326,#2290,#2334,.T.);
#2334 = LINE('',#2335,#2336);
#2335 = CARTESIAN_POINT('',(33.95,134.1,1.4));
#2336 = VECTOR('',#2337,1.);
#2337 = DIRECTION('',(1.,0.,0.));
#2338 = ORIENTED_EDGE('',*,*,#2289,.F.);
#2339 = PLANE('',#2340);
#2340 = AXIS2_PLACEMENT_3D('',#2341,#2342,#2343);
#2341 = CARTESIAN_POINT('',(35.9,134.1,-1.));
#2342 = DIRECTION('',(0.,1.,0.));
#2343 = DIRECTION('',(0.,0.,1.));
#2344 = ADVANCED_FACE('',(#2345),#2357,.F.);
#2345 = FACE_BOUND('',#2346,.F.);
#2346 = EDGE_LOOP('',(#2347,#2354,#2355,#2356));
#2347 = ORIENTED_EDGE('',*,*,#2348,.F.);
#2348 = EDGE_CURVE('',#2260,#2326,#2349,.T.);
#2349 = CIRCLE('',#2350,0.9);
#2350 = AXIS2_PLACEMENT_3D('',#2351,#2352,#2353);
#2351 = CARTESIAN_POINT('',(35.9,135.,1.4));
#2352 = DIRECTION('',(0.,0.,1.));
#2353 = DIRECTION('',(1.,0.,0.));
#2354 = ORIENTED_EDGE('',*,*,#2259,.F.);
#2355 = ORIENTED_EDGE('',*,*,#747,.T.);
#2356 = ORIENTED_EDGE('',*,*,#2325,.T.);
#2357 = CYLINDRICAL_SURFACE('',#2358,0.9);
#2358 = AXIS2_PLACEMENT_3D('',#2359,#2360,#2361);
#2359 = CARTESIAN_POINT('',(35.9,135.,-1.));
#2360 = DIRECTION('',(0.,0.,1.));
#2361 = DIRECTION('',(1.,0.,0.));
#2362 = ADVANCED_FACE('',(#2363),#2388,.F.);
#2363 = FACE_BOUND('',#2364,.F.);
#2364 = EDGE_LOOP('',(#2365,#2366,#2374,#2382));
#2365 = ORIENTED_EDGE('',*,*,#782,.F.);
#2366 = ORIENTED_EDGE('',*,*,#2367,.T.);
#2367 = EDGE_CURVE('',#783,#2368,#2370,.T.);
#2368 = VERTEX_POINT('',#2369);
#2369 = CARTESIAN_POINT('',(36.352490286914,139.3,1.4));
#2370 = LINE('',#2371,#2372);
#2371 = CARTESIAN_POINT('',(36.352490286914,139.3,-1.));
#2372 = VECTOR('',#2373,1.);
#2373 = DIRECTION('',(0.,0.,1.));
#2374 = ORIENTED_EDGE('',*,*,#2375,.T.);
#2375 = EDGE_CURVE('',#2368,#2376,#2378,.T.);
#2376 = VERTEX_POINT('',#2377);
#2377 = CARTESIAN_POINT('',(59.647509713086,139.3,1.4));
#2378 = LINE('',#2379,#2380);
#2379 = CARTESIAN_POINT('',(34.176245143457,139.3,1.4));
#2380 = VECTOR('',#2381,1.);
#2381 = DIRECTION('',(1.,0.,0.));
#2382 = ORIENTED_EDGE('',*,*,#2383,.F.);
#2383 = EDGE_CURVE('',#785,#2376,#2384,.T.);
#2384 = LINE('',#2385,#2386);
#2385 = CARTESIAN_POINT('',(59.647509713086,139.3,-1.));
#2386 = VECTOR('',#2387,1.);
#2387 = DIRECTION('',(0.,0.,1.));
#2388 = PLANE('',#2389);
#2389 = AXIS2_PLACEMENT_3D('',#2390,#2391,#2392);
#2390 = CARTESIAN_POINT('',(36.352490286914,139.3,-1.));
#2391 = DIRECTION('',(0.,1.,0.));
#2392 = DIRECTION('',(0.,0.,1.));
#2393 = ADVANCED_FACE('',(#2394),#2423,.F.);
#2394 = FACE_BOUND('',#2395,.F.);
#2395 = EDGE_LOOP('',(#2396,#2404,#2405,#2406,#2407,#2416));
#2396 = ORIENTED_EDGE('',*,*,#2397,.F.);
#2397 = EDGE_CURVE('',#802,#2398,#2400,.T.);
#2398 = VERTEX_POINT('',#2399);
#2399 = CARTESIAN_POINT('',(59.647509713086,137.5,1.4));
#2400 = LINE('',#2401,#2402);
#2401 = CARTESIAN_POINT('',(59.647509713086,137.5,-1.));
#2402 = VECTOR('',#2403,1.);
#2403 = DIRECTION('',(0.,0.,1.));
#2404 = ORIENTED_EDGE('',*,*,#809,.T.);
#2405 = ORIENTED_EDGE('',*,*,#818,.T.);
#2406 = ORIENTED_EDGE('',*,*,#2383,.T.);
#2407 = ORIENTED_EDGE('',*,*,#2408,.F.);
#2408 = EDGE_CURVE('',#2409,#2376,#2411,.T.);
#2409 = VERTEX_POINT('',#2410);
#2410 = CARTESIAN_POINT('',(60.547509713086,138.4,1.4));
#2411 = CIRCLE('',#2412,0.9);
#2412 = AXIS2_PLACEMENT_3D('',#2413,#2414,#2415);
#2413 = CARTESIAN_POINT('',(59.647509713086,138.4,1.4));
#2414 = DIRECTION('',(0.,0.,1.));
#2415 = DIRECTION('',(1.,0.,0.));
#2416 = ORIENTED_EDGE('',*,*,#2417,.F.);
#2417 = EDGE_CURVE('',#2398,#2409,#2418,.T.);
#2418 = CIRCLE('',#2419,0.9);
#2419 = AXIS2_PLACEMENT_3D('',#2420,#2421,#2422);
#2420 = CARTESIAN_POINT('',(59.647509713086,138.4,1.4));
#2421 = DIRECTION('',(0.,0.,1.));
#2422 = DIRECTION('',(1.,0.,0.));
#2423 = CYLINDRICAL_SURFACE('',#2424,0.9);
#2424 = AXIS2_PLACEMENT_3D('',#2425,#2426,#2427);
#2425 = CARTESIAN_POINT('',(59.647509713086,138.4,-1.));
#2426 = DIRECTION('',(0.,0.,1.));
#2427 = DIRECTION('',(1.,0.,0.));
#2428 = ADVANCED_FACE('',(#2429),#2447,.T.);
#2429 = FACE_BOUND('',#2430,.T.);
#2430 = EDGE_LOOP('',(#2431,#2432,#2440,#2446));
#2431 = ORIENTED_EDGE('',*,*,#801,.F.);
#2432 = ORIENTED_EDGE('',*,*,#2433,.T.);
#2433 = EDGE_CURVE('',#793,#2434,#2436,.T.);
#2434 = VERTEX_POINT('',#2435);
#2435 = CARTESIAN_POINT('',(36.352490286914,137.5,1.4));
#2436 = LINE('',#2437,#2438);
#2437 = CARTESIAN_POINT('',(36.352490286914,137.5,-1.));
#2438 = VECTOR('',#2439,1.);
#2439 = DIRECTION('',(0.,0.,1.));
#2440 = ORIENTED_EDGE('',*,*,#2441,.T.);
#2441 = EDGE_CURVE('',#2434,#2398,#2442,.T.);
#2442 = LINE('',#2443,#2444);
#2443 = CARTESIAN_POINT('',(34.176245143457,137.5,1.4));
#2444 = VECTOR('',#2445,1.);
#2445 = DIRECTION('',(1.,0.,0.));
#2446 = ORIENTED_EDGE('',*,*,#2397,.F.);
#2447 = PLANE('',#2448);
#2448 = AXIS2_PLACEMENT_3D('',#2449,#2450,#2451);
#2449 = CARTESIAN_POINT('',(36.352490286914,137.5,-1.));
#2450 = DIRECTION('',(0.,1.,0.));
#2451 = DIRECTION('',(0.,0.,1.));
#2452 = ADVANCED_FACE('',(#2453),#2465,.F.);
#2453 = FACE_BOUND('',#2454,.F.);
#2454 = EDGE_LOOP('',(#2455,#2462,#2463,#2464));
#2455 = ORIENTED_EDGE('',*,*,#2456,.F.);
#2456 = EDGE_CURVE('',#2368,#2434,#2457,.T.);
#2457 = CIRCLE('',#2458,0.9);
#2458 = AXIS2_PLACEMENT_3D('',#2459,#2460,#2461);
#2459 = CARTESIAN_POINT('',(36.352490286914,138.4,1.4));
#2460 = DIRECTION('',(0.,0.,1.));
#2461 = DIRECTION('',(1.,0.,0.));
#2462 = ORIENTED_EDGE('',*,*,#2367,.F.);
#2463 = ORIENTED_EDGE('',*,*,#792,.T.);
#2464 = ORIENTED_EDGE('',*,*,#2433,.T.);
#2465 = CYLINDRICAL_SURFACE('',#2466,0.9);
#2466 = AXIS2_PLACEMENT_3D('',#2467,#2468,#2469);
#2467 = CARTESIAN_POINT('',(36.352490286914,138.4,-1.));
#2468 = DIRECTION('',(0.,0.,1.));
#2469 = DIRECTION('',(1.,0.,0.));
#2470 = ADVANCED_FACE('',(#2471),#2496,.F.);
#2471 = FACE_BOUND('',#2472,.F.);
#2472 = EDGE_LOOP('',(#2473,#2474,#2482,#2490));
#2473 = ORIENTED_EDGE('',*,*,#827,.F.);
#2474 = ORIENTED_EDGE('',*,*,#2475,.T.);
#2475 = EDGE_CURVE('',#828,#2476,#2478,.T.);
#2476 = VERTEX_POINT('',#2477);
#2477 = CARTESIAN_POINT('',(37.820288812428,142.7,1.4));
#2478 = LINE('',#2479,#2480);
#2479 = CARTESIAN_POINT('',(37.820288812428,142.7,-1.));
#2480 = VECTOR('',#2481,1.);
#2481 = DIRECTION('',(0.,0.,1.));
#2482 = ORIENTED_EDGE('',*,*,#2483,.T.);
#2483 = EDGE_CURVE('',#2476,#2484,#2486,.T.);
#2484 = VERTEX_POINT('',#2485);
#2485 = CARTESIAN_POINT('',(58.179711187572,142.7,1.4));
#2486 = LINE('',#2487,#2488);
#2487 = CARTESIAN_POINT('',(34.910144406214,142.7,1.4));
#2488 = VECTOR('',#2489,1.);
#2489 = DIRECTION('',(1.,0.,0.));
#2490 = ORIENTED_EDGE('',*,*,#2491,.F.);
#2491 = EDGE_CURVE('',#830,#2484,#2492,.T.);
#2492 = LINE('',#2493,#2494);
#2493 = CARTESIAN_POINT('',(58.179711187572,142.7,-1.));
#2494 = VECTOR('',#2495,1.);
#2495 = DIRECTION('',(0.,0.,1.));
#2496 = PLANE('',#2497);
#2497 = AXIS2_PLACEMENT_3D('',#2498,#2499,#2500);
#2498 = CARTESIAN_POINT('',(37.820288812428,142.7,-1.));
#2499 = DIRECTION('',(0.,1.,0.));
#2500 = DIRECTION('',(0.,0.,1.));
#2501 = ADVANCED_FACE('',(#2502),#2531,.F.);
#2502 = FACE_BOUND('',#2503,.F.);
#2503 = EDGE_LOOP('',(#2504,#2512,#2513,#2514,#2515,#2524));
#2504 = ORIENTED_EDGE('',*,*,#2505,.F.);
#2505 = EDGE_CURVE('',#847,#2506,#2508,.T.);
#2506 = VERTEX_POINT('',#2507);
#2507 = CARTESIAN_POINT('',(58.179711187572,140.9,1.4));
#2508 = LINE('',#2509,#2510);
#2509 = CARTESIAN_POINT('',(58.179711187572,140.9,-1.));
#2510 = VECTOR('',#2511,1.);
#2511 = DIRECTION('',(0.,0.,1.));
#2512 = ORIENTED_EDGE('',*,*,#854,.T.);
#2513 = ORIENTED_EDGE('',*,*,#863,.T.);
#2514 = ORIENTED_EDGE('',*,*,#2491,.T.);
#2515 = ORIENTED_EDGE('',*,*,#2516,.F.);
#2516 = EDGE_CURVE('',#2517,#2484,#2519,.T.);
#2517 = VERTEX_POINT('',#2518);
#2518 = CARTESIAN_POINT('',(59.079711187572,141.8,1.4));
#2519 = CIRCLE('',#2520,0.9);
#2520 = AXIS2_PLACEMENT_3D('',#2521,#2522,#2523);
#2521 = CARTESIAN_POINT('',(58.179711187572,141.8,1.4));
#2522 = DIRECTION('',(0.,0.,1.));
#2523 = DIRECTION('',(1.,0.,0.));
#2524 = ORIENTED_EDGE('',*,*,#2525,.F.);
#2525 = EDGE_CURVE('',#2506,#2517,#2526,.T.);
#2526 = CIRCLE('',#2527,0.9);
#2527 = AXIS2_PLACEMENT_3D('',#2528,#2529,#2530);
#2528 = CARTESIAN_POINT('',(58.179711187572,141.8,1.4));
#2529 = DIRECTION('',(0.,0.,1.));
#2530 = DIRECTION('',(1.,0.,0.));
#2531 = CYLINDRICAL_SURFACE('',#2532,0.9);
#2532 = AXIS2_PLACEMENT_3D('',#2533,#2534,#2535);
#2533 = CARTESIAN_POINT('',(58.179711187572,141.8,-1.));
#2534 = DIRECTION('',(0.,0.,1.));
#2535 = DIRECTION('',(1.,0.,0.));
#2536 = ADVANCED_FACE('',(#2537),#2555,.T.);
#2537 = FACE_BOUND('',#2538,.T.);
#2538 = EDGE_LOOP('',(#2539,#2540,#2548,#2554));
#2539 = ORIENTED_EDGE('',*,*,#846,.F.);
#2540 = ORIENTED_EDGE('',*,*,#2541,.T.);
#2541 = EDGE_CURVE('',#838,#2542,#2544,.T.);
#2542 = VERTEX_POINT('',#2543);
#2543 = CARTESIAN_POINT('',(37.820288812428,140.9,1.4));
#2544 = LINE('',#2545,#2546);
#2545 = CARTESIAN_POINT('',(37.820288812428,140.9,-1.));
#2546 = VECTOR('',#2547,1.);
#2547 = DIRECTION('',(0.,0.,1.));
#2548 = ORIENTED_EDGE('',*,*,#2549,.T.);
#2549 = EDGE_CURVE('',#2542,#2506,#2550,.T.);
#2550 = LINE('',#2551,#2552);
#2551 = CARTESIAN_POINT('',(34.910144406214,140.9,1.4));
#2552 = VECTOR('',#2553,1.);
#2553 = DIRECTION('',(1.,0.,0.));
#2554 = ORIENTED_EDGE('',*,*,#2505,.F.);
#2555 = PLANE('',#2556);
#2556 = AXIS2_PLACEMENT_3D('',#2557,#2558,#2559);
#2557 = CARTESIAN_POINT('',(37.820288812428,140.9,-1.));
#2558 = DIRECTION('',(0.,1.,0.));
#2559 = DIRECTION('',(0.,0.,1.));
#2560 = ADVANCED_FACE('',(#2561),#2573,.F.);
#2561 = FACE_BOUND('',#2562,.F.);
#2562 = EDGE_LOOP('',(#2563,#2570,#2571,#2572));
#2563 = ORIENTED_EDGE('',*,*,#2564,.F.);
#2564 = EDGE_CURVE('',#2476,#2542,#2565,.T.);
#2565 = CIRCLE('',#2566,0.9);
#2566 = AXIS2_PLACEMENT_3D('',#2567,#2568,#2569);
#2567 = CARTESIAN_POINT('',(37.820288812428,141.8,1.4));
#2568 = DIRECTION('',(0.,0.,1.));
#2569 = DIRECTION('',(1.,0.,0.));
#2570 = ORIENTED_EDGE('',*,*,#2475,.F.);
#2571 = ORIENTED_EDGE('',*,*,#837,.T.);
#2572 = ORIENTED_EDGE('',*,*,#2541,.T.);
#2573 = CYLINDRICAL_SURFACE('',#2574,0.9);
#2574 = AXIS2_PLACEMENT_3D('',#2575,#2576,#2577);
#2575 = CARTESIAN_POINT('',(37.820288812428,141.8,-1.));
#2576 = DIRECTION('',(0.,0.,1.));
#2577 = DIRECTION('',(1.,0.,0.));
#2578 = ADVANCED_FACE('',(#2579),#2604,.F.);
#2579 = FACE_BOUND('',#2580,.F.);
#2580 = EDGE_LOOP('',(#2581,#2582,#2590,#2598));
#2581 = ORIENTED_EDGE('',*,*,#872,.F.);
#2582 = ORIENTED_EDGE('',*,*,#2583,.T.);
#2583 = EDGE_CURVE('',#873,#2584,#2586,.T.);
#2584 = VERTEX_POINT('',#2585);
#2585 = CARTESIAN_POINT('',(40.840223328156,146.1,1.4));
#2586 = LINE('',#2587,#2588);
#2587 = CARTESIAN_POINT('',(40.840223328156,146.1,-1.));
#2588 = VECTOR('',#2589,1.);
#2589 = DIRECTION('',(0.,0.,1.));
#2590 = ORIENTED_EDGE('',*,*,#2591,.T.);
#2591 = EDGE_CURVE('',#2584,#2592,#2594,.T.);
#2592 = VERTEX_POINT('',#2593);
#2593 = CARTESIAN_POINT('',(55.159776671844,146.1,1.4));
#2594 = LINE('',#2595,#2596);
#2595 = CARTESIAN_POINT('',(36.420111664078,146.1,1.4));
#2596 = VECTOR('',#2597,1.);
#2597 = DIRECTION('',(1.,0.,0.));
#2598 = ORIENTED_EDGE('',*,*,#2599,.F.);
#2599 = EDGE_CURVE('',#875,#2592,#2600,.T.);
#2600 = LINE('',#2601,#2602);
#2601 = CARTESIAN_POINT('',(55.159776671844,146.1,-1.));
#2602 = VECTOR('',#2603,1.);
#2603 = DIRECTION('',(0.,0.,1.));
#2604 = PLANE('',#2605);
#2605 = AXIS2_PLACEMENT_3D('',#2606,#2607,#2608);
#2606 = CARTESIAN_POINT('',(40.840223328156,146.1,-1.));
#2607 = DIRECTION('',(0.,1.,0.));
#2608 = DIRECTION('',(0.,0.,1.));
#2609 = ADVANCED_FACE('',(#2610),#2639,.F.);
#2610 = FACE_BOUND('',#2611,.F.);
#2611 = EDGE_LOOP('',(#2612,#2620,#2621,#2622,#2623,#2632));
#2612 = ORIENTED_EDGE('',*,*,#2613,.F.);
#2613 = EDGE_CURVE('',#892,#2614,#2616,.T.);
#2614 = VERTEX_POINT('',#2615);
#2615 = CARTESIAN_POINT('',(55.159776671844,144.3,1.4));
#2616 = LINE('',#2617,#2618);
#2617 = CARTESIAN_POINT('',(55.159776671844,144.3,-1.));
#2618 = VECTOR('',#2619,1.);
#2619 = DIRECTION('',(0.,0.,1.));
#2620 = ORIENTED_EDGE('',*,*,#899,.T.);
#2621 = ORIENTED_EDGE('',*,*,#908,.T.);
#2622 = ORIENTED_EDGE('',*,*,#2599,.T.);
#2623 = ORIENTED_EDGE('',*,*,#2624,.F.);
#2624 = EDGE_CURVE('',#2625,#2592,#2627,.T.);
#2625 = VERTEX_POINT('',#2626);
#2626 = CARTESIAN_POINT('',(56.059776671844,145.2,1.4));
#2627 = CIRCLE('',#2628,0.9);
#2628 = AXIS2_PLACEMENT_3D('',#2629,#2630,#2631);
#2629 = CARTESIAN_POINT('',(55.159776671844,145.2,1.4));
#2630 = DIRECTION('',(0.,0.,1.));
#2631 = DIRECTION('',(1.,0.,0.));
#2632 = ORIENTED_EDGE('',*,*,#2633,.F.);
#2633 = EDGE_CURVE('',#2614,#2625,#2634,.T.);
#2634 = CIRCLE('',#2635,0.9);
#2635 = AXIS2_PLACEMENT_3D('',#2636,#2637,#2638);
#2636 = CARTESIAN_POINT('',(55.159776671844,145.2,1.4));
#2637 = DIRECTION('',(0.,0.,1.));
#2638 = DIRECTION('',(1.,0.,0.));
#2639 = CYLINDRICAL_SURFACE('',#2640,0.9);
#2640 = AXIS2_PLACEMENT_3D('',#2641,#2642,#2643);
#2641 = CARTESIAN_POINT('',(55.159776671844,145.2,-1.));
#2642 = DIRECTION('',(0.,0.,1.));
#2643 = DIRECTION('',(1.,0.,0.));
#2644 = ADVANCED_FACE('',(#2645),#2663,.T.);
#2645 = FACE_BOUND('',#2646,.T.);
#2646 = EDGE_LOOP('',(#2647,#2648,#2656,#2662));
#2647 = ORIENTED_EDGE('',*,*,#891,.F.);
#2648 = ORIENTED_EDGE('',*,*,#2649,.T.);
#2649 = EDGE_CURVE('',#883,#2650,#2652,.T.);
#2650 = VERTEX_POINT('',#2651);
#2651 = CARTESIAN_POINT('',(40.840223328156,144.3,1.4));
#2652 = LINE('',#2653,#2654);
#2653 = CARTESIAN_POINT('',(40.840223328156,144.3,-1.));
#2654 = VECTOR('',#2655,1.);
#2655 = DIRECTION('',(0.,0.,1.));
#2656 = ORIENTED_EDGE('',*,*,#2657,.T.);
#2657 = EDGE_CURVE('',#2650,#2614,#2658,.T.);
#2658 = LINE('',#2659,#2660);
#2659 = CARTESIAN_POINT('',(36.420111664078,144.3,1.4));
#2660 = VECTOR('',#2661,1.);
#2661 = DIRECTION('',(1.,0.,0.));
#2662 = ORIENTED_EDGE('',*,*,#2613,.F.);
#2663 = PLANE('',#2664);
#2664 = AXIS2_PLACEMENT_3D('',#2665,#2666,#2667);
#2665 = CARTESIAN_POINT('',(40.840223328156,144.3,-1.));
#2666 = DIRECTION('',(0.,1.,0.));
#2667 = DIRECTION('',(0.,0.,1.));
#2668 = ADVANCED_FACE('',(#2669),#2681,.F.);
#2669 = FACE_BOUND('',#2670,.F.);
#2670 = EDGE_LOOP('',(#2671,#2678,#2679,#2680));
#2671 = ORIENTED_EDGE('',*,*,#2672,.F.);
#2672 = EDGE_CURVE('',#2584,#2650,#2673,.T.);
#2673 = CIRCLE('',#2674,0.9);
#2674 = AXIS2_PLACEMENT_3D('',#2675,#2676,#2677);
#2675 = CARTESIAN_POINT('',(40.840223328156,145.2,1.4));
#2676 = DIRECTION('',(0.,0.,1.));
#2677 = DIRECTION('',(1.,0.,0.));
#2678 = ORIENTED_EDGE('',*,*,#2583,.F.);
#2679 = ORIENTED_EDGE('',*,*,#882,.T.);
#2680 = ORIENTED_EDGE('',*,*,#2649,.T.);
#2681 = CYLINDRICAL_SURFACE('',#2682,0.9);
#2682 = AXIS2_PLACEMENT_3D('',#2683,#2684,#2685);
#2683 = CARTESIAN_POINT('',(40.840223328156,145.2,-1.));
#2684 = DIRECTION('',(0.,0.,1.));
#2685 = DIRECTION('',(1.,0.,0.));
#2686 = ADVANCED_FACE('',(#2687),#2703,.F.);
#2687 = FACE_BOUND('',#2688,.F.);
#2688 = EDGE_LOOP('',(#2689,#2695,#2696,#2702));
#2689 = ORIENTED_EDGE('',*,*,#2690,.F.);
#2690 = EDGE_CURVE('',#1399,#967,#2691,.T.);
#2691 = LINE('',#2692,#2693);
#2692 = CARTESIAN_POINT('',(17.,147.2,5.7));
#2693 = VECTOR('',#2694,1.);
#2694 = DIRECTION('',(0.,1.,0.));
#2695 = ORIENTED_EDGE('',*,*,#1398,.T.);
#2696 = ORIENTED_EDGE('',*,*,#2697,.T.);
#2697 = EDGE_CURVE('',#1401,#969,#2698,.T.);
#2698 = LINE('',#2699,#2700);
#2699 = CARTESIAN_POINT('',(29.,147.2,5.7));
#2700 = VECTOR('',#2701,1.);
#2701 = DIRECTION('',(0.,1.,0.));
#2702 = ORIENTED_EDGE('',*,*,#966,.F.);
#2703 = PLANE('',#2704);
#2704 = AXIS2_PLACEMENT_3D('',#2705,#2706,#2707);
#2705 = CARTESIAN_POINT('',(17.,147.2,5.7));
#2706 = DIRECTION('',(0.,0.,1.));
#2707 = DIRECTION('',(1.,0.,0.));
#2708 = ADVANCED_FACE('',(#2709),#2720,.F.);
#2709 = FACE_BOUND('',#2710,.F.);
#2710 = EDGE_LOOP('',(#2711,#2712,#2713,#2719));
#2711 = ORIENTED_EDGE('',*,*,#2697,.F.);
#2712 = ORIENTED_EDGE('',*,*,#1424,.T.);
#2713 = ORIENTED_EDGE('',*,*,#2714,.T.);
#2714 = EDGE_CURVE('',#1417,#985,#2715,.T.);
#2715 = LINE('',#2716,#2717);
#2716 = CARTESIAN_POINT('',(29.,147.2,3.5));
#2717 = VECTOR('',#2718,1.);
#2718 = DIRECTION('',(0.,1.,0.));
#2719 = ORIENTED_EDGE('',*,*,#992,.F.);
#2720 = PLANE('',#2721);
#2721 = AXIS2_PLACEMENT_3D('',#2722,#2723,#2724);
#2722 = CARTESIAN_POINT('',(29.,147.2,3.5));
#2723 = DIRECTION('',(1.,0.,0.));
#2724 = DIRECTION('',(0.,0.,1.));
#2725 = ADVANCED_FACE('',(#2726),#2737,.T.);
#2726 = FACE_BOUND('',#2727,.T.);
#2727 = EDGE_LOOP('',(#2728,#2734,#2735,#2736));
#2728 = ORIENTED_EDGE('',*,*,#2729,.F.);
#2729 = EDGE_CURVE('',#1409,#977,#2730,.T.);
#2730 = LINE('',#2731,#2732);
#2731 = CARTESIAN_POINT('',(17.,147.2,3.5));
#2732 = VECTOR('',#2733,1.);
#2733 = DIRECTION('',(0.,1.,0.));
#2734 = ORIENTED_EDGE('',*,*,#1416,.T.);
#2735 = ORIENTED_EDGE('',*,*,#2714,.T.);
#2736 = ORIENTED_EDGE('',*,*,#984,.F.);
#2737 = PLANE('',#2738);
#2738 = AXIS2_PLACEMENT_3D('',#2739,#2740,#2741);
#2739 = CARTESIAN_POINT('',(17.,147.2,3.5));
#2740 = DIRECTION('',(0.,0.,1.));
#2741 = DIRECTION('',(1.,0.,0.));
#2742 = ADVANCED_FACE('',(#2743),#2749,.T.);
#2743 = FACE_BOUND('',#2744,.T.);
#2744 = EDGE_LOOP('',(#2745,#2746,#2747,#2748));
#2745 = ORIENTED_EDGE('',*,*,#2690,.F.);
#2746 = ORIENTED_EDGE('',*,*,#1408,.T.);
#2747 = ORIENTED_EDGE('',*,*,#2729,.T.);
#2748 = ORIENTED_EDGE('',*,*,#976,.F.);
#2749 = PLANE('',#2750);
#2750 = AXIS2_PLACEMENT_3D('',#2751,#2752,#2753);
#2751 = CARTESIAN_POINT('',(17.,147.2,3.5));
#2752 = DIRECTION('',(1.,0.,0.));
#2753 = DIRECTION('',(0.,0.,1.));
#2754 = ADVANCED_FACE('',(#2755,#2811,#2818,#2825,#2832,#2839,#2846,
    #2853),#2860,.F.);
#2755 = FACE_BOUND('',#2756,.F.);
#2756 = EDGE_LOOP('',(#2757,#2758,#2759,#2767,#2775,#2781,#2782,#2790,
    #2798,#2804,#2805,#2806,#2807,#2808,#2809,#2810));
#2757 = ORIENTED_EDGE('',*,*,#1057,.F.);
#2758 = ORIENTED_EDGE('',*,*,#1566,.T.);
#2759 = ORIENTED_EDGE('',*,*,#2760,.T.);
#2760 = EDGE_CURVE('',#1567,#2761,#2763,.T.);
#2761 = VERTEX_POINT('',#2762);
#2762 = CARTESIAN_POINT('',(9.,135.3,1.4));
#2763 = LINE('',#2764,#2765);
#2764 = CARTESIAN_POINT('',(0.,135.3,1.4));
#2765 = VECTOR('',#2766,1.);
#2766 = DIRECTION('',(1.,0.,0.));
#2767 = ORIENTED_EDGE('',*,*,#2768,.T.);
#2768 = EDGE_CURVE('',#2761,#2769,#2771,.T.);
#2769 = VERTEX_POINT('',#2770);
#2770 = CARTESIAN_POINT('',(9.,136.5,1.4));
#2771 = LINE('',#2772,#2773);
#2772 = CARTESIAN_POINT('',(9.,135.3,1.4));
#2773 = VECTOR('',#2774,1.);
#2774 = DIRECTION('',(0.,1.,0.));
#2775 = ORIENTED_EDGE('',*,*,#2776,.F.);
#2776 = EDGE_CURVE('',#1591,#2769,#2777,.T.);
#2777 = LINE('',#2778,#2779);
#2778 = CARTESIAN_POINT('',(0.,136.5,1.4));
#2779 = VECTOR('',#2780,1.);
#2780 = DIRECTION('',(1.,0.,0.));
#2781 = ORIENTED_EDGE('',*,*,#1598,.T.);
#2782 = ORIENTED_EDGE('',*,*,#2783,.T.);
#2783 = EDGE_CURVE('',#1599,#2784,#2786,.T.);
#2784 = VERTEX_POINT('',#2785);
#2785 = CARTESIAN_POINT('',(9.,143.5,1.4));
#2786 = LINE('',#2787,#2788);
#2787 = CARTESIAN_POINT('',(0.,143.5,1.4));
#2788 = VECTOR('',#2789,1.);
#2789 = DIRECTION('',(1.,0.,0.));
#2790 = ORIENTED_EDGE('',*,*,#2791,.T.);
#2791 = EDGE_CURVE('',#2784,#2792,#2794,.T.);
#2792 = VERTEX_POINT('',#2793);
#2793 = CARTESIAN_POINT('',(9.,144.7,1.4));
#2794 = LINE('',#2795,#2796);
#2795 = CARTESIAN_POINT('',(9.,143.5,1.4));
#2796 = VECTOR('',#2797,1.);
#2797 = DIRECTION('',(0.,1.,0.));
#2798 = ORIENTED_EDGE('',*,*,#2799,.F.);
#2799 = EDGE_CURVE('',#1623,#2792,#2800,.T.);
#2800 = LINE('',#2801,#2802);
#2801 = CARTESIAN_POINT('',(0.,144.7,1.4));
#2802 = VECTOR('',#2803,1.);
#2803 = DIRECTION('',(1.,0.,0.));
#2804 = ORIENTED_EDGE('',*,*,#1630,.T.);
#2805 = ORIENTED_EDGE('',*,*,#1542,.F.);
#2806 = ORIENTED_EDGE('',*,*,#1380,.T.);
#2807 = ORIENTED_EDGE('',*,*,#1357,.F.);
#2808 = ORIENTED_EDGE('',*,*,#1230,.F.);
#2809 = ORIENTED_EDGE('',*,*,#1180,.F.);
#2810 = ORIENTED_EDGE('',*,*,#1080,.F.);
#2811 = FACE_BOUND('',#2812,.F.);
#2812 = EDGE_LOOP('',(#2813,#2814,#2815,#2816,#2817));
#2813 = ORIENTED_EDGE('',*,*,#1943,.F.);
#2814 = ORIENTED_EDGE('',*,*,#2024,.T.);
#2815 = ORIENTED_EDGE('',*,*,#2009,.T.);
#2816 = ORIENTED_EDGE('',*,*,#1985,.T.);
#2817 = ORIENTED_EDGE('',*,*,#1976,.T.);
#2818 = FACE_BOUND('',#2819,.F.);
#2819 = EDGE_LOOP('',(#2820,#2821,#2822,#2823,#2824));
#2820 = ORIENTED_EDGE('',*,*,#2051,.F.);
#2821 = ORIENTED_EDGE('',*,*,#2132,.T.);
#2822 = ORIENTED_EDGE('',*,*,#2117,.T.);
#2823 = ORIENTED_EDGE('',*,*,#2093,.T.);
#2824 = ORIENTED_EDGE('',*,*,#2084,.T.);
#2825 = FACE_BOUND('',#2826,.F.);
#2826 = EDGE_LOOP('',(#2827,#2828,#2829,#2830,#2831));
#2827 = ORIENTED_EDGE('',*,*,#2159,.F.);
#2828 = ORIENTED_EDGE('',*,*,#2240,.T.);
#2829 = ORIENTED_EDGE('',*,*,#2225,.T.);
#2830 = ORIENTED_EDGE('',*,*,#2201,.T.);
#2831 = ORIENTED_EDGE('',*,*,#2192,.T.);
#2832 = FACE_BOUND('',#2833,.F.);
#2833 = EDGE_LOOP('',(#2834,#2835,#2836,#2837,#2838));
#2834 = ORIENTED_EDGE('',*,*,#2267,.F.);
#2835 = ORIENTED_EDGE('',*,*,#2348,.T.);
#2836 = ORIENTED_EDGE('',*,*,#2333,.T.);
#2837 = ORIENTED_EDGE('',*,*,#2309,.T.);
#2838 = ORIENTED_EDGE('',*,*,#2300,.T.);
#2839 = FACE_BOUND('',#2840,.F.);
#2840 = EDGE_LOOP('',(#2841,#2842,#2843,#2844,#2845));
#2841 = ORIENTED_EDGE('',*,*,#2375,.F.);
#2842 = ORIENTED_EDGE('',*,*,#2456,.T.);
#2843 = ORIENTED_EDGE('',*,*,#2441,.T.);
#2844 = ORIENTED_EDGE('',*,*,#2417,.T.);
#2845 = ORIENTED_EDGE('',*,*,#2408,.T.);
#2846 = FACE_BOUND('',#2847,.F.);
#2847 = EDGE_LOOP('',(#2848,#2849,#2850,#2851,#2852));
#2848 = ORIENTED_EDGE('',*,*,#2483,.F.);
#2849 = ORIENTED_EDGE('',*,*,#2564,.T.);
#2850 = ORIENTED_EDGE('',*,*,#2549,.T.);
#2851 = ORIENTED_EDGE('',*,*,#2525,.T.);
#2852 = ORIENTED_EDGE('',*,*,#2516,.T.);
#2853 = FACE_BOUND('',#2854,.F.);
#2854 = EDGE_LOOP('',(#2855,#2856,#2857,#2858,#2859));
#2855 = ORIENTED_EDGE('',*,*,#2591,.F.);
#2856 = ORIENTED_EDGE('',*,*,#2672,.T.);
#2857 = ORIENTED_EDGE('',*,*,#2657,.T.);
#2858 = ORIENTED_EDGE('',*,*,#2633,.T.);
#2859 = ORIENTED_EDGE('',*,*,#2624,.T.);
#2860 = PLANE('',#2861);
#2861 = AXIS2_PLACEMENT_3D('',#2862,#2863,#2864);
#2862 = CARTESIAN_POINT('',(32.,75.6,1.4));
#2863 = DIRECTION('',(-0.,-0.,-1.));
#2864 = DIRECTION('',(-1.,0.,0.));
#2865 = ADVANCED_FACE('',(#2866),#2892,.T.);
#2866 = FACE_BOUND('',#2867,.T.);
#2867 = EDGE_LOOP('',(#2868,#2876,#2884,#2890,#2891));
#2868 = ORIENTED_EDGE('',*,*,#2869,.F.);
#2869 = EDGE_CURVE('',#2870,#1107,#2872,.T.);
#2870 = VERTEX_POINT('',#2871);
#2871 = CARTESIAN_POINT('',(51.7,-1.,13.6));
#2872 = LINE('',#2873,#2874);
#2873 = CARTESIAN_POINT('',(51.7,-1.,13.6));
#2874 = VECTOR('',#2875,1.);
#2875 = DIRECTION('',(0.,1.,0.));
#2876 = ORIENTED_EDGE('',*,*,#2877,.T.);
#2877 = EDGE_CURVE('',#2870,#2878,#2880,.T.);
#2878 = VERTEX_POINT('',#2879);
#2879 = CARTESIAN_POINT('',(62.3,-1.,13.6));
#2880 = LINE('',#2881,#2882);
#2881 = CARTESIAN_POINT('',(51.7,-1.,13.6));
#2882 = VECTOR('',#2883,1.);
#2883 = DIRECTION('',(1.,0.,0.));
#2884 = ORIENTED_EDGE('',*,*,#2885,.T.);
#2885 = EDGE_CURVE('',#2878,#1207,#2886,.T.);
#2886 = LINE('',#2887,#2888);
#2887 = CARTESIAN_POINT('',(62.3,-1.,13.6));
#2888 = VECTOR('',#2889,1.);
#2889 = DIRECTION('',(0.,1.,0.));
#2890 = ORIENTED_EDGE('',*,*,#1214,.F.);
#2891 = ORIENTED_EDGE('',*,*,#1114,.F.);
#2892 = PLANE('',#2893);
#2893 = AXIS2_PLACEMENT_3D('',#2894,#2895,#2896);
#2894 = CARTESIAN_POINT('',(51.7,-1.,13.6));
#2895 = DIRECTION('',(0.,0.,1.));
#2896 = DIRECTION('',(1.,0.,0.));
#2897 = ADVANCED_FACE('',(#2898),#2916,.T.);
#2898 = FACE_BOUND('',#2899,.T.);
#2899 = EDGE_LOOP('',(#2900,#2908,#2914,#2915));
#2900 = ORIENTED_EDGE('',*,*,#2901,.F.);
#2901 = EDGE_CURVE('',#2902,#1099,#2904,.T.);
#2902 = VERTEX_POINT('',#2903);
#2903 = CARTESIAN_POINT('',(51.7,-1.,16.2));
#2904 = LINE('',#2905,#2906);
#2905 = CARTESIAN_POINT('',(51.7,-1.,16.2));
#2906 = VECTOR('',#2907,1.);
#2907 = DIRECTION('',(0.,1.,0.));
#2908 = ORIENTED_EDGE('',*,*,#2909,.F.);
#2909 = EDGE_CURVE('',#2870,#2902,#2910,.T.);
#2910 = LINE('',#2911,#2912);
#2911 = CARTESIAN_POINT('',(51.7,-1.,13.6));
#2912 = VECTOR('',#2913,1.);
#2913 = DIRECTION('',(0.,0.,1.));
#2914 = ORIENTED_EDGE('',*,*,#2869,.T.);
#2915 = ORIENTED_EDGE('',*,*,#1106,.F.);
#2916 = PLANE('',#2917);
#2917 = AXIS2_PLACEMENT_3D('',#2918,#2919,#2920);
#2918 = CARTESIAN_POINT('',(51.7,-1.,13.6));
#2919 = DIRECTION('',(1.,0.,0.));
#2920 = DIRECTION('',(0.,0.,1.));
#2921 = ADVANCED_FACE('',(#2922),#2941,.F.);
#2922 = FACE_BOUND('',#2923,.F.);
#2923 = EDGE_LOOP('',(#2924,#2925,#2933,#2939,#2940));
#2924 = ORIENTED_EDGE('',*,*,#2901,.F.);
#2925 = ORIENTED_EDGE('',*,*,#2926,.T.);
#2926 = EDGE_CURVE('',#2902,#2927,#2929,.T.);
#2927 = VERTEX_POINT('',#2928);
#2928 = CARTESIAN_POINT('',(62.3,-1.,16.2));
#2929 = LINE('',#2930,#2931);
#2930 = CARTESIAN_POINT('',(51.7,-1.,16.2));
#2931 = VECTOR('',#2932,1.);
#2932 = DIRECTION('',(1.,0.,0.));
#2933 = ORIENTED_EDGE('',*,*,#2934,.T.);
#2934 = EDGE_CURVE('',#2927,#1198,#2935,.T.);
#2935 = LINE('',#2936,#2937);
#2936 = CARTESIAN_POINT('',(62.3,-1.,16.2));
#2937 = VECTOR('',#2938,1.);
#2938 = DIRECTION('',(0.,1.,0.));
#2939 = ORIENTED_EDGE('',*,*,#1197,.F.);
#2940 = ORIENTED_EDGE('',*,*,#1098,.F.);
#2941 = PLANE('',#2942);
#2942 = AXIS2_PLACEMENT_3D('',#2943,#2944,#2945);
#2943 = CARTESIAN_POINT('',(51.7,-1.,16.2));
#2944 = DIRECTION('',(0.,0.,1.));
#2945 = DIRECTION('',(1.,0.,0.));
#2946 = ADVANCED_FACE('',(#2947),#2972,.F.);
#2947 = FACE_BOUND('',#2948,.F.);
#2948 = EDGE_LOOP('',(#2949,#2957,#2965,#2971));
#2949 = ORIENTED_EDGE('',*,*,#2950,.F.);
#2950 = EDGE_CURVE('',#2951,#1134,#2953,.T.);
#2951 = VERTEX_POINT('',#2952);
#2952 = CARTESIAN_POINT('',(22.7,-1.,16.2));
#2953 = LINE('',#2954,#2955);
#2954 = CARTESIAN_POINT('',(22.7,-1.,16.2));
#2955 = VECTOR('',#2956,1.);
#2956 = DIRECTION('',(0.,1.,0.));
#2957 = ORIENTED_EDGE('',*,*,#2958,.T.);
#2958 = EDGE_CURVE('',#2951,#2959,#2961,.T.);
#2959 = VERTEX_POINT('',#2960);
#2960 = CARTESIAN_POINT('',(33.3,-1.,16.2));
#2961 = LINE('',#2962,#2963);
#2962 = CARTESIAN_POINT('',(22.7,-1.,16.2));
#2963 = VECTOR('',#2964,1.);
#2964 = DIRECTION('',(1.,0.,0.));
#2965 = ORIENTED_EDGE('',*,*,#2966,.T.);
#2966 = EDGE_CURVE('',#2959,#1136,#2967,.T.);
#2967 = LINE('',#2968,#2969);
#2968 = CARTESIAN_POINT('',(33.3,-1.,16.2));
#2969 = VECTOR('',#2970,1.);
#2970 = DIRECTION('',(0.,1.,0.));
#2971 = ORIENTED_EDGE('',*,*,#1133,.F.);
#2972 = PLANE('',#2973);
#2973 = AXIS2_PLACEMENT_3D('',#2974,#2975,#2976);
#2974 = CARTESIAN_POINT('',(22.7,-1.,16.2));
#2975 = DIRECTION('',(0.,0.,1.));
#2976 = DIRECTION('',(1.,0.,0.));
#2977 = ADVANCED_FACE('',(#2978),#2996,.F.);
#2978 = FACE_BOUND('',#2979,.F.);
#2979 = EDGE_LOOP('',(#2980,#2981,#2989,#2995));
#2980 = ORIENTED_EDGE('',*,*,#2966,.F.);
#2981 = ORIENTED_EDGE('',*,*,#2982,.F.);
#2982 = EDGE_CURVE('',#2983,#2959,#2985,.T.);
#2983 = VERTEX_POINT('',#2984);
#2984 = CARTESIAN_POINT('',(33.3,-1.,13.6));
#2985 = LINE('',#2986,#2987);
#2986 = CARTESIAN_POINT('',(33.3,-1.,13.6));
#2987 = VECTOR('',#2988,1.);
#2988 = DIRECTION('',(0.,0.,1.));
#2989 = ORIENTED_EDGE('',*,*,#2990,.T.);
#2990 = EDGE_CURVE('',#2983,#1152,#2991,.T.);
#2991 = LINE('',#2992,#2993);
#2992 = CARTESIAN_POINT('',(33.3,-1.,13.6));
#2993 = VECTOR('',#2994,1.);
#2994 = DIRECTION('',(0.,1.,0.));
#2995 = ORIENTED_EDGE('',*,*,#1159,.F.);
#2996 = PLANE('',#2997);
#2997 = AXIS2_PLACEMENT_3D('',#2998,#2999,#3000);
#2998 = CARTESIAN_POINT('',(33.3,-1.,13.6));
#2999 = DIRECTION('',(1.,0.,0.));
#3000 = DIRECTION('',(0.,0.,1.));
#3001 = ADVANCED_FACE('',(#3002),#3020,.T.);
#3002 = FACE_BOUND('',#3003,.T.);
#3003 = EDGE_LOOP('',(#3004,#3012,#3018,#3019));
#3004 = ORIENTED_EDGE('',*,*,#3005,.F.);
#3005 = EDGE_CURVE('',#3006,#1144,#3008,.T.);
#3006 = VERTEX_POINT('',#3007);
#3007 = CARTESIAN_POINT('',(22.7,-1.,13.6));
#3008 = LINE('',#3009,#3010);
#3009 = CARTESIAN_POINT('',(22.7,-1.,13.6));
#3010 = VECTOR('',#3011,1.);
#3011 = DIRECTION('',(0.,1.,0.));
#3012 = ORIENTED_EDGE('',*,*,#3013,.T.);
#3013 = EDGE_CURVE('',#3006,#2983,#3014,.T.);
#3014 = LINE('',#3015,#3016);
#3015 = CARTESIAN_POINT('',(22.7,-1.,13.6));
#3016 = VECTOR('',#3017,1.);
#3017 = DIRECTION('',(1.,0.,0.));
#3018 = ORIENTED_EDGE('',*,*,#2990,.T.);
#3019 = ORIENTED_EDGE('',*,*,#1151,.F.);
#3020 = PLANE('',#3021);
#3021 = AXIS2_PLACEMENT_3D('',#3022,#3023,#3024);
#3022 = CARTESIAN_POINT('',(22.7,-1.,13.6));
#3023 = DIRECTION('',(0.,0.,1.));
#3024 = DIRECTION('',(1.,0.,0.));
#3025 = ADVANCED_FACE('',(#3026),#3037,.T.);
#3026 = FACE_BOUND('',#3027,.T.);
#3027 = EDGE_LOOP('',(#3028,#3029,#3035,#3036));
#3028 = ORIENTED_EDGE('',*,*,#2950,.F.);
#3029 = ORIENTED_EDGE('',*,*,#3030,.F.);
#3030 = EDGE_CURVE('',#3006,#2951,#3031,.T.);
#3031 = LINE('',#3032,#3033);
#3032 = CARTESIAN_POINT('',(22.7,-1.,13.6));
#3033 = VECTOR('',#3034,1.);
#3034 = DIRECTION('',(0.,0.,1.));
#3035 = ORIENTED_EDGE('',*,*,#3005,.T.);
#3036 = ORIENTED_EDGE('',*,*,#1143,.F.);
#3037 = PLANE('',#3038);
#3038 = AXIS2_PLACEMENT_3D('',#3039,#3040,#3041);
#3039 = CARTESIAN_POINT('',(22.7,-1.,13.6));
#3040 = DIRECTION('',(1.,0.,0.));
#3041 = DIRECTION('',(0.,0.,1.));
#3042 = ADVANCED_FACE('',(#3043),#3054,.F.);
#3043 = FACE_BOUND('',#3044,.F.);
#3044 = EDGE_LOOP('',(#3045,#3046,#3052,#3053));
#3045 = ORIENTED_EDGE('',*,*,#2934,.F.);
#3046 = ORIENTED_EDGE('',*,*,#3047,.F.);
#3047 = EDGE_CURVE('',#2878,#2927,#3048,.T.);
#3048 = LINE('',#3049,#3050);
#3049 = CARTESIAN_POINT('',(62.3,-1.,13.6));
#3050 = VECTOR('',#3051,1.);
#3051 = DIRECTION('',(0.,0.,1.));
#3052 = ORIENTED_EDGE('',*,*,#2885,.T.);
#3053 = ORIENTED_EDGE('',*,*,#1206,.T.);
#3054 = PLANE('',#3055);
#3055 = AXIS2_PLACEMENT_3D('',#3056,#3057,#3058);
#3056 = CARTESIAN_POINT('',(62.3,-1.,13.6));
#3057 = DIRECTION('',(1.,0.,0.));
#3058 = DIRECTION('',(0.,0.,1.));
#3059 = ADVANCED_FACE('',(#3060),#3085,.T.);
#3060 = FACE_BOUND('',#3061,.T.);
#3061 = EDGE_LOOP('',(#3062,#3070,#3071,#3079));
#3062 = ORIENTED_EDGE('',*,*,#3063,.F.);
#3063 = EDGE_CURVE('',#1248,#3064,#3066,.T.);
#3064 = VERTEX_POINT('',#3065);
#3065 = CARTESIAN_POINT('',(65.,120.3,13.6));
#3066 = LINE('',#3067,#3068);
#3067 = CARTESIAN_POINT('',(63.65,120.3,13.6));
#3068 = VECTOR('',#3069,1.);
#3069 = DIRECTION('',(1.,0.,0.));
#3070 = ORIENTED_EDGE('',*,*,#1247,.T.);
#3071 = ORIENTED_EDGE('',*,*,#3072,.T.);
#3072 = EDGE_CURVE('',#1250,#3073,#3075,.T.);
#3073 = VERTEX_POINT('',#3074);
#3074 = CARTESIAN_POINT('',(65.,109.7,13.6));
#3075 = LINE('',#3076,#3077);
#3076 = CARTESIAN_POINT('',(63.65,109.7,13.6));
#3077 = VECTOR('',#3078,1.);
#3078 = DIRECTION('',(1.,0.,0.));
#3079 = ORIENTED_EDGE('',*,*,#3080,.T.);
#3080 = EDGE_CURVE('',#3073,#3064,#3081,.T.);
#3081 = LINE('',#3082,#3083);
#3082 = CARTESIAN_POINT('',(65.,109.7,13.6));
#3083 = VECTOR('',#3084,1.);
#3084 = DIRECTION('',(0.,1.,0.));
#3085 = PLANE('',#3086);
#3086 = AXIS2_PLACEMENT_3D('',#3087,#3088,#3089);
#3087 = CARTESIAN_POINT('',(63.65,109.7,13.6));
#3088 = DIRECTION('',(0.,0.,1.));
#3089 = DIRECTION('',(1.,0.,0.));
#3090 = ADVANCED_FACE('',(#3091),#3109,.F.);
#3091 = FACE_BOUND('',#3092,.F.);
#3092 = EDGE_LOOP('',(#3093,#3094,#3095,#3103));
#3093 = ORIENTED_EDGE('',*,*,#3063,.F.);
#3094 = ORIENTED_EDGE('',*,*,#1273,.T.);
#3095 = ORIENTED_EDGE('',*,*,#3096,.T.);
#3096 = EDGE_CURVE('',#1266,#3097,#3099,.T.);
#3097 = VERTEX_POINT('',#3098);
#3098 = CARTESIAN_POINT('',(65.,120.3,16.2));
#3099 = LINE('',#3100,#3101);
#3100 = CARTESIAN_POINT('',(63.65,120.3,16.2));
#3101 = VECTOR('',#3102,1.);
#3102 = DIRECTION('',(1.,0.,0.));
#3103 = ORIENTED_EDGE('',*,*,#3104,.F.);
#3104 = EDGE_CURVE('',#3064,#3097,#3105,.T.);
#3105 = LINE('',#3106,#3107);
#3106 = CARTESIAN_POINT('',(65.,120.3,13.6));
#3107 = VECTOR('',#3108,1.);
#3108 = DIRECTION('',(0.,0.,1.));
#3109 = PLANE('',#3110);
#3110 = AXIS2_PLACEMENT_3D('',#3111,#3112,#3113);
#3111 = CARTESIAN_POINT('',(63.65,120.3,13.6));
#3112 = DIRECTION('',(0.,1.,0.));
#3113 = DIRECTION('',(0.,0.,1.));
#3114 = ADVANCED_FACE('',(#3115),#3133,.F.);
#3115 = FACE_BOUND('',#3116,.F.);
#3116 = EDGE_LOOP('',(#3117,#3118,#3119,#3127));
#3117 = ORIENTED_EDGE('',*,*,#3096,.F.);
#3118 = ORIENTED_EDGE('',*,*,#1265,.T.);
#3119 = ORIENTED_EDGE('',*,*,#3120,.T.);
#3120 = EDGE_CURVE('',#1258,#3121,#3123,.T.);
#3121 = VERTEX_POINT('',#3122);
#3122 = CARTESIAN_POINT('',(65.,109.7,16.2));
#3123 = LINE('',#3124,#3125);
#3124 = CARTESIAN_POINT('',(63.65,109.7,16.2));
#3125 = VECTOR('',#3126,1.);
#3126 = DIRECTION('',(1.,0.,0.));
#3127 = ORIENTED_EDGE('',*,*,#3128,.T.);
#3128 = EDGE_CURVE('',#3121,#3097,#3129,.T.);
#3129 = LINE('',#3130,#3131);
#3130 = CARTESIAN_POINT('',(65.,109.7,16.2));
#3131 = VECTOR('',#3132,1.);
#3132 = DIRECTION('',(0.,1.,0.));
#3133 = PLANE('',#3134);
#3134 = AXIS2_PLACEMENT_3D('',#3135,#3136,#3137);
#3135 = CARTESIAN_POINT('',(63.65,109.7,16.2));
#3136 = DIRECTION('',(0.,0.,1.));
#3137 = DIRECTION('',(1.,0.,0.));
#3138 = ADVANCED_FACE('',(#3139),#3150,.T.);
#3139 = FACE_BOUND('',#3140,.T.);
#3140 = EDGE_LOOP('',(#3141,#3142,#3143,#3144));
#3141 = ORIENTED_EDGE('',*,*,#3072,.F.);
#3142 = ORIENTED_EDGE('',*,*,#1257,.T.);
#3143 = ORIENTED_EDGE('',*,*,#3120,.T.);
#3144 = ORIENTED_EDGE('',*,*,#3145,.F.);
#3145 = EDGE_CURVE('',#3073,#3121,#3146,.T.);
#3146 = LINE('',#3147,#3148);
#3147 = CARTESIAN_POINT('',(65.,109.7,13.6));
#3148 = VECTOR('',#3149,1.);
#3149 = DIRECTION('',(0.,0.,1.));
#3150 = PLANE('',#3151);
#3151 = AXIS2_PLACEMENT_3D('',#3152,#3153,#3154);
#3152 = CARTESIAN_POINT('',(63.65,109.7,13.6));
#3153 = DIRECTION('',(0.,1.,0.));
#3154 = DIRECTION('',(0.,0.,1.));
#3155 = ADVANCED_FACE('',(#3156),#3181,.T.);
#3156 = FACE_BOUND('',#3157,.T.);
#3157 = EDGE_LOOP('',(#3158,#3166,#3167,#3175));
#3158 = ORIENTED_EDGE('',*,*,#3159,.F.);
#3159 = EDGE_CURVE('',#1282,#3160,#3162,.T.);
#3160 = VERTEX_POINT('',#3161);
#3161 = CARTESIAN_POINT('',(65.,80.3,13.6));
#3162 = LINE('',#3163,#3164);
#3163 = CARTESIAN_POINT('',(63.65,80.3,13.6));
#3164 = VECTOR('',#3165,1.);
#3165 = DIRECTION('',(1.,0.,0.));
#3166 = ORIENTED_EDGE('',*,*,#1281,.T.);
#3167 = ORIENTED_EDGE('',*,*,#3168,.T.);
#3168 = EDGE_CURVE('',#1284,#3169,#3171,.T.);
#3169 = VERTEX_POINT('',#3170);
#3170 = CARTESIAN_POINT('',(65.,69.7,13.6));
#3171 = LINE('',#3172,#3173);
#3172 = CARTESIAN_POINT('',(63.65,69.7,13.6));
#3173 = VECTOR('',#3174,1.);
#3174 = DIRECTION('',(1.,0.,0.));
#3175 = ORIENTED_EDGE('',*,*,#3176,.T.);
#3176 = EDGE_CURVE('',#3169,#3160,#3177,.T.);
#3177 = LINE('',#3178,#3179);
#3178 = CARTESIAN_POINT('',(65.,69.7,13.6));
#3179 = VECTOR('',#3180,1.);
#3180 = DIRECTION('',(0.,1.,0.));
#3181 = PLANE('',#3182);
#3182 = AXIS2_PLACEMENT_3D('',#3183,#3184,#3185);
#3183 = CARTESIAN_POINT('',(63.65,69.7,13.6));
#3184 = DIRECTION('',(0.,0.,1.));
#3185 = DIRECTION('',(1.,0.,0.));
#3186 = ADVANCED_FACE('',(#3187),#3205,.F.);
#3187 = FACE_BOUND('',#3188,.F.);
#3188 = EDGE_LOOP('',(#3189,#3190,#3191,#3199));
#3189 = ORIENTED_EDGE('',*,*,#3159,.F.);
#3190 = ORIENTED_EDGE('',*,*,#1307,.T.);
#3191 = ORIENTED_EDGE('',*,*,#3192,.T.);
#3192 = EDGE_CURVE('',#1300,#3193,#3195,.T.);
#3193 = VERTEX_POINT('',#3194);
#3194 = CARTESIAN_POINT('',(65.,80.3,16.2));
#3195 = LINE('',#3196,#3197);
#3196 = CARTESIAN_POINT('',(63.65,80.3,16.2));
#3197 = VECTOR('',#3198,1.);
#3198 = DIRECTION('',(1.,0.,0.));
#3199 = ORIENTED_EDGE('',*,*,#3200,.F.);
#3200 = EDGE_CURVE('',#3160,#3193,#3201,.T.);
#3201 = LINE('',#3202,#3203);
#3202 = CARTESIAN_POINT('',(65.,80.3,13.6));
#3203 = VECTOR('',#3204,1.);
#3204 = DIRECTION('',(0.,0.,1.));
#3205 = PLANE('',#3206);
#3206 = AXIS2_PLACEMENT_3D('',#3207,#3208,#3209);
#3207 = CARTESIAN_POINT('',(63.65,80.3,13.6));
#3208 = DIRECTION('',(0.,1.,0.));
#3209 = DIRECTION('',(0.,0.,1.));
#3210 = ADVANCED_FACE('',(#3211),#3229,.F.);
#3211 = FACE_BOUND('',#3212,.F.);
#3212 = EDGE_LOOP('',(#3213,#3214,#3215,#3223));
#3213 = ORIENTED_EDGE('',*,*,#3192,.F.);
#3214 = ORIENTED_EDGE('',*,*,#1299,.T.);
#3215 = ORIENTED_EDGE('',*,*,#3216,.T.);
#3216 = EDGE_CURVE('',#1292,#3217,#3219,.T.);
#3217 = VERTEX_POINT('',#3218);
#3218 = CARTESIAN_POINT('',(65.,69.7,16.2));
#3219 = LINE('',#3220,#3221);
#3220 = CARTESIAN_POINT('',(63.65,69.7,16.2));
#3221 = VECTOR('',#3222,1.);
#3222 = DIRECTION('',(1.,0.,0.));
#3223 = ORIENTED_EDGE('',*,*,#3224,.T.);
#3224 = EDGE_CURVE('',#3217,#3193,#3225,.T.);
#3225 = LINE('',#3226,#3227);
#3226 = CARTESIAN_POINT('',(65.,69.7,16.2));
#3227 = VECTOR('',#3228,1.);
#3228 = DIRECTION('',(0.,1.,0.));
#3229 = PLANE('',#3230);
#3230 = AXIS2_PLACEMENT_3D('',#3231,#3232,#3233);
#3231 = CARTESIAN_POINT('',(63.65,69.7,16.2));
#3232 = DIRECTION('',(0.,0.,1.));
#3233 = DIRECTION('',(1.,0.,0.));
#3234 = ADVANCED_FACE('',(#3235),#3246,.T.);
#3235 = FACE_BOUND('',#3236,.T.);
#3236 = EDGE_LOOP('',(#3237,#3238,#3239,#3240));
#3237 = ORIENTED_EDGE('',*,*,#3168,.F.);
#3238 = ORIENTED_EDGE('',*,*,#1291,.T.);
#3239 = ORIENTED_EDGE('',*,*,#3216,.T.);
#3240 = ORIENTED_EDGE('',*,*,#3241,.F.);
#3241 = EDGE_CURVE('',#3169,#3217,#3242,.T.);
#3242 = LINE('',#3243,#3244);
#3243 = CARTESIAN_POINT('',(65.,69.7,13.6));
#3244 = VECTOR('',#3245,1.);
#3245 = DIRECTION('',(0.,0.,1.));
#3246 = PLANE('',#3247);
#3247 = AXIS2_PLACEMENT_3D('',#3248,#3249,#3250);
#3248 = CARTESIAN_POINT('',(63.65,69.7,13.6));
#3249 = DIRECTION('',(0.,1.,0.));
#3250 = DIRECTION('',(0.,0.,1.));
#3251 = ADVANCED_FACE('',(#3252),#3277,.T.);
#3252 = FACE_BOUND('',#3253,.T.);
#3253 = EDGE_LOOP('',(#3254,#3262,#3263,#3271));
#3254 = ORIENTED_EDGE('',*,*,#3255,.F.);
#3255 = EDGE_CURVE('',#1316,#3256,#3258,.T.);
#3256 = VERTEX_POINT('',#3257);
#3257 = CARTESIAN_POINT('',(65.,40.3,13.6));
#3258 = LINE('',#3259,#3260);
#3259 = CARTESIAN_POINT('',(63.65,40.3,13.6));
#3260 = VECTOR('',#3261,1.);
#3261 = DIRECTION('',(1.,0.,0.));
#3262 = ORIENTED_EDGE('',*,*,#1315,.T.);
#3263 = ORIENTED_EDGE('',*,*,#3264,.T.);
#3264 = EDGE_CURVE('',#1318,#3265,#3267,.T.);
#3265 = VERTEX_POINT('',#3266);
#3266 = CARTESIAN_POINT('',(65.,29.7,13.6));
#3267 = LINE('',#3268,#3269);
#3268 = CARTESIAN_POINT('',(63.65,29.7,13.6));
#3269 = VECTOR('',#3270,1.);
#3270 = DIRECTION('',(1.,0.,0.));
#3271 = ORIENTED_EDGE('',*,*,#3272,.T.);
#3272 = EDGE_CURVE('',#3265,#3256,#3273,.T.);
#3273 = LINE('',#3274,#3275);
#3274 = CARTESIAN_POINT('',(65.,29.7,13.6));
#3275 = VECTOR('',#3276,1.);
#3276 = DIRECTION('',(0.,1.,0.));
#3277 = PLANE('',#3278);
#3278 = AXIS2_PLACEMENT_3D('',#3279,#3280,#3281);
#3279 = CARTESIAN_POINT('',(63.65,29.7,13.6));
#3280 = DIRECTION('',(0.,0.,1.));
#3281 = DIRECTION('',(1.,0.,0.));
#3282 = ADVANCED_FACE('',(#3283),#3301,.F.);
#3283 = FACE_BOUND('',#3284,.F.);
#3284 = EDGE_LOOP('',(#3285,#3286,#3287,#3295));
#3285 = ORIENTED_EDGE('',*,*,#3255,.F.);
#3286 = ORIENTED_EDGE('',*,*,#1341,.T.);
#3287 = ORIENTED_EDGE('',*,*,#3288,.T.);
#3288 = EDGE_CURVE('',#1334,#3289,#3291,.T.);
#3289 = VERTEX_POINT('',#3290);
#3290 = CARTESIAN_POINT('',(65.,40.3,16.2));
#3291 = LINE('',#3292,#3293);
#3292 = CARTESIAN_POINT('',(63.65,40.3,16.2));
#3293 = VECTOR('',#3294,1.);
#3294 = DIRECTION('',(1.,0.,0.));
#3295 = ORIENTED_EDGE('',*,*,#3296,.F.);
#3296 = EDGE_CURVE('',#3256,#3289,#3297,.T.);
#3297 = LINE('',#3298,#3299);
#3298 = CARTESIAN_POINT('',(65.,40.3,13.6));
#3299 = VECTOR('',#3300,1.);
#3300 = DIRECTION('',(0.,0.,1.));
#3301 = PLANE('',#3302);
#3302 = AXIS2_PLACEMENT_3D('',#3303,#3304,#3305);
#3303 = CARTESIAN_POINT('',(63.65,40.3,13.6));
#3304 = DIRECTION('',(0.,1.,0.));
#3305 = DIRECTION('',(0.,0.,1.));
#3306 = ADVANCED_FACE('',(#3307),#3325,.F.);
#3307 = FACE_BOUND('',#3308,.F.);
#3308 = EDGE_LOOP('',(#3309,#3310,#3311,#3319));
#3309 = ORIENTED_EDGE('',*,*,#3288,.F.);
#3310 = ORIENTED_EDGE('',*,*,#1333,.T.);
#3311 = ORIENTED_EDGE('',*,*,#3312,.T.);
#3312 = EDGE_CURVE('',#1326,#3313,#3315,.T.);
#3313 = VERTEX_POINT('',#3314);
#3314 = CARTESIAN_POINT('',(65.,29.7,16.2));
#3315 = LINE('',#3316,#3317);
#3316 = CARTESIAN_POINT('',(63.65,29.7,16.2));
#3317 = VECTOR('',#3318,1.);
#3318 = DIRECTION('',(1.,0.,0.));
#3319 = ORIENTED_EDGE('',*,*,#3320,.T.);
#3320 = EDGE_CURVE('',#3313,#3289,#3321,.T.);
#3321 = LINE('',#3322,#3323);
#3322 = CARTESIAN_POINT('',(65.,29.7,16.2));
#3323 = VECTOR('',#3324,1.);
#3324 = DIRECTION('',(0.,1.,0.));
#3325 = PLANE('',#3326);
#3326 = AXIS2_PLACEMENT_3D('',#3327,#3328,#3329);
#3327 = CARTESIAN_POINT('',(63.65,29.7,16.2));
#3328 = DIRECTION('',(0.,0.,1.));
#3329 = DIRECTION('',(1.,0.,0.));
#3330 = ADVANCED_FACE('',(#3331),#3342,.T.);
#3331 = FACE_BOUND('',#3332,.T.);
#3332 = EDGE_LOOP('',(#3333,#3334,#3335,#3336));
#3333 = ORIENTED_EDGE('',*,*,#3264,.F.);
#3334 = ORIENTED_EDGE('',*,*,#1325,.T.);
#3335 = ORIENTED_EDGE('',*,*,#3312,.T.);
#3336 = ORIENTED_EDGE('',*,*,#3337,.F.);
#3337 = EDGE_CURVE('',#3265,#3313,#3338,.T.);
#3338 = LINE('',#3339,#3340);
#3339 = CARTESIAN_POINT('',(65.,29.7,13.6));
#3340 = VECTOR('',#3341,1.);
#3341 = DIRECTION('',(0.,0.,1.));
#3342 = PLANE('',#3343);
#3343 = AXIS2_PLACEMENT_3D('',#3344,#3345,#3346);
#3344 = CARTESIAN_POINT('',(63.65,29.7,13.6));
#3345 = DIRECTION('',(0.,1.,0.));
#3346 = DIRECTION('',(0.,0.,1.));
#3347 = ADVANCED_FACE('',(#3348),#3373,.F.);
#3348 = FACE_BOUND('',#3349,.F.);
#3349 = EDGE_LOOP('',(#3350,#3358,#3359,#3367));
#3350 = ORIENTED_EDGE('',*,*,#3351,.F.);
#3351 = EDGE_CURVE('',#1433,#3352,#3354,.T.);
#3352 = VERTEX_POINT('',#3353);
#3353 = CARTESIAN_POINT('',(4.7,152.2,16.2));
#3354 = LINE('',#3355,#3356);
#3355 = CARTESIAN_POINT('',(4.7,150.85,16.2));
#3356 = VECTOR('',#3357,1.);
#3357 = DIRECTION('',(0.,1.,0.));
#3358 = ORIENTED_EDGE('',*,*,#1432,.T.);
#3359 = ORIENTED_EDGE('',*,*,#3360,.T.);
#3360 = EDGE_CURVE('',#1435,#3361,#3363,.T.);
#3361 = VERTEX_POINT('',#3362);
#3362 = CARTESIAN_POINT('',(15.3,152.2,16.2));
#3363 = LINE('',#3364,#3365);
#3364 = CARTESIAN_POINT('',(15.3,150.85,16.2));
#3365 = VECTOR('',#3366,1.);
#3366 = DIRECTION('',(0.,1.,0.));
#3367 = ORIENTED_EDGE('',*,*,#3368,.F.);
#3368 = EDGE_CURVE('',#3352,#3361,#3369,.T.);
#3369 = LINE('',#3370,#3371);
#3370 = CARTESIAN_POINT('',(4.7,152.2,16.2));
#3371 = VECTOR('',#3372,1.);
#3372 = DIRECTION('',(1.,0.,0.));
#3373 = PLANE('',#3374);
#3374 = AXIS2_PLACEMENT_3D('',#3375,#3376,#3377);
#3375 = CARTESIAN_POINT('',(4.7,150.85,16.2));
#3376 = DIRECTION('',(0.,0.,1.));
#3377 = DIRECTION('',(1.,0.,0.));
#3378 = ADVANCED_FACE('',(#3379),#3397,.F.);
#3379 = FACE_BOUND('',#3380,.F.);
#3380 = EDGE_LOOP('',(#3381,#3382,#3383,#3391));
#3381 = ORIENTED_EDGE('',*,*,#3360,.F.);
#3382 = ORIENTED_EDGE('',*,*,#1458,.T.);
#3383 = ORIENTED_EDGE('',*,*,#3384,.T.);
#3384 = EDGE_CURVE('',#1451,#3385,#3387,.T.);
#3385 = VERTEX_POINT('',#3386);
#3386 = CARTESIAN_POINT('',(15.3,152.2,13.6));
#3387 = LINE('',#3388,#3389);
#3388 = CARTESIAN_POINT('',(15.3,150.85,13.6));
#3389 = VECTOR('',#3390,1.);
#3390 = DIRECTION('',(0.,1.,0.));
#3391 = ORIENTED_EDGE('',*,*,#3392,.T.);
#3392 = EDGE_CURVE('',#3385,#3361,#3393,.T.);
#3393 = LINE('',#3394,#3395);
#3394 = CARTESIAN_POINT('',(15.3,152.2,13.6));
#3395 = VECTOR('',#3396,1.);
#3396 = DIRECTION('',(0.,0.,1.));
#3397 = PLANE('',#3398);
#3398 = AXIS2_PLACEMENT_3D('',#3399,#3400,#3401);
#3399 = CARTESIAN_POINT('',(15.3,150.85,13.6));
#3400 = DIRECTION('',(1.,0.,0.));
#3401 = DIRECTION('',(0.,0.,1.));
#3402 = ADVANCED_FACE('',(#3403),#3421,.T.);
#3403 = FACE_BOUND('',#3404,.T.);
#3404 = EDGE_LOOP('',(#3405,#3413,#3414,#3415));
#3405 = ORIENTED_EDGE('',*,*,#3406,.F.);
#3406 = EDGE_CURVE('',#1443,#3407,#3409,.T.);
#3407 = VERTEX_POINT('',#3408);
#3408 = CARTESIAN_POINT('',(4.7,152.2,13.6));
#3409 = LINE('',#3410,#3411);
#3410 = CARTESIAN_POINT('',(4.7,150.85,13.6));
#3411 = VECTOR('',#3412,1.);
#3412 = DIRECTION('',(0.,1.,0.));
#3413 = ORIENTED_EDGE('',*,*,#1450,.T.);
#3414 = ORIENTED_EDGE('',*,*,#3384,.T.);
#3415 = ORIENTED_EDGE('',*,*,#3416,.F.);
#3416 = EDGE_CURVE('',#3407,#3385,#3417,.T.);
#3417 = LINE('',#3418,#3419);
#3418 = CARTESIAN_POINT('',(4.7,152.2,13.6));
#3419 = VECTOR('',#3420,1.);
#3420 = DIRECTION('',(1.,0.,0.));
#3421 = PLANE('',#3422);
#3422 = AXIS2_PLACEMENT_3D('',#3423,#3424,#3425);
#3423 = CARTESIAN_POINT('',(4.7,150.85,13.6));
#3424 = DIRECTION('',(0.,0.,1.));
#3425 = DIRECTION('',(1.,0.,0.));
#3426 = ADVANCED_FACE('',(#3427),#3438,.T.);
#3427 = FACE_BOUND('',#3428,.T.);
#3428 = EDGE_LOOP('',(#3429,#3430,#3431,#3432));
#3429 = ORIENTED_EDGE('',*,*,#3351,.F.);
#3430 = ORIENTED_EDGE('',*,*,#1442,.T.);
#3431 = ORIENTED_EDGE('',*,*,#3406,.T.);
#3432 = ORIENTED_EDGE('',*,*,#3433,.T.);
#3433 = EDGE_CURVE('',#3407,#3352,#3434,.T.);
#3434 = LINE('',#3435,#3436);
#3435 = CARTESIAN_POINT('',(4.7,152.2,13.6));
#3436 = VECTOR('',#3437,1.);
#3437 = DIRECTION('',(0.,0.,1.));
#3438 = PLANE('',#3439);
#3439 = AXIS2_PLACEMENT_3D('',#3440,#3441,#3442);
#3440 = CARTESIAN_POINT('',(4.7,150.85,13.6));
#3441 = DIRECTION('',(1.,0.,0.));
#3442 = DIRECTION('',(0.,0.,1.));
#3443 = ADVANCED_FACE('',(#3444),#3469,.F.);
#3444 = FACE_BOUND('',#3445,.F.);
#3445 = EDGE_LOOP('',(#3446,#3454,#3455,#3463));
#3446 = ORIENTED_EDGE('',*,*,#3447,.F.);
#3447 = EDGE_CURVE('',#1467,#3448,#3450,.T.);
#3448 = VERTEX_POINT('',#3449);
#3449 = CARTESIAN_POINT('',(34.7,152.2,16.2));
#3450 = LINE('',#3451,#3452);
#3451 = CARTESIAN_POINT('',(34.7,150.85,16.2));
#3452 = VECTOR('',#3453,1.);
#3453 = DIRECTION('',(0.,1.,0.));
#3454 = ORIENTED_EDGE('',*,*,#1466,.T.);
#3455 = ORIENTED_EDGE('',*,*,#3456,.T.);
#3456 = EDGE_CURVE('',#1469,#3457,#3459,.T.);
#3457 = VERTEX_POINT('',#3458);
#3458 = CARTESIAN_POINT('',(45.3,152.2,16.2));
#3459 = LINE('',#3460,#3461);
#3460 = CARTESIAN_POINT('',(45.3,150.85,16.2));
#3461 = VECTOR('',#3462,1.);
#3462 = DIRECTION('',(0.,1.,0.));
#3463 = ORIENTED_EDGE('',*,*,#3464,.F.);
#3464 = EDGE_CURVE('',#3448,#3457,#3465,.T.);
#3465 = LINE('',#3466,#3467);
#3466 = CARTESIAN_POINT('',(34.7,152.2,16.2));
#3467 = VECTOR('',#3468,1.);
#3468 = DIRECTION('',(1.,0.,0.));
#3469 = PLANE('',#3470);
#3470 = AXIS2_PLACEMENT_3D('',#3471,#3472,#3473);
#3471 = CARTESIAN_POINT('',(34.7,150.85,16.2));
#3472 = DIRECTION('',(0.,0.,1.));
#3473 = DIRECTION('',(1.,0.,0.));
#3474 = ADVANCED_FACE('',(#3475),#3493,.F.);
#3475 = FACE_BOUND('',#3476,.F.);
#3476 = EDGE_LOOP('',(#3477,#3478,#3479,#3487));
#3477 = ORIENTED_EDGE('',*,*,#3456,.F.);
#3478 = ORIENTED_EDGE('',*,*,#1492,.T.);
#3479 = ORIENTED_EDGE('',*,*,#3480,.T.);
#3480 = EDGE_CURVE('',#1485,#3481,#3483,.T.);
#3481 = VERTEX_POINT('',#3482);
#3482 = CARTESIAN_POINT('',(45.3,152.2,13.6));
#3483 = LINE('',#3484,#3485);
#3484 = CARTESIAN_POINT('',(45.3,150.85,13.6));
#3485 = VECTOR('',#3486,1.);
#3486 = DIRECTION('',(0.,1.,0.));
#3487 = ORIENTED_EDGE('',*,*,#3488,.T.);
#3488 = EDGE_CURVE('',#3481,#3457,#3489,.T.);
#3489 = LINE('',#3490,#3491);
#3490 = CARTESIAN_POINT('',(45.3,152.2,13.6));
#3491 = VECTOR('',#3492,1.);
#3492 = DIRECTION('',(0.,0.,1.));
#3493 = PLANE('',#3494);
#3494 = AXIS2_PLACEMENT_3D('',#3495,#3496,#3497);
#3495 = CARTESIAN_POINT('',(45.3,150.85,13.6));
#3496 = DIRECTION('',(1.,0.,0.));
#3497 = DIRECTION('',(0.,0.,1.));
#3498 = ADVANCED_FACE('',(#3499),#3517,.T.);
#3499 = FACE_BOUND('',#3500,.T.);
#3500 = EDGE_LOOP('',(#3501,#3509,#3510,#3511));
#3501 = ORIENTED_EDGE('',*,*,#3502,.F.);
#3502 = EDGE_CURVE('',#1477,#3503,#3505,.T.);
#3503 = VERTEX_POINT('',#3504);
#3504 = CARTESIAN_POINT('',(34.7,152.2,13.6));
#3505 = LINE('',#3506,#3507);
#3506 = CARTESIAN_POINT('',(34.7,150.85,13.6));
#3507 = VECTOR('',#3508,1.);
#3508 = DIRECTION('',(0.,1.,0.));
#3509 = ORIENTED_EDGE('',*,*,#1484,.T.);
#3510 = ORIENTED_EDGE('',*,*,#3480,.T.);
#3511 = ORIENTED_EDGE('',*,*,#3512,.F.);
#3512 = EDGE_CURVE('',#3503,#3481,#3513,.T.);
#3513 = LINE('',#3514,#3515);
#3514 = CARTESIAN_POINT('',(34.7,152.2,13.6));
#3515 = VECTOR('',#3516,1.);
#3516 = DIRECTION('',(1.,0.,0.));
#3517 = PLANE('',#3518);
#3518 = AXIS2_PLACEMENT_3D('',#3519,#3520,#3521);
#3519 = CARTESIAN_POINT('',(34.7,150.85,13.6));
#3520 = DIRECTION('',(0.,0.,1.));
#3521 = DIRECTION('',(1.,0.,0.));
#3522 = ADVANCED_FACE('',(#3523),#3534,.T.);
#3523 = FACE_BOUND('',#3524,.T.);
#3524 = EDGE_LOOP('',(#3525,#3526,#3527,#3528));
#3525 = ORIENTED_EDGE('',*,*,#3447,.F.);
#3526 = ORIENTED_EDGE('',*,*,#1476,.T.);
#3527 = ORIENTED_EDGE('',*,*,#3502,.T.);
#3528 = ORIENTED_EDGE('',*,*,#3529,.T.);
#3529 = EDGE_CURVE('',#3503,#3448,#3530,.T.);
#3530 = LINE('',#3531,#3532);
#3531 = CARTESIAN_POINT('',(34.7,152.2,13.6));
#3532 = VECTOR('',#3533,1.);
#3533 = DIRECTION('',(0.,0.,1.));
#3534 = PLANE('',#3535);
#3535 = AXIS2_PLACEMENT_3D('',#3536,#3537,#3538);
#3536 = CARTESIAN_POINT('',(34.7,150.85,13.6));
#3537 = DIRECTION('',(1.,0.,0.));
#3538 = DIRECTION('',(0.,0.,1.));
#3539 = ADVANCED_FACE('',(#3540),#3565,.F.);
#3540 = FACE_BOUND('',#3541,.F.);
#3541 = EDGE_LOOP('',(#3542,#3550,#3551,#3559));
#3542 = ORIENTED_EDGE('',*,*,#3543,.F.);
#3543 = EDGE_CURVE('',#1501,#3544,#3546,.T.);
#3544 = VERTEX_POINT('',#3545);
#3545 = CARTESIAN_POINT('',(48.7,152.2,16.2));
#3546 = LINE('',#3547,#3548);
#3547 = CARTESIAN_POINT('',(48.7,150.85,16.2));
#3548 = VECTOR('',#3549,1.);
#3549 = DIRECTION('',(0.,1.,0.));
#3550 = ORIENTED_EDGE('',*,*,#1500,.T.);
#3551 = ORIENTED_EDGE('',*,*,#3552,.T.);
#3552 = EDGE_CURVE('',#1503,#3553,#3555,.T.);
#3553 = VERTEX_POINT('',#3554);
#3554 = CARTESIAN_POINT('',(59.3,152.2,16.2));
#3555 = LINE('',#3556,#3557);
#3556 = CARTESIAN_POINT('',(59.3,150.85,16.2));
#3557 = VECTOR('',#3558,1.);
#3558 = DIRECTION('',(0.,1.,0.));
#3559 = ORIENTED_EDGE('',*,*,#3560,.F.);
#3560 = EDGE_CURVE('',#3544,#3553,#3561,.T.);
#3561 = LINE('',#3562,#3563);
#3562 = CARTESIAN_POINT('',(48.7,152.2,16.2));
#3563 = VECTOR('',#3564,1.);
#3564 = DIRECTION('',(1.,0.,0.));
#3565 = PLANE('',#3566);
#3566 = AXIS2_PLACEMENT_3D('',#3567,#3568,#3569);
#3567 = CARTESIAN_POINT('',(48.7,150.85,16.2));
#3568 = DIRECTION('',(0.,0.,1.));
#3569 = DIRECTION('',(1.,0.,0.));
#3570 = ADVANCED_FACE('',(#3571),#3589,.F.);
#3571 = FACE_BOUND('',#3572,.F.);
#3572 = EDGE_LOOP('',(#3573,#3574,#3575,#3583));
#3573 = ORIENTED_EDGE('',*,*,#3552,.F.);
#3574 = ORIENTED_EDGE('',*,*,#1526,.T.);
#3575 = ORIENTED_EDGE('',*,*,#3576,.T.);
#3576 = EDGE_CURVE('',#1519,#3577,#3579,.T.);
#3577 = VERTEX_POINT('',#3578);
#3578 = CARTESIAN_POINT('',(59.3,152.2,13.6));
#3579 = LINE('',#3580,#3581);
#3580 = CARTESIAN_POINT('',(59.3,150.85,13.6));
#3581 = VECTOR('',#3582,1.);
#3582 = DIRECTION('',(0.,1.,0.));
#3583 = ORIENTED_EDGE('',*,*,#3584,.T.);
#3584 = EDGE_CURVE('',#3577,#3553,#3585,.T.);
#3585 = LINE('',#3586,#3587);
#3586 = CARTESIAN_POINT('',(59.3,152.2,13.6));
#3587 = VECTOR('',#3588,1.);
#3588 = DIRECTION('',(0.,0.,1.));
#3589 = PLANE('',#3590);
#3590 = AXIS2_PLACEMENT_3D('',#3591,#3592,#3593);
#3591 = CARTESIAN_POINT('',(59.3,150.85,13.6));
#3592 = DIRECTION('',(1.,0.,0.));
#3593 = DIRECTION('',(0.,0.,1.));
#3594 = ADVANCED_FACE('',(#3595),#3613,.T.);
#3595 = FACE_BOUND('',#3596,.T.);
#3596 = EDGE_LOOP('',(#3597,#3605,#3606,#3607));
#3597 = ORIENTED_EDGE('',*,*,#3598,.F.);
#3598 = EDGE_CURVE('',#1511,#3599,#3601,.T.);
#3599 = VERTEX_POINT('',#3600);
#3600 = CARTESIAN_POINT('',(48.7,152.2,13.6));
#3601 = LINE('',#3602,#3603);
#3602 = CARTESIAN_POINT('',(48.7,150.85,13.6));
#3603 = VECTOR('',#3604,1.);
#3604 = DIRECTION('',(0.,1.,0.));
#3605 = ORIENTED_EDGE('',*,*,#1518,.T.);
#3606 = ORIENTED_EDGE('',*,*,#3576,.T.);
#3607 = ORIENTED_EDGE('',*,*,#3608,.F.);
#3608 = EDGE_CURVE('',#3599,#3577,#3609,.T.);
#3609 = LINE('',#3610,#3611);
#3610 = CARTESIAN_POINT('',(48.7,152.2,13.6));
#3611 = VECTOR('',#3612,1.);
#3612 = DIRECTION('',(1.,0.,0.));
#3613 = PLANE('',#3614);
#3614 = AXIS2_PLACEMENT_3D('',#3615,#3616,#3617);
#3615 = CARTESIAN_POINT('',(48.7,150.85,13.6));
#3616 = DIRECTION('',(0.,0.,1.));
#3617 = DIRECTION('',(1.,0.,0.));
#3618 = ADVANCED_FACE('',(#3619),#3630,.T.);
#3619 = FACE_BOUND('',#3620,.T.);
#3620 = EDGE_LOOP('',(#3621,#3622,#3623,#3624));
#3621 = ORIENTED_EDGE('',*,*,#3543,.F.);
#3622 = ORIENTED_EDGE('',*,*,#1510,.T.);
#3623 = ORIENTED_EDGE('',*,*,#3598,.T.);
#3624 = ORIENTED_EDGE('',*,*,#3625,.T.);
#3625 = EDGE_CURVE('',#3599,#3544,#3626,.T.);
#3626 = LINE('',#3627,#3628);
#3627 = CARTESIAN_POINT('',(48.7,152.2,13.6));
#3628 = VECTOR('',#3629,1.);
#3629 = DIRECTION('',(0.,0.,1.));
#3630 = PLANE('',#3631);
#3631 = AXIS2_PLACEMENT_3D('',#3632,#3633,#3634);
#3632 = CARTESIAN_POINT('',(48.7,150.85,13.6));
#3633 = DIRECTION('',(1.,0.,0.));
#3634 = DIRECTION('',(0.,0.,1.));
#3635 = ADVANCED_FACE('',(#3636),#3654,.F.);
#3636 = FACE_BOUND('',#3637,.F.);
#3637 = EDGE_LOOP('',(#3638,#3639,#3640,#3648));
#3638 = ORIENTED_EDGE('',*,*,#2760,.F.);
#3639 = ORIENTED_EDGE('',*,*,#1574,.T.);
#3640 = ORIENTED_EDGE('',*,*,#3641,.T.);
#3641 = EDGE_CURVE('',#1575,#3642,#3644,.T.);
#3642 = VERTEX_POINT('',#3643);
#3643 = CARTESIAN_POINT('',(9.,135.3,8.6));
#3644 = LINE('',#3645,#3646);
#3645 = CARTESIAN_POINT('',(0.,135.3,8.6));
#3646 = VECTOR('',#3647,1.);
#3647 = DIRECTION('',(1.,0.,0.));
#3648 = ORIENTED_EDGE('',*,*,#3649,.F.);
#3649 = EDGE_CURVE('',#2761,#3642,#3650,.T.);
#3650 = LINE('',#3651,#3652);
#3651 = CARTESIAN_POINT('',(9.,135.3,1.4));
#3652 = VECTOR('',#3653,1.);
#3653 = DIRECTION('',(0.,0.,1.));
#3654 = PLANE('',#3655);
#3655 = AXIS2_PLACEMENT_3D('',#3656,#3657,#3658);
#3656 = CARTESIAN_POINT('',(0.,135.3,1.4));
#3657 = DIRECTION('',(0.,1.,0.));
#3658 = DIRECTION('',(0.,0.,1.));
#3659 = ADVANCED_FACE('',(#3660),#3678,.T.);
#3660 = FACE_BOUND('',#3661,.T.);
#3661 = EDGE_LOOP('',(#3662,#3663,#3664,#3672));
#3662 = ORIENTED_EDGE('',*,*,#1582,.F.);
#3663 = ORIENTED_EDGE('',*,*,#3641,.T.);
#3664 = ORIENTED_EDGE('',*,*,#3665,.T.);
#3665 = EDGE_CURVE('',#3642,#3666,#3668,.T.);
#3666 = VERTEX_POINT('',#3667);
#3667 = CARTESIAN_POINT('',(9.,136.5,8.6));
#3668 = LINE('',#3669,#3670);
#3669 = CARTESIAN_POINT('',(9.,135.3,8.6));
#3670 = VECTOR('',#3671,1.);
#3671 = DIRECTION('',(0.,1.,0.));
#3672 = ORIENTED_EDGE('',*,*,#3673,.F.);
#3673 = EDGE_CURVE('',#1583,#3666,#3674,.T.);
#3674 = LINE('',#3675,#3676);
#3675 = CARTESIAN_POINT('',(0.,136.5,8.6));
#3676 = VECTOR('',#3677,1.);
#3677 = DIRECTION('',(1.,0.,0.));
#3678 = PLANE('',#3679);
#3679 = AXIS2_PLACEMENT_3D('',#3680,#3681,#3682);
#3680 = CARTESIAN_POINT('',(0.,135.3,8.6));
#3681 = DIRECTION('',(0.,0.,1.));
#3682 = DIRECTION('',(1.,0.,0.));
#3683 = ADVANCED_FACE('',(#3684),#3695,.T.);
#3684 = FACE_BOUND('',#3685,.T.);
#3685 = EDGE_LOOP('',(#3686,#3687,#3688,#3689));
#3686 = ORIENTED_EDGE('',*,*,#2776,.F.);
#3687 = ORIENTED_EDGE('',*,*,#1590,.T.);
#3688 = ORIENTED_EDGE('',*,*,#3673,.T.);
#3689 = ORIENTED_EDGE('',*,*,#3690,.F.);
#3690 = EDGE_CURVE('',#2769,#3666,#3691,.T.);
#3691 = LINE('',#3692,#3693);
#3692 = CARTESIAN_POINT('',(9.,136.5,1.4));
#3693 = VECTOR('',#3694,1.);
#3694 = DIRECTION('',(0.,0.,1.));
#3695 = PLANE('',#3696);
#3696 = AXIS2_PLACEMENT_3D('',#3697,#3698,#3699);
#3697 = CARTESIAN_POINT('',(0.,136.5,1.4));
#3698 = DIRECTION('',(0.,1.,0.));
#3699 = DIRECTION('',(0.,0.,1.));
#3700 = ADVANCED_FACE('',(#3701),#3719,.T.);
#3701 = FACE_BOUND('',#3702,.T.);
#3702 = EDGE_LOOP('',(#3703,#3704,#3705,#3713));
#3703 = ORIENTED_EDGE('',*,*,#2799,.F.);
#3704 = ORIENTED_EDGE('',*,*,#1622,.T.);
#3705 = ORIENTED_EDGE('',*,*,#3706,.T.);
#3706 = EDGE_CURVE('',#1615,#3707,#3709,.T.);
#3707 = VERTEX_POINT('',#3708);
#3708 = CARTESIAN_POINT('',(9.,144.7,8.6));
#3709 = LINE('',#3710,#3711);
#3710 = CARTESIAN_POINT('',(0.,144.7,8.6));
#3711 = VECTOR('',#3712,1.);
#3712 = DIRECTION('',(1.,0.,0.));
#3713 = ORIENTED_EDGE('',*,*,#3714,.F.);
#3714 = EDGE_CURVE('',#2792,#3707,#3715,.T.);
#3715 = LINE('',#3716,#3717);
#3716 = CARTESIAN_POINT('',(9.,144.7,1.4));
#3717 = VECTOR('',#3718,1.);
#3718 = DIRECTION('',(0.,0.,1.));
#3719 = PLANE('',#3720);
#3720 = AXIS2_PLACEMENT_3D('',#3721,#3722,#3723);
#3721 = CARTESIAN_POINT('',(0.,144.7,1.4));
#3722 = DIRECTION('',(0.,1.,0.));
#3723 = DIRECTION('',(0.,0.,1.));
#3724 = ADVANCED_FACE('',(#3725),#3743,.T.);
#3725 = FACE_BOUND('',#3726,.T.);
#3726 = EDGE_LOOP('',(#3727,#3728,#3736,#3742));
#3727 = ORIENTED_EDGE('',*,*,#1614,.F.);
#3728 = ORIENTED_EDGE('',*,*,#3729,.T.);
#3729 = EDGE_CURVE('',#1607,#3730,#3732,.T.);
#3730 = VERTEX_POINT('',#3731);
#3731 = CARTESIAN_POINT('',(9.,143.5,8.6));
#3732 = LINE('',#3733,#3734);
#3733 = CARTESIAN_POINT('',(0.,143.5,8.6));
#3734 = VECTOR('',#3735,1.);
#3735 = DIRECTION('',(1.,0.,0.));
#3736 = ORIENTED_EDGE('',*,*,#3737,.T.);
#3737 = EDGE_CURVE('',#3730,#3707,#3738,.T.);
#3738 = LINE('',#3739,#3740);
#3739 = CARTESIAN_POINT('',(9.,143.5,8.6));
#3740 = VECTOR('',#3741,1.);
#3741 = DIRECTION('',(0.,1.,0.));
#3742 = ORIENTED_EDGE('',*,*,#3706,.F.);
#3743 = PLANE('',#3744);
#3744 = AXIS2_PLACEMENT_3D('',#3745,#3746,#3747);
#3745 = CARTESIAN_POINT('',(0.,143.5,8.6));
#3746 = DIRECTION('',(0.,0.,1.));
#3747 = DIRECTION('',(1.,0.,0.));
#3748 = ADVANCED_FACE('',(#3749),#3760,.F.);
#3749 = FACE_BOUND('',#3750,.F.);
#3750 = EDGE_LOOP('',(#3751,#3752,#3753,#3754));
#3751 = ORIENTED_EDGE('',*,*,#2783,.F.);
#3752 = ORIENTED_EDGE('',*,*,#1606,.T.);
#3753 = ORIENTED_EDGE('',*,*,#3729,.T.);
#3754 = ORIENTED_EDGE('',*,*,#3755,.F.);
#3755 = EDGE_CURVE('',#2784,#3730,#3756,.T.);
#3756 = LINE('',#3757,#3758);
#3757 = CARTESIAN_POINT('',(9.,143.5,1.4));
#3758 = VECTOR('',#3759,1.);
#3759 = DIRECTION('',(0.,0.,1.));
#3760 = PLANE('',#3761);
#3761 = AXIS2_PLACEMENT_3D('',#3762,#3763,#3764);
#3762 = CARTESIAN_POINT('',(0.,143.5,1.4));
#3763 = DIRECTION('',(0.,1.,0.));
#3764 = DIRECTION('',(0.,0.,1.));
#3765 = ADVANCED_FACE('',(#3766),#3791,.T.);
#3766 = FACE_BOUND('',#3767,.T.);
#3767 = EDGE_LOOP('',(#3768,#3776,#3784,#3790));
#3768 = ORIENTED_EDGE('',*,*,#3769,.F.);
#3769 = EDGE_CURVE('',#3770,#1675,#3772,.T.);
#3770 = VERTEX_POINT('',#3771);
#3771 = CARTESIAN_POINT('',(-1.,120.3,13.6));
#3772 = LINE('',#3773,#3774);
#3773 = CARTESIAN_POINT('',(-1.,120.3,13.6));
#3774 = VECTOR('',#3775,1.);
#3775 = DIRECTION('',(1.,0.,0.));
#3776 = ORIENTED_EDGE('',*,*,#3777,.F.);
#3777 = EDGE_CURVE('',#3778,#3770,#3780,.T.);
#3778 = VERTEX_POINT('',#3779);
#3779 = CARTESIAN_POINT('',(-1.,109.7,13.6));
#3780 = LINE('',#3781,#3782);
#3781 = CARTESIAN_POINT('',(-1.,109.7,13.6));
#3782 = VECTOR('',#3783,1.);
#3783 = DIRECTION('',(0.,1.,0.));
#3784 = ORIENTED_EDGE('',*,*,#3785,.T.);
#3785 = EDGE_CURVE('',#3778,#1677,#3786,.T.);
#3786 = LINE('',#3787,#3788);
#3787 = CARTESIAN_POINT('',(-1.,109.7,13.6));
#3788 = VECTOR('',#3789,1.);
#3789 = DIRECTION('',(1.,0.,0.));
#3790 = ORIENTED_EDGE('',*,*,#1674,.F.);
#3791 = PLANE('',#3792);
#3792 = AXIS2_PLACEMENT_3D('',#3793,#3794,#3795);
#3793 = CARTESIAN_POINT('',(-1.,109.7,13.6));
#3794 = DIRECTION('',(0.,0.,1.));
#3795 = DIRECTION('',(1.,0.,0.));
#3796 = ADVANCED_FACE('',(#3797),#3815,.F.);
#3797 = FACE_BOUND('',#3798,.F.);
#3798 = EDGE_LOOP('',(#3799,#3800,#3808,#3814));
#3799 = ORIENTED_EDGE('',*,*,#3769,.F.);
#3800 = ORIENTED_EDGE('',*,*,#3801,.T.);
#3801 = EDGE_CURVE('',#3770,#3802,#3804,.T.);
#3802 = VERTEX_POINT('',#3803);
#3803 = CARTESIAN_POINT('',(-1.,120.3,16.2));
#3804 = LINE('',#3805,#3806);
#3805 = CARTESIAN_POINT('',(-1.,120.3,13.6));
#3806 = VECTOR('',#3807,1.);
#3807 = DIRECTION('',(0.,0.,1.));
#3808 = ORIENTED_EDGE('',*,*,#3809,.T.);
#3809 = EDGE_CURVE('',#3802,#1693,#3810,.T.);
#3810 = LINE('',#3811,#3812);
#3811 = CARTESIAN_POINT('',(-1.,120.3,16.2));
#3812 = VECTOR('',#3813,1.);
#3813 = DIRECTION('',(1.,0.,0.));
#3814 = ORIENTED_EDGE('',*,*,#1700,.F.);
#3815 = PLANE('',#3816);
#3816 = AXIS2_PLACEMENT_3D('',#3817,#3818,#3819);
#3817 = CARTESIAN_POINT('',(-1.,120.3,13.6));
#3818 = DIRECTION('',(0.,1.,0.));
#3819 = DIRECTION('',(0.,0.,1.));
#3820 = ADVANCED_FACE('',(#3821),#3839,.F.);
#3821 = FACE_BOUND('',#3822,.F.);
#3822 = EDGE_LOOP('',(#3823,#3824,#3832,#3838));
#3823 = ORIENTED_EDGE('',*,*,#3809,.F.);
#3824 = ORIENTED_EDGE('',*,*,#3825,.F.);
#3825 = EDGE_CURVE('',#3826,#3802,#3828,.T.);
#3826 = VERTEX_POINT('',#3827);
#3827 = CARTESIAN_POINT('',(-1.,109.7,16.2));
#3828 = LINE('',#3829,#3830);
#3829 = CARTESIAN_POINT('',(-1.,109.7,16.2));
#3830 = VECTOR('',#3831,1.);
#3831 = DIRECTION('',(0.,1.,0.));
#3832 = ORIENTED_EDGE('',*,*,#3833,.T.);
#3833 = EDGE_CURVE('',#3826,#1685,#3834,.T.);
#3834 = LINE('',#3835,#3836);
#3835 = CARTESIAN_POINT('',(-1.,109.7,16.2));
#3836 = VECTOR('',#3837,1.);
#3837 = DIRECTION('',(1.,0.,0.));
#3838 = ORIENTED_EDGE('',*,*,#1692,.F.);
#3839 = PLANE('',#3840);
#3840 = AXIS2_PLACEMENT_3D('',#3841,#3842,#3843);
#3841 = CARTESIAN_POINT('',(-1.,109.7,16.2));
#3842 = DIRECTION('',(0.,0.,1.));
#3843 = DIRECTION('',(1.,0.,0.));
#3844 = ADVANCED_FACE('',(#3845),#3856,.T.);
#3845 = FACE_BOUND('',#3846,.T.);
#3846 = EDGE_LOOP('',(#3847,#3848,#3854,#3855));
#3847 = ORIENTED_EDGE('',*,*,#3785,.F.);
#3848 = ORIENTED_EDGE('',*,*,#3849,.T.);
#3849 = EDGE_CURVE('',#3778,#3826,#3850,.T.);
#3850 = LINE('',#3851,#3852);
#3851 = CARTESIAN_POINT('',(-1.,109.7,13.6));
#3852 = VECTOR('',#3853,1.);
#3853 = DIRECTION('',(0.,0.,1.));
#3854 = ORIENTED_EDGE('',*,*,#3833,.T.);
#3855 = ORIENTED_EDGE('',*,*,#1684,.F.);
#3856 = PLANE('',#3857);
#3857 = AXIS2_PLACEMENT_3D('',#3858,#3859,#3860);
#3858 = CARTESIAN_POINT('',(-1.,109.7,13.6));
#3859 = DIRECTION('',(0.,1.,0.));
#3860 = DIRECTION('',(0.,0.,1.));
#3861 = ADVANCED_FACE('',(#3862),#3887,.T.);
#3862 = FACE_BOUND('',#3863,.T.);
#3863 = EDGE_LOOP('',(#3864,#3872,#3880,#3886));
#3864 = ORIENTED_EDGE('',*,*,#3865,.F.);
#3865 = EDGE_CURVE('',#3866,#1709,#3868,.T.);
#3866 = VERTEX_POINT('',#3867);
#3867 = CARTESIAN_POINT('',(-1.,80.3,13.6));
#3868 = LINE('',#3869,#3870);
#3869 = CARTESIAN_POINT('',(-1.,80.3,13.6));
#3870 = VECTOR('',#3871,1.);
#3871 = DIRECTION('',(1.,0.,0.));
#3872 = ORIENTED_EDGE('',*,*,#3873,.F.);
#3873 = EDGE_CURVE('',#3874,#3866,#3876,.T.);
#3874 = VERTEX_POINT('',#3875);
#3875 = CARTESIAN_POINT('',(-1.,69.7,13.6));
#3876 = LINE('',#3877,#3878);
#3877 = CARTESIAN_POINT('',(-1.,69.7,13.6));
#3878 = VECTOR('',#3879,1.);
#3879 = DIRECTION('',(0.,1.,0.));
#3880 = ORIENTED_EDGE('',*,*,#3881,.T.);
#3881 = EDGE_CURVE('',#3874,#1711,#3882,.T.);
#3882 = LINE('',#3883,#3884);
#3883 = CARTESIAN_POINT('',(-1.,69.7,13.6));
#3884 = VECTOR('',#3885,1.);
#3885 = DIRECTION('',(1.,0.,0.));
#3886 = ORIENTED_EDGE('',*,*,#1708,.F.);
#3887 = PLANE('',#3888);
#3888 = AXIS2_PLACEMENT_3D('',#3889,#3890,#3891);
#3889 = CARTESIAN_POINT('',(-1.,69.7,13.6));
#3890 = DIRECTION('',(0.,0.,1.));
#3891 = DIRECTION('',(1.,0.,0.));
#3892 = ADVANCED_FACE('',(#3893),#3911,.F.);
#3893 = FACE_BOUND('',#3894,.F.);
#3894 = EDGE_LOOP('',(#3895,#3896,#3904,#3910));
#3895 = ORIENTED_EDGE('',*,*,#3865,.F.);
#3896 = ORIENTED_EDGE('',*,*,#3897,.T.);
#3897 = EDGE_CURVE('',#3866,#3898,#3900,.T.);
#3898 = VERTEX_POINT('',#3899);
#3899 = CARTESIAN_POINT('',(-1.,80.3,16.2));
#3900 = LINE('',#3901,#3902);
#3901 = CARTESIAN_POINT('',(-1.,80.3,13.6));
#3902 = VECTOR('',#3903,1.);
#3903 = DIRECTION('',(0.,0.,1.));
#3904 = ORIENTED_EDGE('',*,*,#3905,.T.);
#3905 = EDGE_CURVE('',#3898,#1727,#3906,.T.);
#3906 = LINE('',#3907,#3908);
#3907 = CARTESIAN_POINT('',(-1.,80.3,16.2));
#3908 = VECTOR('',#3909,1.);
#3909 = DIRECTION('',(1.,0.,0.));
#3910 = ORIENTED_EDGE('',*,*,#1734,.F.);
#3911 = PLANE('',#3912);
#3912 = AXIS2_PLACEMENT_3D('',#3913,#3914,#3915);
#3913 = CARTESIAN_POINT('',(-1.,80.3,13.6));
#3914 = DIRECTION('',(0.,1.,0.));
#3915 = DIRECTION('',(0.,0.,1.));
#3916 = ADVANCED_FACE('',(#3917),#3935,.F.);
#3917 = FACE_BOUND('',#3918,.F.);
#3918 = EDGE_LOOP('',(#3919,#3920,#3928,#3934));
#3919 = ORIENTED_EDGE('',*,*,#3905,.F.);
#3920 = ORIENTED_EDGE('',*,*,#3921,.F.);
#3921 = EDGE_CURVE('',#3922,#3898,#3924,.T.);
#3922 = VERTEX_POINT('',#3923);
#3923 = CARTESIAN_POINT('',(-1.,69.7,16.2));
#3924 = LINE('',#3925,#3926);
#3925 = CARTESIAN_POINT('',(-1.,69.7,16.2));
#3926 = VECTOR('',#3927,1.);
#3927 = DIRECTION('',(0.,1.,0.));
#3928 = ORIENTED_EDGE('',*,*,#3929,.T.);
#3929 = EDGE_CURVE('',#3922,#1719,#3930,.T.);
#3930 = LINE('',#3931,#3932);
#3931 = CARTESIAN_POINT('',(-1.,69.7,16.2));
#3932 = VECTOR('',#3933,1.);
#3933 = DIRECTION('',(1.,0.,0.));
#3934 = ORIENTED_EDGE('',*,*,#1726,.F.);
#3935 = PLANE('',#3936);
#3936 = AXIS2_PLACEMENT_3D('',#3937,#3938,#3939);
#3937 = CARTESIAN_POINT('',(-1.,69.7,16.2));
#3938 = DIRECTION('',(0.,0.,1.));
#3939 = DIRECTION('',(1.,0.,0.));
#3940 = ADVANCED_FACE('',(#3941),#3952,.T.);
#3941 = FACE_BOUND('',#3942,.T.);
#3942 = EDGE_LOOP('',(#3943,#3944,#3950,#3951));
#3943 = ORIENTED_EDGE('',*,*,#3881,.F.);
#3944 = ORIENTED_EDGE('',*,*,#3945,.T.);
#3945 = EDGE_CURVE('',#3874,#3922,#3946,.T.);
#3946 = LINE('',#3947,#3948);
#3947 = CARTESIAN_POINT('',(-1.,69.7,13.6));
#3948 = VECTOR('',#3949,1.);
#3949 = DIRECTION('',(0.,0.,1.));
#3950 = ORIENTED_EDGE('',*,*,#3929,.T.);
#3951 = ORIENTED_EDGE('',*,*,#1718,.F.);
#3952 = PLANE('',#3953);
#3953 = AXIS2_PLACEMENT_3D('',#3954,#3955,#3956);
#3954 = CARTESIAN_POINT('',(-1.,69.7,13.6));
#3955 = DIRECTION('',(0.,1.,0.));
#3956 = DIRECTION('',(0.,0.,1.));
#3957 = ADVANCED_FACE('',(#3958),#3983,.T.);
#3958 = FACE_BOUND('',#3959,.T.);
#3959 = EDGE_LOOP('',(#3960,#3968,#3976,#3982));
#3960 = ORIENTED_EDGE('',*,*,#3961,.F.);
#3961 = EDGE_CURVE('',#3962,#1743,#3964,.T.);
#3962 = VERTEX_POINT('',#3963);
#3963 = CARTESIAN_POINT('',(-1.,40.3,13.6));
#3964 = LINE('',#3965,#3966);
#3965 = CARTESIAN_POINT('',(-1.,40.3,13.6));
#3966 = VECTOR('',#3967,1.);
#3967 = DIRECTION('',(1.,0.,0.));
#3968 = ORIENTED_EDGE('',*,*,#3969,.F.);
#3969 = EDGE_CURVE('',#3970,#3962,#3972,.T.);
#3970 = VERTEX_POINT('',#3971);
#3971 = CARTESIAN_POINT('',(-1.,29.7,13.6));
#3972 = LINE('',#3973,#3974);
#3973 = CARTESIAN_POINT('',(-1.,29.7,13.6));
#3974 = VECTOR('',#3975,1.);
#3975 = DIRECTION('',(0.,1.,0.));
#3976 = ORIENTED_EDGE('',*,*,#3977,.T.);
#3977 = EDGE_CURVE('',#3970,#1745,#3978,.T.);
#3978 = LINE('',#3979,#3980);
#3979 = CARTESIAN_POINT('',(-1.,29.7,13.6));
#3980 = VECTOR('',#3981,1.);
#3981 = DIRECTION('',(1.,0.,0.));
#3982 = ORIENTED_EDGE('',*,*,#1742,.F.);
#3983 = PLANE('',#3984);
#3984 = AXIS2_PLACEMENT_3D('',#3985,#3986,#3987);
#3985 = CARTESIAN_POINT('',(-1.,29.7,13.6));
#3986 = DIRECTION('',(0.,0.,1.));
#3987 = DIRECTION('',(1.,0.,0.));
#3988 = ADVANCED_FACE('',(#3989),#4007,.F.);
#3989 = FACE_BOUND('',#3990,.F.);
#3990 = EDGE_LOOP('',(#3991,#3992,#4000,#4006));
#3991 = ORIENTED_EDGE('',*,*,#3961,.F.);
#3992 = ORIENTED_EDGE('',*,*,#3993,.T.);
#3993 = EDGE_CURVE('',#3962,#3994,#3996,.T.);
#3994 = VERTEX_POINT('',#3995);
#3995 = CARTESIAN_POINT('',(-1.,40.3,16.2));
#3996 = LINE('',#3997,#3998);
#3997 = CARTESIAN_POINT('',(-1.,40.3,13.6));
#3998 = VECTOR('',#3999,1.);
#3999 = DIRECTION('',(0.,0.,1.));
#4000 = ORIENTED_EDGE('',*,*,#4001,.T.);
#4001 = EDGE_CURVE('',#3994,#1761,#4002,.T.);
#4002 = LINE('',#4003,#4004);
#4003 = CARTESIAN_POINT('',(-1.,40.3,16.2));
#4004 = VECTOR('',#4005,1.);
#4005 = DIRECTION('',(1.,0.,0.));
#4006 = ORIENTED_EDGE('',*,*,#1768,.F.);
#4007 = PLANE('',#4008);
#4008 = AXIS2_PLACEMENT_3D('',#4009,#4010,#4011);
#4009 = CARTESIAN_POINT('',(-1.,40.3,13.6));
#4010 = DIRECTION('',(0.,1.,0.));
#4011 = DIRECTION('',(0.,0.,1.));
#4012 = ADVANCED_FACE('',(#4013),#4031,.F.);
#4013 = FACE_BOUND('',#4014,.F.);
#4014 = EDGE_LOOP('',(#4015,#4016,#4024,#4030));
#4015 = ORIENTED_EDGE('',*,*,#4001,.F.);
#4016 = ORIENTED_EDGE('',*,*,#4017,.F.);
#4017 = EDGE_CURVE('',#4018,#3994,#4020,.T.);
#4018 = VERTEX_POINT('',#4019);
#4019 = CARTESIAN_POINT('',(-1.,29.7,16.2));
#4020 = LINE('',#4021,#4022);
#4021 = CARTESIAN_POINT('',(-1.,29.7,16.2));
#4022 = VECTOR('',#4023,1.);
#4023 = DIRECTION('',(0.,1.,0.));
#4024 = ORIENTED_EDGE('',*,*,#4025,.T.);
#4025 = EDGE_CURVE('',#4018,#1753,#4026,.T.);
#4026 = LINE('',#4027,#4028);
#4027 = CARTESIAN_POINT('',(-1.,29.7,16.2));
#4028 = VECTOR('',#4029,1.);
#4029 = DIRECTION('',(1.,0.,0.));
#4030 = ORIENTED_EDGE('',*,*,#1760,.F.);
#4031 = PLANE('',#4032);
#4032 = AXIS2_PLACEMENT_3D('',#4033,#4034,#4035);
#4033 = CARTESIAN_POINT('',(-1.,29.7,16.2));
#4034 = DIRECTION('',(0.,0.,1.));
#4035 = DIRECTION('',(1.,0.,0.));
#4036 = ADVANCED_FACE('',(#4037),#4048,.T.);
#4037 = FACE_BOUND('',#4038,.T.);
#4038 = EDGE_LOOP('',(#4039,#4040,#4046,#4047));
#4039 = ORIENTED_EDGE('',*,*,#3977,.F.);
#4040 = ORIENTED_EDGE('',*,*,#4041,.T.);
#4041 = EDGE_CURVE('',#3970,#4018,#4042,.T.);
#4042 = LINE('',#4043,#4044);
#4043 = CARTESIAN_POINT('',(-1.,29.7,13.6));
#4044 = VECTOR('',#4045,1.);
#4045 = DIRECTION('',(0.,0.,1.));
#4046 = ORIENTED_EDGE('',*,*,#4025,.T.);
#4047 = ORIENTED_EDGE('',*,*,#1752,.F.);
#4048 = PLANE('',#4049);
#4049 = AXIS2_PLACEMENT_3D('',#4050,#4051,#4052);
#4050 = CARTESIAN_POINT('',(-1.,29.7,13.6));
#4051 = DIRECTION('',(0.,1.,0.));
#4052 = DIRECTION('',(0.,0.,1.));
#4053 = ADVANCED_FACE('',(#4054),#4060,.T.);
#4054 = FACE_BOUND('',#4055,.T.);
#4055 = EDGE_LOOP('',(#4056,#4057,#4058,#4059));
#4056 = ORIENTED_EDGE('',*,*,#3755,.F.);
#4057 = ORIENTED_EDGE('',*,*,#2791,.T.);
#4058 = ORIENTED_EDGE('',*,*,#3714,.T.);
#4059 = ORIENTED_EDGE('',*,*,#3737,.F.);
#4060 = PLANE('',#4061);
#4061 = AXIS2_PLACEMENT_3D('',#4062,#4063,#4064);
#4062 = CARTESIAN_POINT('',(9.,143.5,1.4));
#4063 = DIRECTION('',(1.,0.,0.));
#4064 = DIRECTION('',(0.,0.,1.));
#4065 = ADVANCED_FACE('',(#4066),#4072,.T.);
#4066 = FACE_BOUND('',#4067,.T.);
#4067 = EDGE_LOOP('',(#4068,#4069,#4070,#4071));
#4068 = ORIENTED_EDGE('',*,*,#3649,.F.);
#4069 = ORIENTED_EDGE('',*,*,#2768,.T.);
#4070 = ORIENTED_EDGE('',*,*,#3690,.T.);
#4071 = ORIENTED_EDGE('',*,*,#3665,.F.);
#4072 = PLANE('',#4073);
#4073 = AXIS2_PLACEMENT_3D('',#4074,#4075,#4076);
#4074 = CARTESIAN_POINT('',(9.,135.3,1.4));
#4075 = DIRECTION('',(1.,0.,0.));
#4076 = DIRECTION('',(0.,0.,1.));
#4077 = ADVANCED_FACE('',(#4078),#4084,.T.);
#4078 = FACE_BOUND('',#4079,.T.);
#4079 = EDGE_LOOP('',(#4080,#4081,#4082,#4083));
#4080 = ORIENTED_EDGE('',*,*,#2877,.F.);
#4081 = ORIENTED_EDGE('',*,*,#2909,.T.);
#4082 = ORIENTED_EDGE('',*,*,#2926,.T.);
#4083 = ORIENTED_EDGE('',*,*,#3047,.F.);
#4084 = PLANE('',#4085);
#4085 = AXIS2_PLACEMENT_3D('',#4086,#4087,#4088);
#4086 = CARTESIAN_POINT('',(51.7,-1.,13.6));
#4087 = DIRECTION('',(0.,1.,0.));
#4088 = DIRECTION('',(0.,0.,1.));
#4089 = ADVANCED_FACE('',(#4090),#4096,.T.);
#4090 = FACE_BOUND('',#4091,.T.);
#4091 = EDGE_LOOP('',(#4092,#4093,#4094,#4095));
#4092 = ORIENTED_EDGE('',*,*,#3013,.F.);
#4093 = ORIENTED_EDGE('',*,*,#3030,.T.);
#4094 = ORIENTED_EDGE('',*,*,#2958,.T.);
#4095 = ORIENTED_EDGE('',*,*,#2982,.F.);
#4096 = PLANE('',#4097);
#4097 = AXIS2_PLACEMENT_3D('',#4098,#4099,#4100);
#4098 = CARTESIAN_POINT('',(22.7,-1.,13.6));
#4099 = DIRECTION('',(0.,1.,0.));
#4100 = DIRECTION('',(0.,0.,1.));
#4101 = ADVANCED_FACE('',(#4102),#4108,.F.);
#4102 = FACE_BOUND('',#4103,.F.);
#4103 = EDGE_LOOP('',(#4104,#4105,#4106,#4107));
#4104 = ORIENTED_EDGE('',*,*,#3145,.F.);
#4105 = ORIENTED_EDGE('',*,*,#3080,.T.);
#4106 = ORIENTED_EDGE('',*,*,#3104,.T.);
#4107 = ORIENTED_EDGE('',*,*,#3128,.F.);
#4108 = PLANE('',#4109);
#4109 = AXIS2_PLACEMENT_3D('',#4110,#4111,#4112);
#4110 = CARTESIAN_POINT('',(65.,109.7,13.6));
#4111 = DIRECTION('',(1.,0.,0.));
#4112 = DIRECTION('',(0.,0.,1.));
#4113 = ADVANCED_FACE('',(#4114),#4120,.F.);
#4114 = FACE_BOUND('',#4115,.F.);
#4115 = EDGE_LOOP('',(#4116,#4117,#4118,#4119));
#4116 = ORIENTED_EDGE('',*,*,#3241,.F.);
#4117 = ORIENTED_EDGE('',*,*,#3176,.T.);
#4118 = ORIENTED_EDGE('',*,*,#3200,.T.);
#4119 = ORIENTED_EDGE('',*,*,#3224,.F.);
#4120 = PLANE('',#4121);
#4121 = AXIS2_PLACEMENT_3D('',#4122,#4123,#4124);
#4122 = CARTESIAN_POINT('',(65.,69.7,13.6));
#4123 = DIRECTION('',(1.,0.,0.));
#4124 = DIRECTION('',(0.,0.,1.));
#4125 = ADVANCED_FACE('',(#4126),#4132,.F.);
#4126 = FACE_BOUND('',#4127,.F.);
#4127 = EDGE_LOOP('',(#4128,#4129,#4130,#4131));
#4128 = ORIENTED_EDGE('',*,*,#3337,.F.);
#4129 = ORIENTED_EDGE('',*,*,#3272,.T.);
#4130 = ORIENTED_EDGE('',*,*,#3296,.T.);
#4131 = ORIENTED_EDGE('',*,*,#3320,.F.);
#4132 = PLANE('',#4133);
#4133 = AXIS2_PLACEMENT_3D('',#4134,#4135,#4136);
#4134 = CARTESIAN_POINT('',(65.,29.7,13.6));
#4135 = DIRECTION('',(1.,0.,0.));
#4136 = DIRECTION('',(0.,0.,1.));
#4137 = ADVANCED_FACE('',(#4138),#4144,.F.);
#4138 = FACE_BOUND('',#4139,.F.);
#4139 = EDGE_LOOP('',(#4140,#4141,#4142,#4143));
#4140 = ORIENTED_EDGE('',*,*,#3416,.F.);
#4141 = ORIENTED_EDGE('',*,*,#3433,.T.);
#4142 = ORIENTED_EDGE('',*,*,#3368,.T.);
#4143 = ORIENTED_EDGE('',*,*,#3392,.F.);
#4144 = PLANE('',#4145);
#4145 = AXIS2_PLACEMENT_3D('',#4146,#4147,#4148);
#4146 = CARTESIAN_POINT('',(4.7,152.2,13.6));
#4147 = DIRECTION('',(0.,1.,0.));
#4148 = DIRECTION('',(0.,0.,1.));
#4149 = ADVANCED_FACE('',(#4150),#4156,.F.);
#4150 = FACE_BOUND('',#4151,.F.);
#4151 = EDGE_LOOP('',(#4152,#4153,#4154,#4155));
#4152 = ORIENTED_EDGE('',*,*,#3512,.F.);
#4153 = ORIENTED_EDGE('',*,*,#3529,.T.);
#4154 = ORIENTED_EDGE('',*,*,#3464,.T.);
#4155 = ORIENTED_EDGE('',*,*,#3488,.F.);
#4156 = PLANE('',#4157);
#4157 = AXIS2_PLACEMENT_3D('',#4158,#4159,#4160);
#4158 = CARTESIAN_POINT('',(34.7,152.2,13.6));
#4159 = DIRECTION('',(0.,1.,0.));
#4160 = DIRECTION('',(0.,0.,1.));
#4161 = ADVANCED_FACE('',(#4162),#4168,.F.);
#4162 = FACE_BOUND('',#4163,.F.);
#4163 = EDGE_LOOP('',(#4164,#4165,#4166,#4167));
#4164 = ORIENTED_EDGE('',*,*,#3608,.F.);
#4165 = ORIENTED_EDGE('',*,*,#3625,.T.);
#4166 = ORIENTED_EDGE('',*,*,#3560,.T.);
#4167 = ORIENTED_EDGE('',*,*,#3584,.F.);
#4168 = PLANE('',#4169);
#4169 = AXIS2_PLACEMENT_3D('',#4170,#4171,#4172);
#4170 = CARTESIAN_POINT('',(48.7,152.2,13.6));
#4171 = DIRECTION('',(0.,1.,0.));
#4172 = DIRECTION('',(0.,0.,1.));
#4173 = ADVANCED_FACE('',(#4174),#4180,.T.);
#4174 = FACE_BOUND('',#4175,.T.);
#4175 = EDGE_LOOP('',(#4176,#4177,#4178,#4179));
#4176 = ORIENTED_EDGE('',*,*,#3849,.F.);
#4177 = ORIENTED_EDGE('',*,*,#3777,.T.);
#4178 = ORIENTED_EDGE('',*,*,#3801,.T.);
#4179 = ORIENTED_EDGE('',*,*,#3825,.F.);
#4180 = PLANE('',#4181);
#4181 = AXIS2_PLACEMENT_3D('',#4182,#4183,#4184);
#4182 = CARTESIAN_POINT('',(-1.,109.7,13.6));
#4183 = DIRECTION('',(1.,0.,0.));
#4184 = DIRECTION('',(0.,0.,1.));
#4185 = ADVANCED_FACE('',(#4186),#4192,.T.);
#4186 = FACE_BOUND('',#4187,.T.);
#4187 = EDGE_LOOP('',(#4188,#4189,#4190,#4191));
#4188 = ORIENTED_EDGE('',*,*,#3945,.F.);
#4189 = ORIENTED_EDGE('',*,*,#3873,.T.);
#4190 = ORIENTED_EDGE('',*,*,#3897,.T.);
#4191 = ORIENTED_EDGE('',*,*,#3921,.F.);
#4192 = PLANE('',#4193);
#4193 = AXIS2_PLACEMENT_3D('',#4194,#4195,#4196);
#4194 = CARTESIAN_POINT('',(-1.,69.7,13.6));
#4195 = DIRECTION('',(1.,0.,0.));
#4196 = DIRECTION('',(0.,0.,1.));
#4197 = ADVANCED_FACE('',(#4198),#4204,.T.);
#4198 = FACE_BOUND('',#4199,.T.);
#4199 = EDGE_LOOP('',(#4200,#4201,#4202,#4203));
#4200 = ORIENTED_EDGE('',*,*,#4041,.F.);
#4201 = ORIENTED_EDGE('',*,*,#3969,.T.);
#4202 = ORIENTED_EDGE('',*,*,#3993,.T.);
#4203 = ORIENTED_EDGE('',*,*,#4017,.F.);
#4204 = PLANE('',#4205);
#4205 = AXIS2_PLACEMENT_3D('',#4206,#4207,#4208);
#4206 = CARTESIAN_POINT('',(-1.,29.7,13.6));
#4207 = DIRECTION('',(1.,0.,0.));
#4208 = DIRECTION('',(0.,0.,1.));
#4209 = MANIFOLD_SOLID_BREP('',#4210);
#4210 = CLOSED_SHELL('',(#4211,#4253,#4284,#4318,#4447,#4471,#4496,#4521
    ,#4546,#4779,#4804,#4828,#4852,#4870,#5003,#5028,#5154,#5179,#5305,
    #5346,#5427,#5445,#5463,#5481,#5499,#5517,#5529,#5554,#5579,#5604,
    #5629,#5654,#5679,#5704,#5736,#5760,#5785,#5809,#5834,#5858,#5883,
    #5900,#5931,#5955,#5979,#5996,#6082,#6113,#6137,#6161,#6178,#6209,
    #6233,#6257,#6274,#6305,#6329,#6353,#6370,#6401,#6425,#6449,#6466,
    #6497,#6521,#6545,#6562,#6593,#6617,#6641,#6658,#6689,#6713,#6737,
    #6754,#6785,#6809,#6833,#6850,#6881,#6905,#6929,#6946,#6977,#7009,
    #7033,#7058,#7089,#7113,#7137,#7154,#7293,#7339,#7361,#7378,#7409,
    #7426,#7443,#7460,#7477,#7489,#7501,#7513,#7525,#7537,#7549,#7561,
    #7573,#7585,#7597,#7614,#7626,#7638,#7655,#7672));
#4211 = ADVANCED_FACE('',(#4212),#4248,.T.);
#4212 = FACE_BOUND('',#4213,.T.);
#4213 = EDGE_LOOP('',(#4214,#4224,#4233,#4241));
#4214 = ORIENTED_EDGE('',*,*,#4215,.T.);
#4215 = EDGE_CURVE('',#4216,#4218,#4220,.T.);
#4216 = VERTEX_POINT('',#4217);
#4217 = CARTESIAN_POINT('',(2.6,-2.4,16.4));
#4218 = VERTEX_POINT('',#4219);
#4219 = CARTESIAN_POINT('',(2.6,-2.4,17.));
#4220 = LINE('',#4221,#4222);
#4221 = CARTESIAN_POINT('',(2.6,-2.4,16.4));
#4222 = VECTOR('',#4223,1.);
#4223 = DIRECTION('',(0.,0.,1.));
#4224 = ORIENTED_EDGE('',*,*,#4225,.F.);
#4225 = EDGE_CURVE('',#4226,#4218,#4228,.T.);
#4226 = VERTEX_POINT('',#4227);
#4227 = CARTESIAN_POINT('',(-2.4,2.6,17.));
#4228 = CIRCLE('',#4229,5.);
#4229 = AXIS2_PLACEMENT_3D('',#4230,#4231,#4232);
#4230 = CARTESIAN_POINT('',(2.6,2.6,17.));
#4231 = DIRECTION('',(0.,0.,1.));
#4232 = DIRECTION('',(-1.,1.33226762955E-15,0.));
#4233 = ORIENTED_EDGE('',*,*,#4234,.F.);
#4234 = EDGE_CURVE('',#4235,#4226,#4237,.T.);
#4235 = VERTEX_POINT('',#4236);
#4236 = CARTESIAN_POINT('',(-2.4,2.6,16.4));
#4237 = LINE('',#4238,#4239);
#4238 = CARTESIAN_POINT('',(-2.4,2.6,16.4));
#4239 = VECTOR('',#4240,1.);
#4240 = DIRECTION('',(0.,0.,1.));
#4241 = ORIENTED_EDGE('',*,*,#4242,.T.);
#4242 = EDGE_CURVE('',#4235,#4216,#4243,.T.);
#4243 = CIRCLE('',#4244,5.);
#4244 = AXIS2_PLACEMENT_3D('',#4245,#4246,#4247);
#4245 = CARTESIAN_POINT('',(2.6,2.6,16.4));
#4246 = DIRECTION('',(0.,0.,1.));
#4247 = DIRECTION('',(1.,0.,0.));
#4248 = CYLINDRICAL_SURFACE('',#4249,5.);
#4249 = AXIS2_PLACEMENT_3D('',#4250,#4251,#4252);
#4250 = CARTESIAN_POINT('',(2.6,2.6,16.4));
#4251 = DIRECTION('',(0.,0.,1.));
#4252 = DIRECTION('',(1.,0.,0.));
#4253 = ADVANCED_FACE('',(#4254),#4279,.F.);
#4254 = FACE_BOUND('',#4255,.F.);
#4255 = EDGE_LOOP('',(#4256,#4266,#4272,#4273));
#4256 = ORIENTED_EDGE('',*,*,#4257,.F.);
#4257 = EDGE_CURVE('',#4258,#4260,#4262,.T.);
#4258 = VERTEX_POINT('',#4259);
#4259 = CARTESIAN_POINT('',(61.4,-2.4,16.4));
#4260 = VERTEX_POINT('',#4261);
#4261 = CARTESIAN_POINT('',(61.4,-2.4,17.));
#4262 = LINE('',#4263,#4264);
#4263 = CARTESIAN_POINT('',(61.4,-2.4,16.4));
#4264 = VECTOR('',#4265,1.);
#4265 = DIRECTION('',(0.,0.,1.));
#4266 = ORIENTED_EDGE('',*,*,#4267,.F.);
#4267 = EDGE_CURVE('',#4216,#4258,#4268,.T.);
#4268 = LINE('',#4269,#4270);
#4269 = CARTESIAN_POINT('',(2.6,-2.4,16.4));
#4270 = VECTOR('',#4271,1.);
#4271 = DIRECTION('',(1.,0.,0.));
#4272 = ORIENTED_EDGE('',*,*,#4215,.T.);
#4273 = ORIENTED_EDGE('',*,*,#4274,.T.);
#4274 = EDGE_CURVE('',#4218,#4260,#4275,.T.);
#4275 = LINE('',#4276,#4277);
#4276 = CARTESIAN_POINT('',(2.6,-2.4,17.));
#4277 = VECTOR('',#4278,1.);
#4278 = DIRECTION('',(1.,0.,0.));
#4279 = PLANE('',#4280);
#4280 = AXIS2_PLACEMENT_3D('',#4281,#4282,#4283);
#4281 = CARTESIAN_POINT('',(2.6,-2.4,16.4));
#4282 = DIRECTION('',(0.,1.,0.));
#4283 = DIRECTION('',(0.,0.,1.));
#4284 = ADVANCED_FACE('',(#4285),#4313,.T.);
#4285 = FACE_BOUND('',#4286,.T.);
#4286 = EDGE_LOOP('',(#4287,#4296,#4297,#4306));
#4287 = ORIENTED_EDGE('',*,*,#4288,.F.);
#4288 = EDGE_CURVE('',#4226,#4289,#4291,.T.);
#4289 = VERTEX_POINT('',#4290);
#4290 = CARTESIAN_POINT('',(-1.6,2.6,17.8));
#4291 = CIRCLE('',#4292,0.8);
#4292 = AXIS2_PLACEMENT_3D('',#4293,#4294,#4295);
#4293 = CARTESIAN_POINT('',(-1.6,2.6,17.));
#4294 = DIRECTION('',(1.33226762955E-15,1.,-0.));
#4295 = DIRECTION('',(-1.,1.33226762955E-15,0.));
#4296 = ORIENTED_EDGE('',*,*,#4225,.T.);
#4297 = ORIENTED_EDGE('',*,*,#4298,.T.);
#4298 = EDGE_CURVE('',#4218,#4299,#4301,.T.);
#4299 = VERTEX_POINT('',#4300);
#4300 = CARTESIAN_POINT('',(2.6,-1.6,17.8));
#4301 = CIRCLE('',#4302,0.8);
#4302 = AXIS2_PLACEMENT_3D('',#4303,#4304,#4305);
#4303 = CARTESIAN_POINT('',(2.6,-1.6,17.));
#4304 = DIRECTION('',(-1.,1.393499969508E-15,0.));
#4305 = DIRECTION('',(-1.393499969508E-15,-1.,0.));
#4306 = ORIENTED_EDGE('',*,*,#4307,.F.);
#4307 = EDGE_CURVE('',#4289,#4299,#4308,.T.);
#4308 = CIRCLE('',#4309,4.2);
#4309 = AXIS2_PLACEMENT_3D('',#4310,#4311,#4312);
#4310 = CARTESIAN_POINT('',(2.6,2.6,17.8));
#4311 = DIRECTION('',(0.,0.,1.));
#4312 = DIRECTION('',(-1.,1.33226762955E-15,0.));
#4313 = TOROIDAL_SURFACE('',#4314,4.2,0.8);
#4314 = AXIS2_PLACEMENT_3D('',#4315,#4316,#4317);
#4315 = CARTESIAN_POINT('',(2.6,2.6,17.));
#4316 = DIRECTION('',(0.,0.,1.));
#4317 = DIRECTION('',(-1.,1.33226762955E-15,0.));
#4318 = ADVANCED_FACE('',(#4319,#4372),#4442,.T.);
#4319 = FACE_BOUND('',#4320,.T.);
#4320 = EDGE_LOOP('',(#4321,#4322,#4330,#4339,#4347,#4356,#4364,#4371));
#4321 = ORIENTED_EDGE('',*,*,#4242,.F.);
#4322 = ORIENTED_EDGE('',*,*,#4323,.T.);
#4323 = EDGE_CURVE('',#4235,#4324,#4326,.T.);
#4324 = VERTEX_POINT('',#4325);
#4325 = CARTESIAN_POINT('',(-2.4,148.6,16.4));
#4326 = LINE('',#4327,#4328);
#4327 = CARTESIAN_POINT('',(-2.4,2.6,16.4));
#4328 = VECTOR('',#4329,1.);
#4329 = DIRECTION('',(0.,1.,0.));
#4330 = ORIENTED_EDGE('',*,*,#4331,.F.);
#4331 = EDGE_CURVE('',#4332,#4324,#4334,.T.);
#4332 = VERTEX_POINT('',#4333);
#4333 = CARTESIAN_POINT('',(2.6,153.6,16.4));
#4334 = CIRCLE('',#4335,5.);
#4335 = AXIS2_PLACEMENT_3D('',#4336,#4337,#4338);
#4336 = CARTESIAN_POINT('',(2.6,148.6,16.4));
#4337 = DIRECTION('',(0.,0.,1.));
#4338 = DIRECTION('',(1.,0.,0.));
#4339 = ORIENTED_EDGE('',*,*,#4340,.T.);
#4340 = EDGE_CURVE('',#4332,#4341,#4343,.T.);
#4341 = VERTEX_POINT('',#4342);
#4342 = CARTESIAN_POINT('',(61.4,153.6,16.4));
#4343 = LINE('',#4344,#4345);
#4344 = CARTESIAN_POINT('',(2.6,153.6,16.4));
#4345 = VECTOR('',#4346,1.);
#4346 = DIRECTION('',(1.,0.,0.));
#4347 = ORIENTED_EDGE('',*,*,#4348,.F.);
#4348 = EDGE_CURVE('',#4349,#4341,#4351,.T.);
#4349 = VERTEX_POINT('',#4350);
#4350 = CARTESIAN_POINT('',(66.4,148.6,16.4));
#4351 = CIRCLE('',#4352,5.);
#4352 = AXIS2_PLACEMENT_3D('',#4353,#4354,#4355);
#4353 = CARTESIAN_POINT('',(61.4,148.6,16.4));
#4354 = DIRECTION('',(0.,0.,1.));
#4355 = DIRECTION('',(1.,0.,0.));
#4356 = ORIENTED_EDGE('',*,*,#4357,.F.);
#4357 = EDGE_CURVE('',#4358,#4349,#4360,.T.);
#4358 = VERTEX_POINT('',#4359);
#4359 = CARTESIAN_POINT('',(66.4,2.6,16.4));
#4360 = LINE('',#4361,#4362);
#4361 = CARTESIAN_POINT('',(66.4,2.6,16.4));
#4362 = VECTOR('',#4363,1.);
#4363 = DIRECTION('',(0.,1.,0.));
#4364 = ORIENTED_EDGE('',*,*,#4365,.F.);
#4365 = EDGE_CURVE('',#4258,#4358,#4366,.T.);
#4366 = CIRCLE('',#4367,5.);
#4367 = AXIS2_PLACEMENT_3D('',#4368,#4369,#4370);
#4368 = CARTESIAN_POINT('',(61.4,2.6,16.4));
#4369 = DIRECTION('',(0.,0.,1.));
#4370 = DIRECTION('',(1.,0.,0.));
#4371 = ORIENTED_EDGE('',*,*,#4267,.F.);
#4372 = FACE_BOUND('',#4373,.T.);
#4373 = EDGE_LOOP('',(#4374,#4384,#4393,#4401,#4410,#4418,#4427,#4435));
#4374 = ORIENTED_EDGE('',*,*,#4375,.F.);
#4375 = EDGE_CURVE('',#4376,#4378,#4380,.T.);
#4376 = VERTEX_POINT('',#4377);
#4377 = CARTESIAN_POINT('',(0.35,2.6,16.4));
#4378 = VERTEX_POINT('',#4379);
#4379 = CARTESIAN_POINT('',(0.35,148.6,16.4));
#4380 = LINE('',#4381,#4382);
#4381 = CARTESIAN_POINT('',(0.35,2.6,16.4));
#4382 = VECTOR('',#4383,1.);
#4383 = DIRECTION('',(0.,1.,0.));
#4384 = ORIENTED_EDGE('',*,*,#4385,.T.);
#4385 = EDGE_CURVE('',#4376,#4386,#4388,.T.);
#4386 = VERTEX_POINT('',#4387);
#4387 = CARTESIAN_POINT('',(2.6,0.35,16.4));
#4388 = CIRCLE('',#4389,2.25);
#4389 = AXIS2_PLACEMENT_3D('',#4390,#4391,#4392);
#4390 = CARTESIAN_POINT('',(2.6,2.6,16.4));
#4391 = DIRECTION('',(0.,0.,1.));
#4392 = DIRECTION('',(1.,0.,0.));
#4393 = ORIENTED_EDGE('',*,*,#4394,.T.);
#4394 = EDGE_CURVE('',#4386,#4395,#4397,.T.);
#4395 = VERTEX_POINT('',#4396);
#4396 = CARTESIAN_POINT('',(61.4,0.35,16.4));
#4397 = LINE('',#4398,#4399);
#4398 = CARTESIAN_POINT('',(2.6,0.35,16.4));
#4399 = VECTOR('',#4400,1.);
#4400 = DIRECTION('',(1.,0.,0.));
#4401 = ORIENTED_EDGE('',*,*,#4402,.T.);
#4402 = EDGE_CURVE('',#4395,#4403,#4405,.T.);
#4403 = VERTEX_POINT('',#4404);
#4404 = CARTESIAN_POINT('',(63.65,2.6,16.4));
#4405 = CIRCLE('',#4406,2.25);
#4406 = AXIS2_PLACEMENT_3D('',#4407,#4408,#4409);
#4407 = CARTESIAN_POINT('',(61.4,2.6,16.4));
#4408 = DIRECTION('',(0.,0.,1.));
#4409 = DIRECTION('',(1.,0.,0.));
#4410 = ORIENTED_EDGE('',*,*,#4411,.T.);
#4411 = EDGE_CURVE('',#4403,#4412,#4414,.T.);
#4412 = VERTEX_POINT('',#4413);
#4413 = CARTESIAN_POINT('',(63.65,148.6,16.4));
#4414 = LINE('',#4415,#4416);
#4415 = CARTESIAN_POINT('',(63.65,2.6,16.4));
#4416 = VECTOR('',#4417,1.);
#4417 = DIRECTION('',(0.,1.,0.));
#4418 = ORIENTED_EDGE('',*,*,#4419,.T.);
#4419 = EDGE_CURVE('',#4412,#4420,#4422,.T.);
#4420 = VERTEX_POINT('',#4421);
#4421 = CARTESIAN_POINT('',(61.4,150.85,16.4));
#4422 = CIRCLE('',#4423,2.25);
#4423 = AXIS2_PLACEMENT_3D('',#4424,#4425,#4426);
#4424 = CARTESIAN_POINT('',(61.4,148.6,16.4));
#4425 = DIRECTION('',(0.,0.,1.));
#4426 = DIRECTION('',(1.,0.,0.));
#4427 = ORIENTED_EDGE('',*,*,#4428,.F.);
#4428 = EDGE_CURVE('',#4429,#4420,#4431,.T.);
#4429 = VERTEX_POINT('',#4430);
#4430 = CARTESIAN_POINT('',(2.6,150.85,16.4));
#4431 = LINE('',#4432,#4433);
#4432 = CARTESIAN_POINT('',(2.6,150.85,16.4));
#4433 = VECTOR('',#4434,1.);
#4434 = DIRECTION('',(1.,0.,0.));
#4435 = ORIENTED_EDGE('',*,*,#4436,.T.);
#4436 = EDGE_CURVE('',#4429,#4378,#4437,.T.);
#4437 = CIRCLE('',#4438,2.25);
#4438 = AXIS2_PLACEMENT_3D('',#4439,#4440,#4441);
#4439 = CARTESIAN_POINT('',(2.6,148.6,16.4));
#4440 = DIRECTION('',(0.,0.,1.));
#4441 = DIRECTION('',(1.,0.,0.));
#4442 = PLANE('',#4443);
#4443 = AXIS2_PLACEMENT_3D('',#4444,#4445,#4446);
#4444 = CARTESIAN_POINT('',(32.,75.6,16.4));
#4445 = DIRECTION('',(-0.,-0.,-1.));
#4446 = DIRECTION('',(-1.,0.,0.));
#4447 = ADVANCED_FACE('',(#4448),#4466,.F.);
#4448 = FACE_BOUND('',#4449,.F.);
#4449 = EDGE_LOOP('',(#4450,#4451,#4452,#4460));
#4450 = ORIENTED_EDGE('',*,*,#4234,.F.);
#4451 = ORIENTED_EDGE('',*,*,#4323,.T.);
#4452 = ORIENTED_EDGE('',*,*,#4453,.T.);
#4453 = EDGE_CURVE('',#4324,#4454,#4456,.T.);
#4454 = VERTEX_POINT('',#4455);
#4455 = CARTESIAN_POINT('',(-2.4,148.6,17.));
#4456 = LINE('',#4457,#4458);
#4457 = CARTESIAN_POINT('',(-2.4,148.6,16.4));
#4458 = VECTOR('',#4459,1.);
#4459 = DIRECTION('',(0.,0.,1.));
#4460 = ORIENTED_EDGE('',*,*,#4461,.T.);
#4461 = EDGE_CURVE('',#4454,#4226,#4462,.T.);
#4462 = LINE('',#4463,#4464);
#4463 = CARTESIAN_POINT('',(-2.4,148.6,17.));
#4464 = VECTOR('',#4465,1.);
#4465 = DIRECTION('',(0.,-1.,0.));
#4466 = PLANE('',#4467);
#4467 = AXIS2_PLACEMENT_3D('',#4468,#4469,#4470);
#4468 = CARTESIAN_POINT('',(-2.4,2.6,16.4));
#4469 = DIRECTION('',(1.,0.,0.));
#4470 = DIRECTION('',(0.,0.,1.));
#4471 = ADVANCED_FACE('',(#4472),#4491,.T.);
#4472 = FACE_BOUND('',#4473,.T.);
#4473 = EDGE_LOOP('',(#4474,#4482,#4489,#4490));
#4474 = ORIENTED_EDGE('',*,*,#4475,.T.);
#4475 = EDGE_CURVE('',#4358,#4476,#4478,.T.);
#4476 = VERTEX_POINT('',#4477);
#4477 = CARTESIAN_POINT('',(66.4,2.6,17.));
#4478 = LINE('',#4479,#4480);
#4479 = CARTESIAN_POINT('',(66.4,2.6,16.4));
#4480 = VECTOR('',#4481,1.);
#4481 = DIRECTION('',(0.,0.,1.));
#4482 = ORIENTED_EDGE('',*,*,#4483,.F.);
#4483 = EDGE_CURVE('',#4260,#4476,#4484,.T.);
#4484 = CIRCLE('',#4485,5.);
#4485 = AXIS2_PLACEMENT_3D('',#4486,#4487,#4488);
#4486 = CARTESIAN_POINT('',(61.4,2.6,17.));
#4487 = DIRECTION('',(-0.,0.,1.));
#4488 = DIRECTION('',(0.,-1.,0.));
#4489 = ORIENTED_EDGE('',*,*,#4257,.F.);
#4490 = ORIENTED_EDGE('',*,*,#4365,.T.);
#4491 = CYLINDRICAL_SURFACE('',#4492,5.);
#4492 = AXIS2_PLACEMENT_3D('',#4493,#4494,#4495);
#4493 = CARTESIAN_POINT('',(61.4,2.6,16.4));
#4494 = DIRECTION('',(0.,0.,1.));
#4495 = DIRECTION('',(1.,0.,0.));
#4496 = ADVANCED_FACE('',(#4497),#4516,.T.);
#4497 = FACE_BOUND('',#4498,.F.);
#4498 = EDGE_LOOP('',(#4499,#4500,#4508,#4515));
#4499 = ORIENTED_EDGE('',*,*,#4298,.T.);
#4500 = ORIENTED_EDGE('',*,*,#4501,.T.);
#4501 = EDGE_CURVE('',#4299,#4502,#4504,.T.);
#4502 = VERTEX_POINT('',#4503);
#4503 = CARTESIAN_POINT('',(61.4,-1.6,17.8));
#4504 = LINE('',#4505,#4506);
#4505 = CARTESIAN_POINT('',(2.6,-1.6,17.8));
#4506 = VECTOR('',#4507,1.);
#4507 = DIRECTION('',(1.,0.,0.));
#4508 = ORIENTED_EDGE('',*,*,#4509,.F.);
#4509 = EDGE_CURVE('',#4260,#4502,#4510,.T.);
#4510 = CIRCLE('',#4511,0.8);
#4511 = AXIS2_PLACEMENT_3D('',#4512,#4513,#4514);
#4512 = CARTESIAN_POINT('',(61.4,-1.6,17.));
#4513 = DIRECTION('',(-1.,0.,0.));
#4514 = DIRECTION('',(0.,-1.,0.));
#4515 = ORIENTED_EDGE('',*,*,#4274,.F.);
#4516 = CYLINDRICAL_SURFACE('',#4517,0.8);
#4517 = AXIS2_PLACEMENT_3D('',#4518,#4519,#4520);
#4518 = CARTESIAN_POINT('',(2.6,-1.6,17.));
#4519 = DIRECTION('',(1.,0.,0.));
#4520 = DIRECTION('',(0.,-1.,0.));
#4521 = ADVANCED_FACE('',(#4522),#4541,.T.);
#4522 = FACE_BOUND('',#4523,.F.);
#4523 = EDGE_LOOP('',(#4524,#4533,#4539,#4540));
#4524 = ORIENTED_EDGE('',*,*,#4525,.T.);
#4525 = EDGE_CURVE('',#4454,#4526,#4528,.T.);
#4526 = VERTEX_POINT('',#4527);
#4527 = CARTESIAN_POINT('',(-1.6,148.6,17.8));
#4528 = CIRCLE('',#4529,0.8);
#4529 = AXIS2_PLACEMENT_3D('',#4530,#4531,#4532);
#4530 = CARTESIAN_POINT('',(-1.6,148.6,17.));
#4531 = DIRECTION('',(-2.052211859527E-16,1.,0.));
#4532 = DIRECTION('',(-1.,-2.052211859527E-16,0.));
#4533 = ORIENTED_EDGE('',*,*,#4534,.T.);
#4534 = EDGE_CURVE('',#4526,#4289,#4535,.T.);
#4535 = LINE('',#4536,#4537);
#4536 = CARTESIAN_POINT('',(-1.6,148.6,17.8));
#4537 = VECTOR('',#4538,1.);
#4538 = DIRECTION('',(0.,-1.,0.));
#4539 = ORIENTED_EDGE('',*,*,#4288,.F.);
#4540 = ORIENTED_EDGE('',*,*,#4461,.F.);
#4541 = CYLINDRICAL_SURFACE('',#4542,0.8);
#4542 = AXIS2_PLACEMENT_3D('',#4543,#4544,#4545);
#4543 = CARTESIAN_POINT('',(-1.6,148.6,17.));
#4544 = DIRECTION('',(0.,-1.,0.));
#4545 = DIRECTION('',(-1.,0.,0.));
#4546 = ADVANCED_FACE('',(#4547,#4593,#4604,#4615,#4626,#4637,#4648,
    #4659,#4670,#4740),#4774,.T.);
#4547 = FACE_BOUND('',#4548,.T.);
#4548 = EDGE_LOOP('',(#4549,#4550,#4551,#4560,#4568,#4577,#4585,#4592));
#4549 = ORIENTED_EDGE('',*,*,#4307,.T.);
#4550 = ORIENTED_EDGE('',*,*,#4501,.T.);
#4551 = ORIENTED_EDGE('',*,*,#4552,.T.);
#4552 = EDGE_CURVE('',#4502,#4553,#4555,.T.);
#4553 = VERTEX_POINT('',#4554);
#4554 = CARTESIAN_POINT('',(65.6,2.6,17.8));
#4555 = CIRCLE('',#4556,4.2);
#4556 = AXIS2_PLACEMENT_3D('',#4557,#4558,#4559);
#4557 = CARTESIAN_POINT('',(61.4,2.6,17.8));
#4558 = DIRECTION('',(-0.,0.,1.));
#4559 = DIRECTION('',(0.,-1.,0.));
#4560 = ORIENTED_EDGE('',*,*,#4561,.T.);
#4561 = EDGE_CURVE('',#4553,#4562,#4564,.T.);
#4562 = VERTEX_POINT('',#4563);
#4563 = CARTESIAN_POINT('',(65.6,148.6,17.8));
#4564 = LINE('',#4565,#4566);
#4565 = CARTESIAN_POINT('',(65.6,2.6,17.8));
#4566 = VECTOR('',#4567,1.);
#4567 = DIRECTION('',(0.,1.,0.));
#4568 = ORIENTED_EDGE('',*,*,#4569,.T.);
#4569 = EDGE_CURVE('',#4562,#4570,#4572,.T.);
#4570 = VERTEX_POINT('',#4571);
#4571 = CARTESIAN_POINT('',(61.4,152.8,17.8));
#4572 = CIRCLE('',#4573,4.2);
#4573 = AXIS2_PLACEMENT_3D('',#4574,#4575,#4576);
#4574 = CARTESIAN_POINT('',(61.4,148.6,17.8));
#4575 = DIRECTION('',(0.,0.,1.));
#4576 = DIRECTION('',(1.,0.,0.));
#4577 = ORIENTED_EDGE('',*,*,#4578,.T.);
#4578 = EDGE_CURVE('',#4570,#4579,#4581,.T.);
#4579 = VERTEX_POINT('',#4580);
#4580 = CARTESIAN_POINT('',(2.6,152.8,17.8));
#4581 = LINE('',#4582,#4583);
#4582 = CARTESIAN_POINT('',(61.4,152.8,17.8));
#4583 = VECTOR('',#4584,1.);
#4584 = DIRECTION('',(-1.,0.,0.));
#4585 = ORIENTED_EDGE('',*,*,#4586,.T.);
#4586 = EDGE_CURVE('',#4579,#4526,#4587,.T.);
#4587 = CIRCLE('',#4588,4.2);
#4588 = AXIS2_PLACEMENT_3D('',#4589,#4590,#4591);
#4589 = CARTESIAN_POINT('',(2.6,148.6,17.8));
#4590 = DIRECTION('',(0.,0.,1.));
#4591 = DIRECTION('',(-2.6645352591E-16,1.,0.));
#4592 = ORIENTED_EDGE('',*,*,#4534,.T.);
#4593 = FACE_BOUND('',#4594,.T.);
#4594 = EDGE_LOOP('',(#4595));
#4595 = ORIENTED_EDGE('',*,*,#4596,.F.);
#4596 = EDGE_CURVE('',#4597,#4597,#4599,.T.);
#4597 = VERTEX_POINT('',#4598);
#4598 = CARTESIAN_POINT('',(8.65,48.,17.8));
#4599 = CIRCLE('',#4600,0.55);
#4600 = AXIS2_PLACEMENT_3D('',#4601,#4602,#4603);
#4601 = CARTESIAN_POINT('',(8.1,48.,17.8));
#4602 = DIRECTION('',(0.,0.,1.));
#4603 = DIRECTION('',(1.,0.,0.));
#4604 = FACE_BOUND('',#4605,.T.);
#4605 = EDGE_LOOP('',(#4606));
#4606 = ORIENTED_EDGE('',*,*,#4607,.F.);
#4607 = EDGE_CURVE('',#4608,#4608,#4610,.T.);
#4608 = VERTEX_POINT('',#4609);
#4609 = CARTESIAN_POINT('',(9.6,46.35455173281,17.8));
#4610 = CIRCLE('',#4611,0.55);
#4611 = AXIS2_PLACEMENT_3D('',#4612,#4613,#4614);
#4612 = CARTESIAN_POINT('',(9.05,46.35455173281,17.8));
#4613 = DIRECTION('',(0.,0.,1.));
#4614 = DIRECTION('',(1.,0.,0.));
#4615 = FACE_BOUND('',#4616,.T.);
#4616 = EDGE_LOOP('',(#4617));
#4617 = ORIENTED_EDGE('',*,*,#4618,.F.);
#4618 = EDGE_CURVE('',#4619,#4619,#4621,.T.);
#4619 = VERTEX_POINT('',#4620);
#4620 = CARTESIAN_POINT('',(10.55,48.,17.8));
#4621 = CIRCLE('',#4622,0.55);
#4622 = AXIS2_PLACEMENT_3D('',#4623,#4624,#4625);
#4623 = CARTESIAN_POINT('',(10.,48.,17.8));
#4624 = DIRECTION('',(0.,0.,1.));
#4625 = DIRECTION('',(1.,0.,0.));
#4626 = FACE_BOUND('',#4627,.T.);
#4627 = EDGE_LOOP('',(#4628));
#4628 = ORIENTED_EDGE('',*,*,#4629,.F.);
#4629 = EDGE_CURVE('',#4630,#4630,#4632,.T.);
#4630 = VERTEX_POINT('',#4631);
#4631 = CARTESIAN_POINT('',(11.5,46.35455173281,17.8));
#4632 = CIRCLE('',#4633,0.55);
#4633 = AXIS2_PLACEMENT_3D('',#4634,#4635,#4636);
#4634 = CARTESIAN_POINT('',(10.95,46.35455173281,17.8));
#4635 = DIRECTION('',(0.,0.,1.));
#4636 = DIRECTION('',(1.,0.,0.));
#4637 = FACE_BOUND('',#4638,.T.);
#4638 = EDGE_LOOP('',(#4639));
#4639 = ORIENTED_EDGE('',*,*,#4640,.F.);
#4640 = EDGE_CURVE('',#4641,#4641,#4643,.T.);
#4641 = VERTEX_POINT('',#4642);
#4642 = CARTESIAN_POINT('',(9.6,49.64544826719,17.8));
#4643 = CIRCLE('',#4644,0.55);
#4644 = AXIS2_PLACEMENT_3D('',#4645,#4646,#4647);
#4645 = CARTESIAN_POINT('',(9.05,49.64544826719,17.8));
#4646 = DIRECTION('',(0.,0.,1.));
#4647 = DIRECTION('',(1.,0.,0.));
#4648 = FACE_BOUND('',#4649,.T.);
#4649 = EDGE_LOOP('',(#4650));
#4650 = ORIENTED_EDGE('',*,*,#4651,.F.);
#4651 = EDGE_CURVE('',#4652,#4652,#4654,.T.);
#4652 = VERTEX_POINT('',#4653);
#4653 = CARTESIAN_POINT('',(11.5,49.64544826719,17.8));
#4654 = CIRCLE('',#4655,0.55);
#4655 = AXIS2_PLACEMENT_3D('',#4656,#4657,#4658);
#4656 = CARTESIAN_POINT('',(10.95,49.64544826719,17.8));
#4657 = DIRECTION('',(0.,0.,1.));
#4658 = DIRECTION('',(1.,0.,0.));
#4659 = FACE_BOUND('',#4660,.T.);
#4660 = EDGE_LOOP('',(#4661));
#4661 = ORIENTED_EDGE('',*,*,#4662,.F.);
#4662 = EDGE_CURVE('',#4663,#4663,#4665,.T.);
#4663 = VERTEX_POINT('',#4664);
#4664 = CARTESIAN_POINT('',(12.45,48.,17.8));
#4665 = CIRCLE('',#4666,0.55);
#4666 = AXIS2_PLACEMENT_3D('',#4667,#4668,#4669);
#4667 = CARTESIAN_POINT('',(11.9,48.,17.8));
#4668 = DIRECTION('',(0.,0.,1.));
#4669 = DIRECTION('',(1.,0.,0.));
#4670 = FACE_BOUND('',#4671,.T.);
#4671 = EDGE_LOOP('',(#4672,#4683,#4691,#4700,#4708,#4717,#4725,#4734));
#4672 = ORIENTED_EDGE('',*,*,#4673,.F.);
#4673 = EDGE_CURVE('',#4674,#4676,#4678,.T.);
#4674 = VERTEX_POINT('',#4675);
#4675 = CARTESIAN_POINT('',(26.8,22.8,17.8));
#4676 = VERTEX_POINT('',#4677);
#4677 = CARTESIAN_POINT('',(27.8,21.8,17.8));
#4678 = CIRCLE('',#4679,1.);
#4679 = AXIS2_PLACEMENT_3D('',#4680,#4681,#4682);
#4680 = CARTESIAN_POINT('',(27.8,22.8,17.8));
#4681 = DIRECTION('',(0.,0.,1.));
#4682 = DIRECTION('',(1.,0.,0.));
#4683 = ORIENTED_EDGE('',*,*,#4684,.T.);
#4684 = EDGE_CURVE('',#4674,#4685,#4687,.T.);
#4685 = VERTEX_POINT('',#4686);
#4686 = CARTESIAN_POINT('',(26.8,31.2,17.8));
#4687 = LINE('',#4688,#4689);
#4688 = CARTESIAN_POINT('',(26.8,49.2,17.8));
#4689 = VECTOR('',#4690,1.);
#4690 = DIRECTION('',(0.,1.,0.));
#4691 = ORIENTED_EDGE('',*,*,#4692,.F.);
#4692 = EDGE_CURVE('',#4693,#4685,#4695,.T.);
#4693 = VERTEX_POINT('',#4694);
#4694 = CARTESIAN_POINT('',(27.8,32.2,17.8));
#4695 = CIRCLE('',#4696,1.);
#4696 = AXIS2_PLACEMENT_3D('',#4697,#4698,#4699);
#4697 = CARTESIAN_POINT('',(27.8,31.2,17.8));
#4698 = DIRECTION('',(0.,0.,1.));
#4699 = DIRECTION('',(1.,0.,0.));
#4700 = ORIENTED_EDGE('',*,*,#4701,.F.);
#4701 = EDGE_CURVE('',#4702,#4693,#4704,.T.);
#4702 = VERTEX_POINT('',#4703);
#4703 = CARTESIAN_POINT('',(36.2,32.2,17.8));
#4704 = LINE('',#4705,#4706);
#4705 = CARTESIAN_POINT('',(29.9,32.2,17.8));
#4706 = VECTOR('',#4707,1.);
#4707 = DIRECTION('',(-1.,0.,0.));
#4708 = ORIENTED_EDGE('',*,*,#4709,.F.);
#4709 = EDGE_CURVE('',#4710,#4702,#4712,.T.);
#4710 = VERTEX_POINT('',#4711);
#4711 = CARTESIAN_POINT('',(37.2,31.2,17.8));
#4712 = CIRCLE('',#4713,1.);
#4713 = AXIS2_PLACEMENT_3D('',#4714,#4715,#4716);
#4714 = CARTESIAN_POINT('',(36.2,31.2,17.8));
#4715 = DIRECTION('',(0.,0.,1.));
#4716 = DIRECTION('',(1.,0.,0.));
#4717 = ORIENTED_EDGE('',*,*,#4718,.F.);
#4718 = EDGE_CURVE('',#4719,#4710,#4721,.T.);
#4719 = VERTEX_POINT('',#4720);
#4720 = CARTESIAN_POINT('',(37.2,22.8,17.8));
#4721 = LINE('',#4722,#4723);
#4722 = CARTESIAN_POINT('',(37.2,49.2,17.8));
#4723 = VECTOR('',#4724,1.);
#4724 = DIRECTION('',(0.,1.,0.));
#4725 = ORIENTED_EDGE('',*,*,#4726,.F.);
#4726 = EDGE_CURVE('',#4727,#4719,#4729,.T.);
#4727 = VERTEX_POINT('',#4728);
#4728 = CARTESIAN_POINT('',(36.2,21.8,17.8));
#4729 = CIRCLE('',#4730,1.);
#4730 = AXIS2_PLACEMENT_3D('',#4731,#4732,#4733);
#4731 = CARTESIAN_POINT('',(36.2,22.8,17.8));
#4732 = DIRECTION('',(0.,0.,1.));
#4733 = DIRECTION('',(1.,0.,0.));
#4734 = ORIENTED_EDGE('',*,*,#4735,.T.);
#4735 = EDGE_CURVE('',#4727,#4676,#4736,.T.);
#4736 = LINE('',#4737,#4738);
#4737 = CARTESIAN_POINT('',(29.9,21.8,17.8));
#4738 = VECTOR('',#4739,1.);
#4739 = DIRECTION('',(-1.,0.,0.));
#4740 = FACE_BOUND('',#4741,.T.);
#4741 = EDGE_LOOP('',(#4742,#4752,#4760,#4768));
#4742 = ORIENTED_EDGE('',*,*,#4743,.T.);
#4743 = EDGE_CURVE('',#4744,#4746,#4748,.T.);
#4744 = VERTEX_POINT('',#4745);
#4745 = CARTESIAN_POINT('',(59.,60.,17.8));
#4746 = VERTEX_POINT('',#4747);
#4747 = CARTESIAN_POINT('',(5.,60.,17.8));
#4748 = LINE('',#4749,#4750);
#4749 = CARTESIAN_POINT('',(18.5,60.,17.8));
#4750 = VECTOR('',#4751,1.);
#4751 = DIRECTION('',(-1.,0.,0.));
#4752 = ORIENTED_EDGE('',*,*,#4753,.T.);
#4753 = EDGE_CURVE('',#4746,#4754,#4756,.T.);
#4754 = VERTEX_POINT('',#4755);
#4755 = CARTESIAN_POINT('',(5.,148.,17.8));
#4756 = LINE('',#4757,#4758);
#4757 = CARTESIAN_POINT('',(5.,67.8,17.8));
#4758 = VECTOR('',#4759,1.);
#4759 = DIRECTION('',(0.,1.,0.));
#4760 = ORIENTED_EDGE('',*,*,#4761,.F.);
#4761 = EDGE_CURVE('',#4762,#4754,#4764,.T.);
#4762 = VERTEX_POINT('',#4763);
#4763 = CARTESIAN_POINT('',(59.,148.,17.8));
#4764 = LINE('',#4765,#4766);
#4765 = CARTESIAN_POINT('',(18.5,148.,17.8));
#4766 = VECTOR('',#4767,1.);
#4767 = DIRECTION('',(-1.,0.,0.));
#4768 = ORIENTED_EDGE('',*,*,#4769,.F.);
#4769 = EDGE_CURVE('',#4744,#4762,#4770,.T.);
#4770 = LINE('',#4771,#4772);
#4771 = CARTESIAN_POINT('',(59.,67.8,17.8));
#4772 = VECTOR('',#4773,1.);
#4773 = DIRECTION('',(0.,1.,0.));
#4774 = PLANE('',#4775);
#4775 = AXIS2_PLACEMENT_3D('',#4776,#4777,#4778);
#4776 = CARTESIAN_POINT('',(32.,75.6,17.8));
#4777 = DIRECTION('',(0.,0.,1.));
#4778 = DIRECTION('',(1.,0.,0.));
#4779 = ADVANCED_FACE('',(#4780),#4799,.T.);
#4780 = FACE_BOUND('',#4781,.T.);
#4781 = EDGE_LOOP('',(#4782,#4783,#4792,#4798));
#4782 = ORIENTED_EDGE('',*,*,#4453,.T.);
#4783 = ORIENTED_EDGE('',*,*,#4784,.F.);
#4784 = EDGE_CURVE('',#4785,#4454,#4787,.T.);
#4785 = VERTEX_POINT('',#4786);
#4786 = CARTESIAN_POINT('',(2.6,153.6,17.));
#4787 = CIRCLE('',#4788,5.);
#4788 = AXIS2_PLACEMENT_3D('',#4789,#4790,#4791);
#4789 = CARTESIAN_POINT('',(2.6,148.6,17.));
#4790 = DIRECTION('',(0.,0.,1.));
#4791 = DIRECTION('',(-2.6645352591E-16,1.,0.));
#4792 = ORIENTED_EDGE('',*,*,#4793,.F.);
#4793 = EDGE_CURVE('',#4332,#4785,#4794,.T.);
#4794 = LINE('',#4795,#4796);
#4795 = CARTESIAN_POINT('',(2.6,153.6,16.4));
#4796 = VECTOR('',#4797,1.);
#4797 = DIRECTION('',(0.,0.,1.));
#4798 = ORIENTED_EDGE('',*,*,#4331,.T.);
#4799 = CYLINDRICAL_SURFACE('',#4800,5.);
#4800 = AXIS2_PLACEMENT_3D('',#4801,#4802,#4803);
#4801 = CARTESIAN_POINT('',(2.6,148.6,16.4));
#4802 = DIRECTION('',(0.,0.,1.));
#4803 = DIRECTION('',(1.,0.,0.));
#4804 = ADVANCED_FACE('',(#4805),#4823,.T.);
#4805 = FACE_BOUND('',#4806,.T.);
#4806 = EDGE_LOOP('',(#4807,#4815,#4816,#4817));
#4807 = ORIENTED_EDGE('',*,*,#4808,.F.);
#4808 = EDGE_CURVE('',#4341,#4809,#4811,.T.);
#4809 = VERTEX_POINT('',#4810);
#4810 = CARTESIAN_POINT('',(61.4,153.6,17.));
#4811 = LINE('',#4812,#4813);
#4812 = CARTESIAN_POINT('',(61.4,153.6,16.4));
#4813 = VECTOR('',#4814,1.);
#4814 = DIRECTION('',(0.,0.,1.));
#4815 = ORIENTED_EDGE('',*,*,#4340,.F.);
#4816 = ORIENTED_EDGE('',*,*,#4793,.T.);
#4817 = ORIENTED_EDGE('',*,*,#4818,.F.);
#4818 = EDGE_CURVE('',#4809,#4785,#4819,.T.);
#4819 = LINE('',#4820,#4821);
#4820 = CARTESIAN_POINT('',(61.4,153.6,17.));
#4821 = VECTOR('',#4822,1.);
#4822 = DIRECTION('',(-1.,0.,0.));
#4823 = PLANE('',#4824);
#4824 = AXIS2_PLACEMENT_3D('',#4825,#4826,#4827);
#4825 = CARTESIAN_POINT('',(2.6,153.6,16.4));
#4826 = DIRECTION('',(0.,1.,0.));
#4827 = DIRECTION('',(0.,0.,1.));
#4828 = ADVANCED_FACE('',(#4829),#4847,.T.);
#4829 = FACE_BOUND('',#4830,.T.);
#4830 = EDGE_LOOP('',(#4831,#4832,#4833,#4841));
#4831 = ORIENTED_EDGE('',*,*,#4475,.F.);
#4832 = ORIENTED_EDGE('',*,*,#4357,.T.);
#4833 = ORIENTED_EDGE('',*,*,#4834,.T.);
#4834 = EDGE_CURVE('',#4349,#4835,#4837,.T.);
#4835 = VERTEX_POINT('',#4836);
#4836 = CARTESIAN_POINT('',(66.4,148.6,17.));
#4837 = LINE('',#4838,#4839);
#4838 = CARTESIAN_POINT('',(66.4,148.6,16.4));
#4839 = VECTOR('',#4840,1.);
#4840 = DIRECTION('',(0.,0.,1.));
#4841 = ORIENTED_EDGE('',*,*,#4842,.F.);
#4842 = EDGE_CURVE('',#4476,#4835,#4843,.T.);
#4843 = LINE('',#4844,#4845);
#4844 = CARTESIAN_POINT('',(66.4,2.6,17.));
#4845 = VECTOR('',#4846,1.);
#4846 = DIRECTION('',(0.,1.,0.));
#4847 = PLANE('',#4848);
#4848 = AXIS2_PLACEMENT_3D('',#4849,#4850,#4851);
#4849 = CARTESIAN_POINT('',(66.4,2.6,16.4));
#4850 = DIRECTION('',(1.,0.,0.));
#4851 = DIRECTION('',(0.,0.,1.));
#4852 = ADVANCED_FACE('',(#4853),#4865,.T.);
#4853 = FACE_BOUND('',#4854,.T.);
#4854 = EDGE_LOOP('',(#4855,#4856,#4863,#4864));
#4855 = ORIENTED_EDGE('',*,*,#4808,.T.);
#4856 = ORIENTED_EDGE('',*,*,#4857,.F.);
#4857 = EDGE_CURVE('',#4835,#4809,#4858,.T.);
#4858 = CIRCLE('',#4859,5.);
#4859 = AXIS2_PLACEMENT_3D('',#4860,#4861,#4862);
#4860 = CARTESIAN_POINT('',(61.4,148.6,17.));
#4861 = DIRECTION('',(0.,0.,1.));
#4862 = DIRECTION('',(1.,0.,0.));
#4863 = ORIENTED_EDGE('',*,*,#4834,.F.);
#4864 = ORIENTED_EDGE('',*,*,#4348,.T.);
#4865 = CYLINDRICAL_SURFACE('',#4866,5.);
#4866 = AXIS2_PLACEMENT_3D('',#4867,#4868,#4869);
#4867 = CARTESIAN_POINT('',(61.4,148.6,16.4));
#4868 = DIRECTION('',(0.,0.,1.));
#4869 = DIRECTION('',(1.,0.,0.));
#4870 = ADVANCED_FACE('',(#4871,#4896,#4930,#4964),#4998,.F.);
#4871 = FACE_BOUND('',#4872,.F.);
#4872 = EDGE_LOOP('',(#4873,#4881,#4889,#4895));
#4873 = ORIENTED_EDGE('',*,*,#4874,.F.);
#4874 = EDGE_CURVE('',#4875,#4376,#4877,.T.);
#4875 = VERTEX_POINT('',#4876);
#4876 = CARTESIAN_POINT('',(0.35,2.6,13.4));
#4877 = LINE('',#4878,#4879);
#4878 = CARTESIAN_POINT('',(0.35,2.6,13.4));
#4879 = VECTOR('',#4880,1.);
#4880 = DIRECTION('',(0.,0.,1.));
#4881 = ORIENTED_EDGE('',*,*,#4882,.T.);
#4882 = EDGE_CURVE('',#4875,#4883,#4885,.T.);
#4883 = VERTEX_POINT('',#4884);
#4884 = CARTESIAN_POINT('',(0.35,148.6,13.4));
#4885 = LINE('',#4886,#4887);
#4886 = CARTESIAN_POINT('',(0.35,2.6,13.4));
#4887 = VECTOR('',#4888,1.);
#4888 = DIRECTION('',(0.,1.,0.));
#4889 = ORIENTED_EDGE('',*,*,#4890,.T.);
#4890 = EDGE_CURVE('',#4883,#4378,#4891,.T.);
#4891 = LINE('',#4892,#4893);
#4892 = CARTESIAN_POINT('',(0.35,148.6,13.4));
#4893 = VECTOR('',#4894,1.);
#4894 = DIRECTION('',(0.,0.,1.));
#4895 = ORIENTED_EDGE('',*,*,#4375,.F.);
#4896 = FACE_BOUND('',#4897,.F.);
#4897 = EDGE_LOOP('',(#4898,#4908,#4916,#4924));
#4898 = ORIENTED_EDGE('',*,*,#4899,.F.);
#4899 = EDGE_CURVE('',#4900,#4902,#4904,.T.);
#4900 = VERTEX_POINT('',#4901);
#4901 = CARTESIAN_POINT('',(0.35,110.,13.9));
#4902 = VERTEX_POINT('',#4903);
#4903 = CARTESIAN_POINT('',(0.35,120.,13.9));
#4904 = LINE('',#4905,#4906);
#4905 = CARTESIAN_POINT('',(0.35,110.,13.9));
#4906 = VECTOR('',#4907,1.);
#4907 = DIRECTION('',(0.,1.,0.));
#4908 = ORIENTED_EDGE('',*,*,#4909,.T.);
#4909 = EDGE_CURVE('',#4900,#4910,#4912,.T.);
#4910 = VERTEX_POINT('',#4911);
#4911 = CARTESIAN_POINT('',(0.35,110.,15.9));
#4912 = LINE('',#4913,#4914);
#4913 = CARTESIAN_POINT('',(0.35,110.,13.9));
#4914 = VECTOR('',#4915,1.);
#4915 = DIRECTION('',(0.,0.,1.));
#4916 = ORIENTED_EDGE('',*,*,#4917,.T.);
#4917 = EDGE_CURVE('',#4910,#4918,#4920,.T.);
#4918 = VERTEX_POINT('',#4919);
#4919 = CARTESIAN_POINT('',(0.35,120.,15.9));
#4920 = LINE('',#4921,#4922);
#4921 = CARTESIAN_POINT('',(0.35,110.,15.9));
#4922 = VECTOR('',#4923,1.);
#4923 = DIRECTION('',(0.,1.,0.));
#4924 = ORIENTED_EDGE('',*,*,#4925,.F.);
#4925 = EDGE_CURVE('',#4902,#4918,#4926,.T.);
#4926 = LINE('',#4927,#4928);
#4927 = CARTESIAN_POINT('',(0.35,120.,13.9));
#4928 = VECTOR('',#4929,1.);
#4929 = DIRECTION('',(0.,0.,1.));
#4930 = FACE_BOUND('',#4931,.F.);
#4931 = EDGE_LOOP('',(#4932,#4942,#4950,#4958));
#4932 = ORIENTED_EDGE('',*,*,#4933,.F.);
#4933 = EDGE_CURVE('',#4934,#4936,#4938,.T.);
#4934 = VERTEX_POINT('',#4935);
#4935 = CARTESIAN_POINT('',(0.35,70.,13.9));
#4936 = VERTEX_POINT('',#4937);
#4937 = CARTESIAN_POINT('',(0.35,80.,13.9));
#4938 = LINE('',#4939,#4940);
#4939 = CARTESIAN_POINT('',(0.35,70.,13.9));
#4940 = VECTOR('',#4941,1.);
#4941 = DIRECTION('',(0.,1.,0.));
#4942 = ORIENTED_EDGE('',*,*,#4943,.T.);
#4943 = EDGE_CURVE('',#4934,#4944,#4946,.T.);
#4944 = VERTEX_POINT('',#4945);
#4945 = CARTESIAN_POINT('',(0.35,70.,15.9));
#4946 = LINE('',#4947,#4948);
#4947 = CARTESIAN_POINT('',(0.35,70.,13.9));
#4948 = VECTOR('',#4949,1.);
#4949 = DIRECTION('',(0.,0.,1.));
#4950 = ORIENTED_EDGE('',*,*,#4951,.T.);
#4951 = EDGE_CURVE('',#4944,#4952,#4954,.T.);
#4952 = VERTEX_POINT('',#4953);
#4953 = CARTESIAN_POINT('',(0.35,80.,15.9));
#4954 = LINE('',#4955,#4956);
#4955 = CARTESIAN_POINT('',(0.35,70.,15.9));
#4956 = VECTOR('',#4957,1.);
#4957 = DIRECTION('',(0.,1.,0.));
#4958 = ORIENTED_EDGE('',*,*,#4959,.F.);
#4959 = EDGE_CURVE('',#4936,#4952,#4960,.T.);
#4960 = LINE('',#4961,#4962);
#4961 = CARTESIAN_POINT('',(0.35,80.,13.9));
#4962 = VECTOR('',#4963,1.);
#4963 = DIRECTION('',(0.,0.,1.));
#4964 = FACE_BOUND('',#4965,.F.);
#4965 = EDGE_LOOP('',(#4966,#4976,#4984,#4992));
#4966 = ORIENTED_EDGE('',*,*,#4967,.F.);
#4967 = EDGE_CURVE('',#4968,#4970,#4972,.T.);
#4968 = VERTEX_POINT('',#4969);
#4969 = CARTESIAN_POINT('',(0.35,30.,13.9));
#4970 = VERTEX_POINT('',#4971);
#4971 = CARTESIAN_POINT('',(0.35,40.,13.9));
#4972 = LINE('',#4973,#4974);
#4973 = CARTESIAN_POINT('',(0.35,30.,13.9));
#4974 = VECTOR('',#4975,1.);
#4975 = DIRECTION('',(0.,1.,0.));
#4976 = ORIENTED_EDGE('',*,*,#4977,.T.);
#4977 = EDGE_CURVE('',#4968,#4978,#4980,.T.);
#4978 = VERTEX_POINT('',#4979);
#4979 = CARTESIAN_POINT('',(0.35,30.,15.9));
#4980 = LINE('',#4981,#4982);
#4981 = CARTESIAN_POINT('',(0.35,30.,13.9));
#4982 = VECTOR('',#4983,1.);
#4983 = DIRECTION('',(0.,0.,1.));
#4984 = ORIENTED_EDGE('',*,*,#4985,.T.);
#4985 = EDGE_CURVE('',#4978,#4986,#4988,.T.);
#4986 = VERTEX_POINT('',#4987);
#4987 = CARTESIAN_POINT('',(0.35,40.,15.9));
#4988 = LINE('',#4989,#4990);
#4989 = CARTESIAN_POINT('',(0.35,30.,15.9));
#4990 = VECTOR('',#4991,1.);
#4991 = DIRECTION('',(0.,1.,0.));
#4992 = ORIENTED_EDGE('',*,*,#4993,.F.);
#4993 = EDGE_CURVE('',#4970,#4986,#4994,.T.);
#4994 = LINE('',#4995,#4996);
#4995 = CARTESIAN_POINT('',(0.35,40.,13.9));
#4996 = VECTOR('',#4997,1.);
#4997 = DIRECTION('',(0.,0.,1.));
#4998 = PLANE('',#4999);
#4999 = AXIS2_PLACEMENT_3D('',#5000,#5001,#5002);
#5000 = CARTESIAN_POINT('',(0.35,2.6,13.4));
#5001 = DIRECTION('',(1.,0.,0.));
#5002 = DIRECTION('',(0.,0.,1.));
#5003 = ADVANCED_FACE('',(#5004),#5023,.T.);
#5004 = FACE_BOUND('',#5005,.T.);
#5005 = EDGE_LOOP('',(#5006,#5007,#5015,#5022));
#5006 = ORIENTED_EDGE('',*,*,#4436,.F.);
#5007 = ORIENTED_EDGE('',*,*,#5008,.F.);
#5008 = EDGE_CURVE('',#5009,#4429,#5011,.T.);
#5009 = VERTEX_POINT('',#5010);
#5010 = CARTESIAN_POINT('',(2.6,150.85,13.4));
#5011 = LINE('',#5012,#5013);
#5012 = CARTESIAN_POINT('',(2.6,150.85,13.4));
#5013 = VECTOR('',#5014,1.);
#5014 = DIRECTION('',(0.,0.,1.));
#5015 = ORIENTED_EDGE('',*,*,#5016,.T.);
#5016 = EDGE_CURVE('',#5009,#4883,#5017,.T.);
#5017 = CIRCLE('',#5018,2.25);
#5018 = AXIS2_PLACEMENT_3D('',#5019,#5020,#5021);
#5019 = CARTESIAN_POINT('',(2.6,148.6,13.4));
#5020 = DIRECTION('',(0.,0.,1.));
#5021 = DIRECTION('',(1.,0.,0.));
#5022 = ORIENTED_EDGE('',*,*,#4890,.T.);
#5023 = CYLINDRICAL_SURFACE('',#5024,2.25);
#5024 = AXIS2_PLACEMENT_3D('',#5025,#5026,#5027);
#5025 = CARTESIAN_POINT('',(2.6,148.6,13.4));
#5026 = DIRECTION('',(0.,0.,1.));
#5027 = DIRECTION('',(1.,0.,0.));
#5028 = ADVANCED_FACE('',(#5029,#5047,#5081,#5115),#5149,.T.);
#5029 = FACE_BOUND('',#5030,.T.);
#5030 = EDGE_LOOP('',(#5031,#5039,#5040,#5041));
#5031 = ORIENTED_EDGE('',*,*,#5032,.F.);
#5032 = EDGE_CURVE('',#5009,#5033,#5035,.T.);
#5033 = VERTEX_POINT('',#5034);
#5034 = CARTESIAN_POINT('',(61.4,150.85,13.4));
#5035 = LINE('',#5036,#5037);
#5036 = CARTESIAN_POINT('',(2.6,150.85,13.4));
#5037 = VECTOR('',#5038,1.);
#5038 = DIRECTION('',(1.,0.,0.));
#5039 = ORIENTED_EDGE('',*,*,#5008,.T.);
#5040 = ORIENTED_EDGE('',*,*,#4428,.T.);
#5041 = ORIENTED_EDGE('',*,*,#5042,.F.);
#5042 = EDGE_CURVE('',#5033,#4420,#5043,.T.);
#5043 = LINE('',#5044,#5045);
#5044 = CARTESIAN_POINT('',(61.4,150.85,13.4));
#5045 = VECTOR('',#5046,1.);
#5046 = DIRECTION('',(0.,0.,1.));
#5047 = FACE_BOUND('',#5048,.T.);
#5048 = EDGE_LOOP('',(#5049,#5059,#5067,#5075));
#5049 = ORIENTED_EDGE('',*,*,#5050,.F.);
#5050 = EDGE_CURVE('',#5051,#5053,#5055,.T.);
#5051 = VERTEX_POINT('',#5052);
#5052 = CARTESIAN_POINT('',(5.,150.85,13.9));
#5053 = VERTEX_POINT('',#5054);
#5054 = CARTESIAN_POINT('',(5.,150.85,15.9));
#5055 = LINE('',#5056,#5057);
#5056 = CARTESIAN_POINT('',(5.,150.85,13.9));
#5057 = VECTOR('',#5058,1.);
#5058 = DIRECTION('',(0.,0.,1.));
#5059 = ORIENTED_EDGE('',*,*,#5060,.T.);
#5060 = EDGE_CURVE('',#5051,#5061,#5063,.T.);
#5061 = VERTEX_POINT('',#5062);
#5062 = CARTESIAN_POINT('',(15.,150.85,13.9));
#5063 = LINE('',#5064,#5065);
#5064 = CARTESIAN_POINT('',(5.,150.85,13.9));
#5065 = VECTOR('',#5066,1.);
#5066 = DIRECTION('',(1.,0.,0.));
#5067 = ORIENTED_EDGE('',*,*,#5068,.T.);
#5068 = EDGE_CURVE('',#5061,#5069,#5071,.T.);
#5069 = VERTEX_POINT('',#5070);
#5070 = CARTESIAN_POINT('',(15.,150.85,15.9));
#5071 = LINE('',#5072,#5073);
#5072 = CARTESIAN_POINT('',(15.,150.85,13.9));
#5073 = VECTOR('',#5074,1.);
#5074 = DIRECTION('',(0.,0.,1.));
#5075 = ORIENTED_EDGE('',*,*,#5076,.F.);
#5076 = EDGE_CURVE('',#5053,#5069,#5077,.T.);
#5077 = LINE('',#5078,#5079);
#5078 = CARTESIAN_POINT('',(5.,150.85,15.9));
#5079 = VECTOR('',#5080,1.);
#5080 = DIRECTION('',(1.,0.,0.));
#5081 = FACE_BOUND('',#5082,.T.);
#5082 = EDGE_LOOP('',(#5083,#5093,#5101,#5109));
#5083 = ORIENTED_EDGE('',*,*,#5084,.F.);
#5084 = EDGE_CURVE('',#5085,#5087,#5089,.T.);
#5085 = VERTEX_POINT('',#5086);
#5086 = CARTESIAN_POINT('',(35.,150.85,13.9));
#5087 = VERTEX_POINT('',#5088);
#5088 = CARTESIAN_POINT('',(35.,150.85,15.9));
#5089 = LINE('',#5090,#5091);
#5090 = CARTESIAN_POINT('',(35.,150.85,13.9));
#5091 = VECTOR('',#5092,1.);
#5092 = DIRECTION('',(0.,0.,1.));
#5093 = ORIENTED_EDGE('',*,*,#5094,.T.);
#5094 = EDGE_CURVE('',#5085,#5095,#5097,.T.);
#5095 = VERTEX_POINT('',#5096);
#5096 = CARTESIAN_POINT('',(45.,150.85,13.9));
#5097 = LINE('',#5098,#5099);
#5098 = CARTESIAN_POINT('',(35.,150.85,13.9));
#5099 = VECTOR('',#5100,1.);
#5100 = DIRECTION('',(1.,0.,0.));
#5101 = ORIENTED_EDGE('',*,*,#5102,.T.);
#5102 = EDGE_CURVE('',#5095,#5103,#5105,.T.);
#5103 = VERTEX_POINT('',#5104);
#5104 = CARTESIAN_POINT('',(45.,150.85,15.9));
#5105 = LINE('',#5106,#5107);
#5106 = CARTESIAN_POINT('',(45.,150.85,13.9));
#5107 = VECTOR('',#5108,1.);
#5108 = DIRECTION('',(0.,0.,1.));
#5109 = ORIENTED_EDGE('',*,*,#5110,.F.);
#5110 = EDGE_CURVE('',#5087,#5103,#5111,.T.);
#5111 = LINE('',#5112,#5113);
#5112 = CARTESIAN_POINT('',(35.,150.85,15.9));
#5113 = VECTOR('',#5114,1.);
#5114 = DIRECTION('',(1.,0.,0.));
#5115 = FACE_BOUND('',#5116,.T.);
#5116 = EDGE_LOOP('',(#5117,#5127,#5135,#5143));
#5117 = ORIENTED_EDGE('',*,*,#5118,.F.);
#5118 = EDGE_CURVE('',#5119,#5121,#5123,.T.);
#5119 = VERTEX_POINT('',#5120);
#5120 = CARTESIAN_POINT('',(49.,150.85,13.9));
#5121 = VERTEX_POINT('',#5122);
#5122 = CARTESIAN_POINT('',(49.,150.85,15.9));
#5123 = LINE('',#5124,#5125);
#5124 = CARTESIAN_POINT('',(49.,150.85,13.9));
#5125 = VECTOR('',#5126,1.);
#5126 = DIRECTION('',(0.,0.,1.));
#5127 = ORIENTED_EDGE('',*,*,#5128,.T.);
#5128 = EDGE_CURVE('',#5119,#5129,#5131,.T.);
#5129 = VERTEX_POINT('',#5130);
#5130 = CARTESIAN_POINT('',(59.,150.85,13.9));
#5131 = LINE('',#5132,#5133);
#5132 = CARTESIAN_POINT('',(49.,150.85,13.9));
#5133 = VECTOR('',#5134,1.);
#5134 = DIRECTION('',(1.,0.,0.));
#5135 = ORIENTED_EDGE('',*,*,#5136,.T.);
#5136 = EDGE_CURVE('',#5129,#5137,#5139,.T.);
#5137 = VERTEX_POINT('',#5138);
#5138 = CARTESIAN_POINT('',(59.,150.85,15.9));
#5139 = LINE('',#5140,#5141);
#5140 = CARTESIAN_POINT('',(59.,150.85,13.9));
#5141 = VECTOR('',#5142,1.);
#5142 = DIRECTION('',(0.,0.,1.));
#5143 = ORIENTED_EDGE('',*,*,#5144,.F.);
#5144 = EDGE_CURVE('',#5121,#5137,#5145,.T.);
#5145 = LINE('',#5146,#5147);
#5146 = CARTESIAN_POINT('',(49.,150.85,15.9));
#5147 = VECTOR('',#5148,1.);
#5148 = DIRECTION('',(1.,0.,0.));
#5149 = PLANE('',#5150);
#5150 = AXIS2_PLACEMENT_3D('',#5151,#5152,#5153);
#5151 = CARTESIAN_POINT('',(2.6,150.85,13.4));
#5152 = DIRECTION('',(0.,1.,0.));
#5153 = DIRECTION('',(0.,0.,1.));
#5154 = ADVANCED_FACE('',(#5155),#5174,.T.);
#5155 = FACE_BOUND('',#5156,.T.);
#5156 = EDGE_LOOP('',(#5157,#5158,#5166,#5173));
#5157 = ORIENTED_EDGE('',*,*,#4419,.F.);
#5158 = ORIENTED_EDGE('',*,*,#5159,.F.);
#5159 = EDGE_CURVE('',#5160,#4412,#5162,.T.);
#5160 = VERTEX_POINT('',#5161);
#5161 = CARTESIAN_POINT('',(63.65,148.6,13.4));
#5162 = LINE('',#5163,#5164);
#5163 = CARTESIAN_POINT('',(63.65,148.6,13.4));
#5164 = VECTOR('',#5165,1.);
#5165 = DIRECTION('',(0.,0.,1.));
#5166 = ORIENTED_EDGE('',*,*,#5167,.T.);
#5167 = EDGE_CURVE('',#5160,#5033,#5168,.T.);
#5168 = CIRCLE('',#5169,2.25);
#5169 = AXIS2_PLACEMENT_3D('',#5170,#5171,#5172);
#5170 = CARTESIAN_POINT('',(61.4,148.6,13.4));
#5171 = DIRECTION('',(0.,0.,1.));
#5172 = DIRECTION('',(1.,0.,0.));
#5173 = ORIENTED_EDGE('',*,*,#5042,.T.);
#5174 = CYLINDRICAL_SURFACE('',#5175,2.25);
#5175 = AXIS2_PLACEMENT_3D('',#5176,#5177,#5178);
#5176 = CARTESIAN_POINT('',(61.4,148.6,13.4));
#5177 = DIRECTION('',(0.,0.,1.));
#5178 = DIRECTION('',(1.,0.,0.));
#5179 = ADVANCED_FACE('',(#5180,#5198,#5232,#5266),#5300,.T.);
#5180 = FACE_BOUND('',#5181,.T.);
#5181 = EDGE_LOOP('',(#5182,#5190,#5196,#5197));
#5182 = ORIENTED_EDGE('',*,*,#5183,.F.);
#5183 = EDGE_CURVE('',#5184,#4403,#5186,.T.);
#5184 = VERTEX_POINT('',#5185);
#5185 = CARTESIAN_POINT('',(63.65,2.6,13.4));
#5186 = LINE('',#5187,#5188);
#5187 = CARTESIAN_POINT('',(63.65,2.6,13.4));
#5188 = VECTOR('',#5189,1.);
#5189 = DIRECTION('',(0.,0.,1.));
#5190 = ORIENTED_EDGE('',*,*,#5191,.T.);
#5191 = EDGE_CURVE('',#5184,#5160,#5192,.T.);
#5192 = LINE('',#5193,#5194);
#5193 = CARTESIAN_POINT('',(63.65,2.6,13.4));
#5194 = VECTOR('',#5195,1.);
#5195 = DIRECTION('',(0.,1.,0.));
#5196 = ORIENTED_EDGE('',*,*,#5159,.T.);
#5197 = ORIENTED_EDGE('',*,*,#4411,.F.);
#5198 = FACE_BOUND('',#5199,.T.);
#5199 = EDGE_LOOP('',(#5200,#5210,#5218,#5226));
#5200 = ORIENTED_EDGE('',*,*,#5201,.F.);
#5201 = EDGE_CURVE('',#5202,#5204,#5206,.T.);
#5202 = VERTEX_POINT('',#5203);
#5203 = CARTESIAN_POINT('',(63.65,110.,13.9));
#5204 = VERTEX_POINT('',#5205);
#5205 = CARTESIAN_POINT('',(63.65,120.,13.9));
#5206 = LINE('',#5207,#5208);
#5207 = CARTESIAN_POINT('',(63.65,110.,13.9));
#5208 = VECTOR('',#5209,1.);
#5209 = DIRECTION('',(0.,1.,0.));
#5210 = ORIENTED_EDGE('',*,*,#5211,.T.);
#5211 = EDGE_CURVE('',#5202,#5212,#5214,.T.);
#5212 = VERTEX_POINT('',#5213);
#5213 = CARTESIAN_POINT('',(63.65,110.,15.9));
#5214 = LINE('',#5215,#5216);
#5215 = CARTESIAN_POINT('',(63.65,110.,13.9));
#5216 = VECTOR('',#5217,1.);
#5217 = DIRECTION('',(0.,0.,1.));
#5218 = ORIENTED_EDGE('',*,*,#5219,.T.);
#5219 = EDGE_CURVE('',#5212,#5220,#5222,.T.);
#5220 = VERTEX_POINT('',#5221);
#5221 = CARTESIAN_POINT('',(63.65,120.,15.9));
#5222 = LINE('',#5223,#5224);
#5223 = CARTESIAN_POINT('',(63.65,110.,15.9));
#5224 = VECTOR('',#5225,1.);
#5225 = DIRECTION('',(0.,1.,0.));
#5226 = ORIENTED_EDGE('',*,*,#5227,.F.);
#5227 = EDGE_CURVE('',#5204,#5220,#5228,.T.);
#5228 = LINE('',#5229,#5230);
#5229 = CARTESIAN_POINT('',(63.65,120.,13.9));
#5230 = VECTOR('',#5231,1.);
#5231 = DIRECTION('',(0.,0.,1.));
#5232 = FACE_BOUND('',#5233,.T.);
#5233 = EDGE_LOOP('',(#5234,#5244,#5252,#5260));
#5234 = ORIENTED_EDGE('',*,*,#5235,.F.);
#5235 = EDGE_CURVE('',#5236,#5238,#5240,.T.);
#5236 = VERTEX_POINT('',#5237);
#5237 = CARTESIAN_POINT('',(63.65,70.,13.9));
#5238 = VERTEX_POINT('',#5239);
#5239 = CARTESIAN_POINT('',(63.65,80.,13.9));
#5240 = LINE('',#5241,#5242);
#5241 = CARTESIAN_POINT('',(63.65,70.,13.9));
#5242 = VECTOR('',#5243,1.);
#5243 = DIRECTION('',(0.,1.,0.));
#5244 = ORIENTED_EDGE('',*,*,#5245,.T.);
#5245 = EDGE_CURVE('',#5236,#5246,#5248,.T.);
#5246 = VERTEX_POINT('',#5247);
#5247 = CARTESIAN_POINT('',(63.65,70.,15.9));
#5248 = LINE('',#5249,#5250);
#5249 = CARTESIAN_POINT('',(63.65,70.,13.9));
#5250 = VECTOR('',#5251,1.);
#5251 = DIRECTION('',(0.,0.,1.));
#5252 = ORIENTED_EDGE('',*,*,#5253,.T.);
#5253 = EDGE_CURVE('',#5246,#5254,#5256,.T.);
#5254 = VERTEX_POINT('',#5255);
#5255 = CARTESIAN_POINT('',(63.65,80.,15.9));
#5256 = LINE('',#5257,#5258);
#5257 = CARTESIAN_POINT('',(63.65,70.,15.9));
#5258 = VECTOR('',#5259,1.);
#5259 = DIRECTION('',(0.,1.,0.));
#5260 = ORIENTED_EDGE('',*,*,#5261,.F.);
#5261 = EDGE_CURVE('',#5238,#5254,#5262,.T.);
#5262 = LINE('',#5263,#5264);
#5263 = CARTESIAN_POINT('',(63.65,80.,13.9));
#5264 = VECTOR('',#5265,1.);
#5265 = DIRECTION('',(0.,0.,1.));
#5266 = FACE_BOUND('',#5267,.T.);
#5267 = EDGE_LOOP('',(#5268,#5278,#5286,#5294));
#5268 = ORIENTED_EDGE('',*,*,#5269,.F.);
#5269 = EDGE_CURVE('',#5270,#5272,#5274,.T.);
#5270 = VERTEX_POINT('',#5271);
#5271 = CARTESIAN_POINT('',(63.65,30.,13.9));
#5272 = VERTEX_POINT('',#5273);
#5273 = CARTESIAN_POINT('',(63.65,40.,13.9));
#5274 = LINE('',#5275,#5276);
#5275 = CARTESIAN_POINT('',(63.65,30.,13.9));
#5276 = VECTOR('',#5277,1.);
#5277 = DIRECTION('',(0.,1.,0.));
#5278 = ORIENTED_EDGE('',*,*,#5279,.T.);
#5279 = EDGE_CURVE('',#5270,#5280,#5282,.T.);
#5280 = VERTEX_POINT('',#5281);
#5281 = CARTESIAN_POINT('',(63.65,30.,15.9));
#5282 = LINE('',#5283,#5284);
#5283 = CARTESIAN_POINT('',(63.65,30.,13.9));
#5284 = VECTOR('',#5285,1.);
#5285 = DIRECTION('',(0.,0.,1.));
#5286 = ORIENTED_EDGE('',*,*,#5287,.T.);
#5287 = EDGE_CURVE('',#5280,#5288,#5290,.T.);
#5288 = VERTEX_POINT('',#5289);
#5289 = CARTESIAN_POINT('',(63.65,40.,15.9));
#5290 = LINE('',#5291,#5292);
#5291 = CARTESIAN_POINT('',(63.65,30.,15.9));
#5292 = VECTOR('',#5293,1.);
#5293 = DIRECTION('',(0.,1.,0.));
#5294 = ORIENTED_EDGE('',*,*,#5295,.F.);
#5295 = EDGE_CURVE('',#5272,#5288,#5296,.T.);
#5296 = LINE('',#5297,#5298);
#5297 = CARTESIAN_POINT('',(63.65,40.,13.9));
#5298 = VECTOR('',#5299,1.);
#5299 = DIRECTION('',(0.,0.,1.));
#5300 = PLANE('',#5301);
#5301 = AXIS2_PLACEMENT_3D('',#5302,#5303,#5304);
#5302 = CARTESIAN_POINT('',(63.65,2.6,13.4));
#5303 = DIRECTION('',(1.,0.,0.));
#5304 = DIRECTION('',(0.,0.,1.));
#5305 = ADVANCED_FACE('',(#5306),#5341,.T.);
#5306 = FACE_BOUND('',#5307,.T.);
#5307 = EDGE_LOOP('',(#5308,#5309,#5317,#5325,#5333,#5340));
#5308 = ORIENTED_EDGE('',*,*,#4402,.F.);
#5309 = ORIENTED_EDGE('',*,*,#5310,.F.);
#5310 = EDGE_CURVE('',#5311,#4395,#5313,.T.);
#5311 = VERTEX_POINT('',#5312);
#5312 = CARTESIAN_POINT('',(61.4,0.35,15.9));
#5313 = LINE('',#5314,#5315);
#5314 = CARTESIAN_POINT('',(61.4,0.35,13.4));
#5315 = VECTOR('',#5316,1.);
#5316 = DIRECTION('',(0.,0.,1.));
#5317 = ORIENTED_EDGE('',*,*,#5318,.F.);
#5318 = EDGE_CURVE('',#5319,#5311,#5321,.T.);
#5319 = VERTEX_POINT('',#5320);
#5320 = CARTESIAN_POINT('',(61.4,0.35,13.9));
#5321 = LINE('',#5322,#5323);
#5322 = CARTESIAN_POINT('',(61.4,0.35,13.4));
#5323 = VECTOR('',#5324,1.);
#5324 = DIRECTION('',(0.,0.,1.));
#5325 = ORIENTED_EDGE('',*,*,#5326,.F.);
#5326 = EDGE_CURVE('',#5327,#5319,#5329,.T.);
#5327 = VERTEX_POINT('',#5328);
#5328 = CARTESIAN_POINT('',(61.4,0.35,13.4));
#5329 = LINE('',#5330,#5331);
#5330 = CARTESIAN_POINT('',(61.4,0.35,13.4));
#5331 = VECTOR('',#5332,1.);
#5332 = DIRECTION('',(0.,0.,1.));
#5333 = ORIENTED_EDGE('',*,*,#5334,.T.);
#5334 = EDGE_CURVE('',#5327,#5184,#5335,.T.);
#5335 = CIRCLE('',#5336,2.25);
#5336 = AXIS2_PLACEMENT_3D('',#5337,#5338,#5339);
#5337 = CARTESIAN_POINT('',(61.4,2.6,13.4));
#5338 = DIRECTION('',(0.,0.,1.));
#5339 = DIRECTION('',(1.,0.,0.));
#5340 = ORIENTED_EDGE('',*,*,#5183,.T.);
#5341 = CYLINDRICAL_SURFACE('',#5342,2.25);
#5342 = AXIS2_PLACEMENT_3D('',#5343,#5344,#5345);
#5343 = CARTESIAN_POINT('',(61.4,2.6,13.4));
#5344 = DIRECTION('',(0.,0.,1.));
#5345 = DIRECTION('',(1.,0.,0.));
#5346 = ADVANCED_FACE('',(#5347,#5388),#5422,.F.);
#5347 = FACE_BOUND('',#5348,.F.);
#5348 = EDGE_LOOP('',(#5349,#5357,#5363,#5364,#5365,#5373,#5381,#5387));
#5349 = ORIENTED_EDGE('',*,*,#5350,.F.);
#5350 = EDGE_CURVE('',#5351,#5327,#5353,.T.);
#5351 = VERTEX_POINT('',#5352);
#5352 = CARTESIAN_POINT('',(2.6,0.35,13.4));
#5353 = LINE('',#5354,#5355);
#5354 = CARTESIAN_POINT('',(2.6,0.35,13.4));
#5355 = VECTOR('',#5356,1.);
#5356 = DIRECTION('',(1.,0.,0.));
#5357 = ORIENTED_EDGE('',*,*,#5358,.T.);
#5358 = EDGE_CURVE('',#5351,#4386,#5359,.T.);
#5359 = LINE('',#5360,#5361);
#5360 = CARTESIAN_POINT('',(2.6,0.35,13.4));
#5361 = VECTOR('',#5362,1.);
#5362 = DIRECTION('',(0.,0.,1.));
#5363 = ORIENTED_EDGE('',*,*,#4394,.T.);
#5364 = ORIENTED_EDGE('',*,*,#5310,.F.);
#5365 = ORIENTED_EDGE('',*,*,#5366,.F.);
#5366 = EDGE_CURVE('',#5367,#5311,#5369,.T.);
#5367 = VERTEX_POINT('',#5368);
#5368 = CARTESIAN_POINT('',(52.,0.35,15.9));
#5369 = LINE('',#5370,#5371);
#5370 = CARTESIAN_POINT('',(52.,0.35,15.9));
#5371 = VECTOR('',#5372,1.);
#5372 = DIRECTION('',(1.,0.,0.));
#5373 = ORIENTED_EDGE('',*,*,#5374,.F.);
#5374 = EDGE_CURVE('',#5375,#5367,#5377,.T.);
#5375 = VERTEX_POINT('',#5376);
#5376 = CARTESIAN_POINT('',(52.,0.35,13.9));
#5377 = LINE('',#5378,#5379);
#5378 = CARTESIAN_POINT('',(52.,0.35,13.9));
#5379 = VECTOR('',#5380,1.);
#5380 = DIRECTION('',(0.,0.,1.));
#5381 = ORIENTED_EDGE('',*,*,#5382,.T.);
#5382 = EDGE_CURVE('',#5375,#5319,#5383,.T.);
#5383 = LINE('',#5384,#5385);
#5384 = CARTESIAN_POINT('',(52.,0.35,13.9));
#5385 = VECTOR('',#5386,1.);
#5386 = DIRECTION('',(1.,0.,0.));
#5387 = ORIENTED_EDGE('',*,*,#5326,.F.);
#5388 = FACE_BOUND('',#5389,.F.);
#5389 = EDGE_LOOP('',(#5390,#5400,#5408,#5416));
#5390 = ORIENTED_EDGE('',*,*,#5391,.F.);
#5391 = EDGE_CURVE('',#5392,#5394,#5396,.T.);
#5392 = VERTEX_POINT('',#5393);
#5393 = CARTESIAN_POINT('',(23.,0.35,13.9));
#5394 = VERTEX_POINT('',#5395);
#5395 = CARTESIAN_POINT('',(23.,0.35,15.9));
#5396 = LINE('',#5397,#5398);
#5397 = CARTESIAN_POINT('',(23.,0.35,13.9));
#5398 = VECTOR('',#5399,1.);
#5399 = DIRECTION('',(0.,0.,1.));
#5400 = ORIENTED_EDGE('',*,*,#5401,.T.);
#5401 = EDGE_CURVE('',#5392,#5402,#5404,.T.);
#5402 = VERTEX_POINT('',#5403);
#5403 = CARTESIAN_POINT('',(33.,0.35,13.9));
#5404 = LINE('',#5405,#5406);
#5405 = CARTESIAN_POINT('',(23.,0.35,13.9));
#5406 = VECTOR('',#5407,1.);
#5407 = DIRECTION('',(1.,0.,0.));
#5408 = ORIENTED_EDGE('',*,*,#5409,.T.);
#5409 = EDGE_CURVE('',#5402,#5410,#5412,.T.);
#5410 = VERTEX_POINT('',#5411);
#5411 = CARTESIAN_POINT('',(33.,0.35,15.9));
#5412 = LINE('',#5413,#5414);
#5413 = CARTESIAN_POINT('',(33.,0.35,13.9));
#5414 = VECTOR('',#5415,1.);
#5415 = DIRECTION('',(0.,0.,1.));
#5416 = ORIENTED_EDGE('',*,*,#5417,.F.);
#5417 = EDGE_CURVE('',#5394,#5410,#5418,.T.);
#5418 = LINE('',#5419,#5420);
#5419 = CARTESIAN_POINT('',(23.,0.35,15.9));
#5420 = VECTOR('',#5421,1.);
#5421 = DIRECTION('',(1.,0.,0.));
#5422 = PLANE('',#5423);
#5423 = AXIS2_PLACEMENT_3D('',#5424,#5425,#5426);
#5424 = CARTESIAN_POINT('',(2.6,0.35,13.4));
#5425 = DIRECTION('',(0.,1.,0.));
#5426 = DIRECTION('',(0.,0.,1.));
#5427 = ADVANCED_FACE('',(#5428),#5440,.T.);
#5428 = FACE_BOUND('',#5429,.T.);
#5429 = EDGE_LOOP('',(#5430,#5431,#5432,#5439));
#5430 = ORIENTED_EDGE('',*,*,#4385,.F.);
#5431 = ORIENTED_EDGE('',*,*,#4874,.F.);
#5432 = ORIENTED_EDGE('',*,*,#5433,.T.);
#5433 = EDGE_CURVE('',#4875,#5351,#5434,.T.);
#5434 = CIRCLE('',#5435,2.25);
#5435 = AXIS2_PLACEMENT_3D('',#5436,#5437,#5438);
#5436 = CARTESIAN_POINT('',(2.6,2.6,13.4));
#5437 = DIRECTION('',(0.,0.,1.));
#5438 = DIRECTION('',(1.,0.,0.));
#5439 = ORIENTED_EDGE('',*,*,#5358,.T.);
#5440 = CYLINDRICAL_SURFACE('',#5441,2.25);
#5441 = AXIS2_PLACEMENT_3D('',#5442,#5443,#5444);
#5442 = CARTESIAN_POINT('',(2.6,2.6,13.4));
#5443 = DIRECTION('',(0.,0.,1.));
#5444 = DIRECTION('',(1.,0.,0.));
#5445 = ADVANCED_FACE('',(#5446),#5458,.T.);
#5446 = FACE_BOUND('',#5447,.T.);
#5447 = EDGE_LOOP('',(#5448,#5449,#5450,#5457));
#5448 = ORIENTED_EDGE('',*,*,#4509,.F.);
#5449 = ORIENTED_EDGE('',*,*,#4483,.T.);
#5450 = ORIENTED_EDGE('',*,*,#5451,.T.);
#5451 = EDGE_CURVE('',#4476,#4553,#5452,.T.);
#5452 = CIRCLE('',#5453,0.8);
#5453 = AXIS2_PLACEMENT_3D('',#5454,#5455,#5456);
#5454 = CARTESIAN_POINT('',(65.6,2.6,17.));
#5455 = DIRECTION('',(-6.123233995737E-17,-1.,0.));
#5456 = DIRECTION('',(1.,-6.123233995737E-17,0.));
#5457 = ORIENTED_EDGE('',*,*,#4552,.F.);
#5458 = TOROIDAL_SURFACE('',#5459,4.2,0.8);
#5459 = AXIS2_PLACEMENT_3D('',#5460,#5461,#5462);
#5460 = CARTESIAN_POINT('',(61.4,2.6,17.));
#5461 = DIRECTION('',(0.,0.,1.));
#5462 = DIRECTION('',(0.,-1.,0.));
#5463 = ADVANCED_FACE('',(#5464),#5476,.T.);
#5464 = FACE_BOUND('',#5465,.T.);
#5465 = EDGE_LOOP('',(#5466,#5473,#5474,#5475));
#5466 = ORIENTED_EDGE('',*,*,#5467,.F.);
#5467 = EDGE_CURVE('',#4785,#4579,#5468,.T.);
#5468 = CIRCLE('',#5469,0.8);
#5469 = AXIS2_PLACEMENT_3D('',#5470,#5471,#5472);
#5470 = CARTESIAN_POINT('',(2.6,152.8,17.));
#5471 = DIRECTION('',(1.,0.,0.));
#5472 = DIRECTION('',(0.,1.,0.));
#5473 = ORIENTED_EDGE('',*,*,#4784,.T.);
#5474 = ORIENTED_EDGE('',*,*,#4525,.T.);
#5475 = ORIENTED_EDGE('',*,*,#4586,.F.);
#5476 = TOROIDAL_SURFACE('',#5477,4.2,0.8);
#5477 = AXIS2_PLACEMENT_3D('',#5478,#5479,#5480);
#5478 = CARTESIAN_POINT('',(2.6,148.6,17.));
#5479 = DIRECTION('',(0.,0.,1.));
#5480 = DIRECTION('',(-2.6645352591E-16,1.,0.));
#5481 = ADVANCED_FACE('',(#5482),#5494,.T.);
#5482 = FACE_BOUND('',#5483,.F.);
#5483 = EDGE_LOOP('',(#5484,#5491,#5492,#5493));
#5484 = ORIENTED_EDGE('',*,*,#5485,.T.);
#5485 = EDGE_CURVE('',#4809,#4570,#5486,.T.);
#5486 = CIRCLE('',#5487,0.8);
#5487 = AXIS2_PLACEMENT_3D('',#5488,#5489,#5490);
#5488 = CARTESIAN_POINT('',(61.4,152.8,17.));
#5489 = DIRECTION('',(1.,-6.123233995737E-17,0.));
#5490 = DIRECTION('',(6.123233995737E-17,1.,0.));
#5491 = ORIENTED_EDGE('',*,*,#4578,.T.);
#5492 = ORIENTED_EDGE('',*,*,#5467,.F.);
#5493 = ORIENTED_EDGE('',*,*,#4818,.F.);
#5494 = CYLINDRICAL_SURFACE('',#5495,0.8);
#5495 = AXIS2_PLACEMENT_3D('',#5496,#5497,#5498);
#5496 = CARTESIAN_POINT('',(61.4,152.8,17.));
#5497 = DIRECTION('',(-1.,0.,0.));
#5498 = DIRECTION('',(0.,1.,0.));
#5499 = ADVANCED_FACE('',(#5500),#5512,.T.);
#5500 = FACE_BOUND('',#5501,.F.);
#5501 = EDGE_LOOP('',(#5502,#5503,#5504,#5511));
#5502 = ORIENTED_EDGE('',*,*,#5451,.T.);
#5503 = ORIENTED_EDGE('',*,*,#4561,.T.);
#5504 = ORIENTED_EDGE('',*,*,#5505,.F.);
#5505 = EDGE_CURVE('',#4835,#4562,#5506,.T.);
#5506 = CIRCLE('',#5507,0.8);
#5507 = AXIS2_PLACEMENT_3D('',#5508,#5509,#5510);
#5508 = CARTESIAN_POINT('',(65.6,148.6,17.));
#5509 = DIRECTION('',(0.,-1.,0.));
#5510 = DIRECTION('',(1.,0.,0.));
#5511 = ORIENTED_EDGE('',*,*,#4842,.F.);
#5512 = CYLINDRICAL_SURFACE('',#5513,0.8);
#5513 = AXIS2_PLACEMENT_3D('',#5514,#5515,#5516);
#5514 = CARTESIAN_POINT('',(65.6,2.6,17.));
#5515 = DIRECTION('',(0.,1.,0.));
#5516 = DIRECTION('',(1.,0.,0.));
#5517 = ADVANCED_FACE('',(#5518),#5524,.T.);
#5518 = FACE_BOUND('',#5519,.T.);
#5519 = EDGE_LOOP('',(#5520,#5521,#5522,#5523));
#5520 = ORIENTED_EDGE('',*,*,#5505,.F.);
#5521 = ORIENTED_EDGE('',*,*,#4857,.T.);
#5522 = ORIENTED_EDGE('',*,*,#5485,.T.);
#5523 = ORIENTED_EDGE('',*,*,#4569,.F.);
#5524 = TOROIDAL_SURFACE('',#5525,4.2,0.8);
#5525 = AXIS2_PLACEMENT_3D('',#5526,#5527,#5528);
#5526 = CARTESIAN_POINT('',(61.4,148.6,17.));
#5527 = DIRECTION('',(0.,0.,1.));
#5528 = DIRECTION('',(1.,0.,0.));
#5529 = ADVANCED_FACE('',(#5530),#5549,.F.);
#5530 = FACE_BOUND('',#5531,.F.);
#5531 = EDGE_LOOP('',(#5532,#5533,#5541,#5548));
#5532 = ORIENTED_EDGE('',*,*,#4596,.F.);
#5533 = ORIENTED_EDGE('',*,*,#5534,.F.);
#5534 = EDGE_CURVE('',#5535,#4597,#5537,.T.);
#5535 = VERTEX_POINT('',#5536);
#5536 = CARTESIAN_POINT('',(8.65,48.,16.4));
#5537 = LINE('',#5538,#5539);
#5538 = CARTESIAN_POINT('',(8.65,48.,15.4));
#5539 = VECTOR('',#5540,1.);
#5540 = DIRECTION('',(0.,0.,1.));
#5541 = ORIENTED_EDGE('',*,*,#5542,.T.);
#5542 = EDGE_CURVE('',#5535,#5535,#5543,.T.);
#5543 = CIRCLE('',#5544,0.55);
#5544 = AXIS2_PLACEMENT_3D('',#5545,#5546,#5547);
#5545 = CARTESIAN_POINT('',(8.1,48.,16.4));
#5546 = DIRECTION('',(0.,0.,1.));
#5547 = DIRECTION('',(1.,0.,0.));
#5548 = ORIENTED_EDGE('',*,*,#5534,.T.);
#5549 = CYLINDRICAL_SURFACE('',#5550,0.55);
#5550 = AXIS2_PLACEMENT_3D('',#5551,#5552,#5553);
#5551 = CARTESIAN_POINT('',(8.1,48.,15.4));
#5552 = DIRECTION('',(0.,0.,1.));
#5553 = DIRECTION('',(1.,0.,0.));
#5554 = ADVANCED_FACE('',(#5555),#5574,.F.);
#5555 = FACE_BOUND('',#5556,.F.);
#5556 = EDGE_LOOP('',(#5557,#5558,#5566,#5573));
#5557 = ORIENTED_EDGE('',*,*,#4607,.F.);
#5558 = ORIENTED_EDGE('',*,*,#5559,.F.);
#5559 = EDGE_CURVE('',#5560,#4608,#5562,.T.);
#5560 = VERTEX_POINT('',#5561);
#5561 = CARTESIAN_POINT('',(9.6,46.35455173281,16.4));
#5562 = LINE('',#5563,#5564);
#5563 = CARTESIAN_POINT('',(9.6,46.35455173281,15.4));
#5564 = VECTOR('',#5565,1.);
#5565 = DIRECTION('',(0.,0.,1.));
#5566 = ORIENTED_EDGE('',*,*,#5567,.T.);
#5567 = EDGE_CURVE('',#5560,#5560,#5568,.T.);
#5568 = CIRCLE('',#5569,0.55);
#5569 = AXIS2_PLACEMENT_3D('',#5570,#5571,#5572);
#5570 = CARTESIAN_POINT('',(9.05,46.35455173281,16.4));
#5571 = DIRECTION('',(0.,0.,1.));
#5572 = DIRECTION('',(1.,0.,0.));
#5573 = ORIENTED_EDGE('',*,*,#5559,.T.);
#5574 = CYLINDRICAL_SURFACE('',#5575,0.55);
#5575 = AXIS2_PLACEMENT_3D('',#5576,#5577,#5578);
#5576 = CARTESIAN_POINT('',(9.05,46.35455173281,15.4));
#5577 = DIRECTION('',(0.,0.,1.));
#5578 = DIRECTION('',(1.,0.,0.));
#5579 = ADVANCED_FACE('',(#5580),#5599,.F.);
#5580 = FACE_BOUND('',#5581,.F.);
#5581 = EDGE_LOOP('',(#5582,#5583,#5591,#5598));
#5582 = ORIENTED_EDGE('',*,*,#4618,.F.);
#5583 = ORIENTED_EDGE('',*,*,#5584,.F.);
#5584 = EDGE_CURVE('',#5585,#4619,#5587,.T.);
#5585 = VERTEX_POINT('',#5586);
#5586 = CARTESIAN_POINT('',(10.55,48.,16.4));
#5587 = LINE('',#5588,#5589);
#5588 = CARTESIAN_POINT('',(10.55,48.,15.4));
#5589 = VECTOR('',#5590,1.);
#5590 = DIRECTION('',(0.,0.,1.));
#5591 = ORIENTED_EDGE('',*,*,#5592,.T.);
#5592 = EDGE_CURVE('',#5585,#5585,#5593,.T.);
#5593 = CIRCLE('',#5594,0.55);
#5594 = AXIS2_PLACEMENT_3D('',#5595,#5596,#5597);
#5595 = CARTESIAN_POINT('',(10.,48.,16.4));
#5596 = DIRECTION('',(0.,0.,1.));
#5597 = DIRECTION('',(1.,0.,0.));
#5598 = ORIENTED_EDGE('',*,*,#5584,.T.);
#5599 = CYLINDRICAL_SURFACE('',#5600,0.55);
#5600 = AXIS2_PLACEMENT_3D('',#5601,#5602,#5603);
#5601 = CARTESIAN_POINT('',(10.,48.,15.4));
#5602 = DIRECTION('',(0.,0.,1.));
#5603 = DIRECTION('',(1.,0.,0.));
#5604 = ADVANCED_FACE('',(#5605),#5624,.F.);
#5605 = FACE_BOUND('',#5606,.F.);
#5606 = EDGE_LOOP('',(#5607,#5608,#5616,#5623));
#5607 = ORIENTED_EDGE('',*,*,#4629,.F.);
#5608 = ORIENTED_EDGE('',*,*,#5609,.F.);
#5609 = EDGE_CURVE('',#5610,#4630,#5612,.T.);
#5610 = VERTEX_POINT('',#5611);
#5611 = CARTESIAN_POINT('',(11.5,46.35455173281,16.4));
#5612 = LINE('',#5613,#5614);
#5613 = CARTESIAN_POINT('',(11.5,46.35455173281,15.4));
#5614 = VECTOR('',#5615,1.);
#5615 = DIRECTION('',(0.,0.,1.));
#5616 = ORIENTED_EDGE('',*,*,#5617,.T.);
#5617 = EDGE_CURVE('',#5610,#5610,#5618,.T.);
#5618 = CIRCLE('',#5619,0.55);
#5619 = AXIS2_PLACEMENT_3D('',#5620,#5621,#5622);
#5620 = CARTESIAN_POINT('',(10.95,46.35455173281,16.4));
#5621 = DIRECTION('',(0.,0.,1.));
#5622 = DIRECTION('',(1.,0.,0.));
#5623 = ORIENTED_EDGE('',*,*,#5609,.T.);
#5624 = CYLINDRICAL_SURFACE('',#5625,0.55);
#5625 = AXIS2_PLACEMENT_3D('',#5626,#5627,#5628);
#5626 = CARTESIAN_POINT('',(10.95,46.35455173281,15.4));
#5627 = DIRECTION('',(0.,0.,1.));
#5628 = DIRECTION('',(1.,0.,0.));
#5629 = ADVANCED_FACE('',(#5630),#5649,.F.);
#5630 = FACE_BOUND('',#5631,.F.);
#5631 = EDGE_LOOP('',(#5632,#5633,#5641,#5648));
#5632 = ORIENTED_EDGE('',*,*,#4640,.F.);
#5633 = ORIENTED_EDGE('',*,*,#5634,.F.);
#5634 = EDGE_CURVE('',#5635,#4641,#5637,.T.);
#5635 = VERTEX_POINT('',#5636);
#5636 = CARTESIAN_POINT('',(9.6,49.64544826719,16.4));
#5637 = LINE('',#5638,#5639);
#5638 = CARTESIAN_POINT('',(9.6,49.64544826719,15.4));
#5639 = VECTOR('',#5640,1.);
#5640 = DIRECTION('',(0.,0.,1.));
#5641 = ORIENTED_EDGE('',*,*,#5642,.T.);
#5642 = EDGE_CURVE('',#5635,#5635,#5643,.T.);
#5643 = CIRCLE('',#5644,0.55);
#5644 = AXIS2_PLACEMENT_3D('',#5645,#5646,#5647);
#5645 = CARTESIAN_POINT('',(9.05,49.64544826719,16.4));
#5646 = DIRECTION('',(0.,0.,1.));
#5647 = DIRECTION('',(1.,0.,0.));
#5648 = ORIENTED_EDGE('',*,*,#5634,.T.);
#5649 = CYLINDRICAL_SURFACE('',#5650,0.55);
#5650 = AXIS2_PLACEMENT_3D('',#5651,#5652,#5653);
#5651 = CARTESIAN_POINT('',(9.05,49.64544826719,15.4));
#5652 = DIRECTION('',(0.,0.,1.));
#5653 = DIRECTION('',(1.,0.,0.));
#5654 = ADVANCED_FACE('',(#5655),#5674,.F.);
#5655 = FACE_BOUND('',#5656,.F.);
#5656 = EDGE_LOOP('',(#5657,#5658,#5666,#5673));
#5657 = ORIENTED_EDGE('',*,*,#4651,.F.);
#5658 = ORIENTED_EDGE('',*,*,#5659,.F.);
#5659 = EDGE_CURVE('',#5660,#4652,#5662,.T.);
#5660 = VERTEX_POINT('',#5661);
#5661 = CARTESIAN_POINT('',(11.5,49.64544826719,16.4));
#5662 = LINE('',#5663,#5664);
#5663 = CARTESIAN_POINT('',(11.5,49.64544826719,15.4));
#5664 = VECTOR('',#5665,1.);
#5665 = DIRECTION('',(0.,0.,1.));
#5666 = ORIENTED_EDGE('',*,*,#5667,.T.);
#5667 = EDGE_CURVE('',#5660,#5660,#5668,.T.);
#5668 = CIRCLE('',#5669,0.55);
#5669 = AXIS2_PLACEMENT_3D('',#5670,#5671,#5672);
#5670 = CARTESIAN_POINT('',(10.95,49.64544826719,16.4));
#5671 = DIRECTION('',(0.,0.,1.));
#5672 = DIRECTION('',(1.,0.,0.));
#5673 = ORIENTED_EDGE('',*,*,#5659,.T.);
#5674 = CYLINDRICAL_SURFACE('',#5675,0.55);
#5675 = AXIS2_PLACEMENT_3D('',#5676,#5677,#5678);
#5676 = CARTESIAN_POINT('',(10.95,49.64544826719,15.4));
#5677 = DIRECTION('',(0.,0.,1.));
#5678 = DIRECTION('',(1.,0.,0.));
#5679 = ADVANCED_FACE('',(#5680),#5699,.F.);
#5680 = FACE_BOUND('',#5681,.F.);
#5681 = EDGE_LOOP('',(#5682,#5683,#5691,#5698));
#5682 = ORIENTED_EDGE('',*,*,#4662,.F.);
#5683 = ORIENTED_EDGE('',*,*,#5684,.F.);
#5684 = EDGE_CURVE('',#5685,#4663,#5687,.T.);
#5685 = VERTEX_POINT('',#5686);
#5686 = CARTESIAN_POINT('',(12.45,48.,16.4));
#5687 = LINE('',#5688,#5689);
#5688 = CARTESIAN_POINT('',(12.45,48.,15.4));
#5689 = VECTOR('',#5690,1.);
#5690 = DIRECTION('',(0.,0.,1.));
#5691 = ORIENTED_EDGE('',*,*,#5692,.T.);
#5692 = EDGE_CURVE('',#5685,#5685,#5693,.T.);
#5693 = CIRCLE('',#5694,0.55);
#5694 = AXIS2_PLACEMENT_3D('',#5695,#5696,#5697);
#5695 = CARTESIAN_POINT('',(11.9,48.,16.4));
#5696 = DIRECTION('',(0.,0.,1.));
#5697 = DIRECTION('',(1.,0.,0.));
#5698 = ORIENTED_EDGE('',*,*,#5684,.T.);
#5699 = CYLINDRICAL_SURFACE('',#5700,0.55);
#5700 = AXIS2_PLACEMENT_3D('',#5701,#5702,#5703);
#5701 = CARTESIAN_POINT('',(11.9,48.,15.4));
#5702 = DIRECTION('',(0.,0.,1.));
#5703 = DIRECTION('',(1.,0.,0.));
#5704 = ADVANCED_FACE('',(#5705),#5731,.F.);
#5705 = FACE_BOUND('',#5706,.F.);
#5706 = EDGE_LOOP('',(#5707,#5708,#5716,#5725));
#5707 = ORIENTED_EDGE('',*,*,#4673,.F.);
#5708 = ORIENTED_EDGE('',*,*,#5709,.F.);
#5709 = EDGE_CURVE('',#5710,#4674,#5712,.T.);
#5710 = VERTEX_POINT('',#5711);
#5711 = CARTESIAN_POINT('',(26.8,22.8,16.4));
#5712 = LINE('',#5713,#5714);
#5713 = CARTESIAN_POINT('',(26.8,22.8,15.4));
#5714 = VECTOR('',#5715,1.);
#5715 = DIRECTION('',(0.,0.,1.));
#5716 = ORIENTED_EDGE('',*,*,#5717,.T.);
#5717 = EDGE_CURVE('',#5710,#5718,#5720,.T.);
#5718 = VERTEX_POINT('',#5719);
#5719 = CARTESIAN_POINT('',(27.8,21.8,16.4));
#5720 = CIRCLE('',#5721,1.);
#5721 = AXIS2_PLACEMENT_3D('',#5722,#5723,#5724);
#5722 = CARTESIAN_POINT('',(27.8,22.8,16.4));
#5723 = DIRECTION('',(0.,0.,1.));
#5724 = DIRECTION('',(1.,0.,0.));
#5725 = ORIENTED_EDGE('',*,*,#5726,.T.);
#5726 = EDGE_CURVE('',#5718,#4676,#5727,.T.);
#5727 = LINE('',#5728,#5729);
#5728 = CARTESIAN_POINT('',(27.8,21.8,15.4));
#5729 = VECTOR('',#5730,1.);
#5730 = DIRECTION('',(0.,0.,1.));
#5731 = CYLINDRICAL_SURFACE('',#5732,1.);
#5732 = AXIS2_PLACEMENT_3D('',#5733,#5734,#5735);
#5733 = CARTESIAN_POINT('',(27.8,22.8,15.4));
#5734 = DIRECTION('',(0.,0.,1.));
#5735 = DIRECTION('',(1.,0.,0.));
#5736 = ADVANCED_FACE('',(#5737),#5755,.T.);
#5737 = FACE_BOUND('',#5738,.T.);
#5738 = EDGE_LOOP('',(#5739,#5747,#5748,#5749));
#5739 = ORIENTED_EDGE('',*,*,#5740,.F.);
#5740 = EDGE_CURVE('',#5718,#5741,#5743,.T.);
#5741 = VERTEX_POINT('',#5742);
#5742 = CARTESIAN_POINT('',(36.2,21.8,16.4));
#5743 = LINE('',#5744,#5745);
#5744 = CARTESIAN_POINT('',(29.9,21.8,16.4));
#5745 = VECTOR('',#5746,1.);
#5746 = DIRECTION('',(1.,0.,0.));
#5747 = ORIENTED_EDGE('',*,*,#5726,.T.);
#5748 = ORIENTED_EDGE('',*,*,#4735,.F.);
#5749 = ORIENTED_EDGE('',*,*,#5750,.F.);
#5750 = EDGE_CURVE('',#5741,#4727,#5751,.T.);
#5751 = LINE('',#5752,#5753);
#5752 = CARTESIAN_POINT('',(36.2,21.8,15.4));
#5753 = VECTOR('',#5754,1.);
#5754 = DIRECTION('',(0.,0.,1.));
#5755 = PLANE('',#5756);
#5756 = AXIS2_PLACEMENT_3D('',#5757,#5758,#5759);
#5757 = CARTESIAN_POINT('',(27.8,21.8,15.4));
#5758 = DIRECTION('',(0.,1.,0.));
#5759 = DIRECTION('',(0.,0.,1.));
#5760 = ADVANCED_FACE('',(#5761),#5780,.F.);
#5761 = FACE_BOUND('',#5762,.F.);
#5762 = EDGE_LOOP('',(#5763,#5764,#5765,#5774));
#5763 = ORIENTED_EDGE('',*,*,#4726,.F.);
#5764 = ORIENTED_EDGE('',*,*,#5750,.F.);
#5765 = ORIENTED_EDGE('',*,*,#5766,.T.);
#5766 = EDGE_CURVE('',#5741,#5767,#5769,.T.);
#5767 = VERTEX_POINT('',#5768);
#5768 = CARTESIAN_POINT('',(37.2,22.8,16.4));
#5769 = CIRCLE('',#5770,1.);
#5770 = AXIS2_PLACEMENT_3D('',#5771,#5772,#5773);
#5771 = CARTESIAN_POINT('',(36.2,22.8,16.4));
#5772 = DIRECTION('',(0.,0.,1.));
#5773 = DIRECTION('',(1.,0.,0.));
#5774 = ORIENTED_EDGE('',*,*,#5775,.T.);
#5775 = EDGE_CURVE('',#5767,#4719,#5776,.T.);
#5776 = LINE('',#5777,#5778);
#5777 = CARTESIAN_POINT('',(37.2,22.8,15.4));
#5778 = VECTOR('',#5779,1.);
#5779 = DIRECTION('',(0.,0.,1.));
#5780 = CYLINDRICAL_SURFACE('',#5781,1.);
#5781 = AXIS2_PLACEMENT_3D('',#5782,#5783,#5784);
#5782 = CARTESIAN_POINT('',(36.2,22.8,15.4));
#5783 = DIRECTION('',(0.,0.,1.));
#5784 = DIRECTION('',(1.,0.,0.));
#5785 = ADVANCED_FACE('',(#5786),#5804,.F.);
#5786 = FACE_BOUND('',#5787,.F.);
#5787 = EDGE_LOOP('',(#5788,#5789,#5797,#5803));
#5788 = ORIENTED_EDGE('',*,*,#5775,.F.);
#5789 = ORIENTED_EDGE('',*,*,#5790,.F.);
#5790 = EDGE_CURVE('',#5791,#5767,#5793,.T.);
#5791 = VERTEX_POINT('',#5792);
#5792 = CARTESIAN_POINT('',(37.2,31.2,16.4));
#5793 = LINE('',#5794,#5795);
#5794 = CARTESIAN_POINT('',(37.2,49.2,16.4));
#5795 = VECTOR('',#5796,1.);
#5796 = DIRECTION('',(0.,-1.,0.));
#5797 = ORIENTED_EDGE('',*,*,#5798,.T.);
#5798 = EDGE_CURVE('',#5791,#4710,#5799,.T.);
#5799 = LINE('',#5800,#5801);
#5800 = CARTESIAN_POINT('',(37.2,31.2,15.4));
#5801 = VECTOR('',#5802,1.);
#5802 = DIRECTION('',(0.,0.,1.));
#5803 = ORIENTED_EDGE('',*,*,#4718,.F.);
#5804 = PLANE('',#5805);
#5805 = AXIS2_PLACEMENT_3D('',#5806,#5807,#5808);
#5806 = CARTESIAN_POINT('',(37.2,22.8,15.4));
#5807 = DIRECTION('',(1.,0.,0.));
#5808 = DIRECTION('',(0.,0.,1.));
#5809 = ADVANCED_FACE('',(#5810),#5829,.F.);
#5810 = FACE_BOUND('',#5811,.F.);
#5811 = EDGE_LOOP('',(#5812,#5813,#5814,#5823));
#5812 = ORIENTED_EDGE('',*,*,#4709,.F.);
#5813 = ORIENTED_EDGE('',*,*,#5798,.F.);
#5814 = ORIENTED_EDGE('',*,*,#5815,.T.);
#5815 = EDGE_CURVE('',#5791,#5816,#5818,.T.);
#5816 = VERTEX_POINT('',#5817);
#5817 = CARTESIAN_POINT('',(36.2,32.2,16.4));
#5818 = CIRCLE('',#5819,1.);
#5819 = AXIS2_PLACEMENT_3D('',#5820,#5821,#5822);
#5820 = CARTESIAN_POINT('',(36.2,31.2,16.4));
#5821 = DIRECTION('',(0.,0.,1.));
#5822 = DIRECTION('',(1.,0.,0.));
#5823 = ORIENTED_EDGE('',*,*,#5824,.T.);
#5824 = EDGE_CURVE('',#5816,#4702,#5825,.T.);
#5825 = LINE('',#5826,#5827);
#5826 = CARTESIAN_POINT('',(36.2,32.2,15.4));
#5827 = VECTOR('',#5828,1.);
#5828 = DIRECTION('',(0.,0.,1.));
#5829 = CYLINDRICAL_SURFACE('',#5830,1.);
#5830 = AXIS2_PLACEMENT_3D('',#5831,#5832,#5833);
#5831 = CARTESIAN_POINT('',(36.2,31.2,15.4));
#5832 = DIRECTION('',(0.,0.,1.));
#5833 = DIRECTION('',(1.,0.,0.));
#5834 = ADVANCED_FACE('',(#5835),#5853,.F.);
#5835 = FACE_BOUND('',#5836,.F.);
#5836 = EDGE_LOOP('',(#5837,#5845,#5851,#5852));
#5837 = ORIENTED_EDGE('',*,*,#5838,.F.);
#5838 = EDGE_CURVE('',#5839,#5816,#5841,.T.);
#5839 = VERTEX_POINT('',#5840);
#5840 = CARTESIAN_POINT('',(27.8,32.2,16.4));
#5841 = LINE('',#5842,#5843);
#5842 = CARTESIAN_POINT('',(29.9,32.2,16.4));
#5843 = VECTOR('',#5844,1.);
#5844 = DIRECTION('',(1.,0.,0.));
#5845 = ORIENTED_EDGE('',*,*,#5846,.T.);
#5846 = EDGE_CURVE('',#5839,#4693,#5847,.T.);
#5847 = LINE('',#5848,#5849);
#5848 = CARTESIAN_POINT('',(27.8,32.2,15.4));
#5849 = VECTOR('',#5850,1.);
#5850 = DIRECTION('',(0.,0.,1.));
#5851 = ORIENTED_EDGE('',*,*,#4701,.F.);
#5852 = ORIENTED_EDGE('',*,*,#5824,.F.);
#5853 = PLANE('',#5854);
#5854 = AXIS2_PLACEMENT_3D('',#5855,#5856,#5857);
#5855 = CARTESIAN_POINT('',(27.8,32.2,15.4));
#5856 = DIRECTION('',(0.,1.,0.));
#5857 = DIRECTION('',(0.,0.,1.));
#5858 = ADVANCED_FACE('',(#5859),#5878,.F.);
#5859 = FACE_BOUND('',#5860,.F.);
#5860 = EDGE_LOOP('',(#5861,#5862,#5863,#5872));
#5861 = ORIENTED_EDGE('',*,*,#4692,.F.);
#5862 = ORIENTED_EDGE('',*,*,#5846,.F.);
#5863 = ORIENTED_EDGE('',*,*,#5864,.T.);
#5864 = EDGE_CURVE('',#5839,#5865,#5867,.T.);
#5865 = VERTEX_POINT('',#5866);
#5866 = CARTESIAN_POINT('',(26.8,31.2,16.4));
#5867 = CIRCLE('',#5868,1.);
#5868 = AXIS2_PLACEMENT_3D('',#5869,#5870,#5871);
#5869 = CARTESIAN_POINT('',(27.8,31.2,16.4));
#5870 = DIRECTION('',(0.,0.,1.));
#5871 = DIRECTION('',(1.,0.,0.));
#5872 = ORIENTED_EDGE('',*,*,#5873,.T.);
#5873 = EDGE_CURVE('',#5865,#4685,#5874,.T.);
#5874 = LINE('',#5875,#5876);
#5875 = CARTESIAN_POINT('',(26.8,31.2,15.4));
#5876 = VECTOR('',#5877,1.);
#5877 = DIRECTION('',(0.,0.,1.));
#5878 = CYLINDRICAL_SURFACE('',#5879,1.);
#5879 = AXIS2_PLACEMENT_3D('',#5880,#5881,#5882);
#5880 = CARTESIAN_POINT('',(27.8,31.2,15.4));
#5881 = DIRECTION('',(0.,0.,1.));
#5882 = DIRECTION('',(1.,0.,0.));
#5883 = ADVANCED_FACE('',(#5884),#5895,.T.);
#5884 = FACE_BOUND('',#5885,.T.);
#5885 = EDGE_LOOP('',(#5886,#5887,#5893,#5894));
#5886 = ORIENTED_EDGE('',*,*,#5709,.F.);
#5887 = ORIENTED_EDGE('',*,*,#5888,.F.);
#5888 = EDGE_CURVE('',#5865,#5710,#5889,.T.);
#5889 = LINE('',#5890,#5891);
#5890 = CARTESIAN_POINT('',(26.8,49.2,16.4));
#5891 = VECTOR('',#5892,1.);
#5892 = DIRECTION('',(0.,-1.,0.));
#5893 = ORIENTED_EDGE('',*,*,#5873,.T.);
#5894 = ORIENTED_EDGE('',*,*,#4684,.F.);
#5895 = PLANE('',#5896);
#5896 = AXIS2_PLACEMENT_3D('',#5897,#5898,#5899);
#5897 = CARTESIAN_POINT('',(26.8,22.8,15.4));
#5898 = DIRECTION('',(1.,0.,0.));
#5899 = DIRECTION('',(0.,0.,1.));
#5900 = ADVANCED_FACE('',(#5901),#5926,.T.);
#5901 = FACE_BOUND('',#5902,.T.);
#5902 = EDGE_LOOP('',(#5903,#5911,#5919,#5925));
#5903 = ORIENTED_EDGE('',*,*,#5904,.F.);
#5904 = EDGE_CURVE('',#5905,#4744,#5907,.T.);
#5905 = VERTEX_POINT('',#5906);
#5906 = CARTESIAN_POINT('',(59.,60.,14.8));
#5907 = LINE('',#5908,#5909);
#5908 = CARTESIAN_POINT('',(59.,60.,14.3));
#5909 = VECTOR('',#5910,1.);
#5910 = DIRECTION('',(0.,0.,1.));
#5911 = ORIENTED_EDGE('',*,*,#5912,.T.);
#5912 = EDGE_CURVE('',#5905,#5913,#5915,.T.);
#5913 = VERTEX_POINT('',#5914);
#5914 = CARTESIAN_POINT('',(5.,60.,14.8));
#5915 = LINE('',#5916,#5917);
#5916 = CARTESIAN_POINT('',(4.1,60.,14.8));
#5917 = VECTOR('',#5918,1.);
#5918 = DIRECTION('',(-1.,0.,0.));
#5919 = ORIENTED_EDGE('',*,*,#5920,.T.);
#5920 = EDGE_CURVE('',#5913,#4746,#5921,.T.);
#5921 = LINE('',#5922,#5923);
#5922 = CARTESIAN_POINT('',(5.,60.,14.3));
#5923 = VECTOR('',#5924,1.);
#5924 = DIRECTION('',(0.,0.,1.));
#5925 = ORIENTED_EDGE('',*,*,#4743,.F.);
#5926 = PLANE('',#5927);
#5927 = AXIS2_PLACEMENT_3D('',#5928,#5929,#5930);
#5928 = CARTESIAN_POINT('',(5.,60.,14.3));
#5929 = DIRECTION('',(0.,1.,0.));
#5930 = DIRECTION('',(0.,0.,1.));
#5931 = ADVANCED_FACE('',(#5932),#5950,.F.);
#5932 = FACE_BOUND('',#5933,.F.);
#5933 = EDGE_LOOP('',(#5934,#5935,#5943,#5949));
#5934 = ORIENTED_EDGE('',*,*,#5904,.F.);
#5935 = ORIENTED_EDGE('',*,*,#5936,.T.);
#5936 = EDGE_CURVE('',#5905,#5937,#5939,.T.);
#5937 = VERTEX_POINT('',#5938);
#5938 = CARTESIAN_POINT('',(59.,148.,14.8));
#5939 = LINE('',#5940,#5941);
#5940 = CARTESIAN_POINT('',(59.,58.75,14.8));
#5941 = VECTOR('',#5942,1.);
#5942 = DIRECTION('',(0.,1.,0.));
#5943 = ORIENTED_EDGE('',*,*,#5944,.T.);
#5944 = EDGE_CURVE('',#5937,#4762,#5945,.T.);
#5945 = LINE('',#5946,#5947);
#5946 = CARTESIAN_POINT('',(59.,148.,14.3));
#5947 = VECTOR('',#5948,1.);
#5948 = DIRECTION('',(0.,0.,1.));
#5949 = ORIENTED_EDGE('',*,*,#4769,.F.);
#5950 = PLANE('',#5951);
#5951 = AXIS2_PLACEMENT_3D('',#5952,#5953,#5954);
#5952 = CARTESIAN_POINT('',(59.,60.,14.3));
#5953 = DIRECTION('',(1.,0.,0.));
#5954 = DIRECTION('',(0.,0.,1.));
#5955 = ADVANCED_FACE('',(#5956),#5974,.F.);
#5956 = FACE_BOUND('',#5957,.F.);
#5957 = EDGE_LOOP('',(#5958,#5959,#5967,#5973));
#5958 = ORIENTED_EDGE('',*,*,#5944,.F.);
#5959 = ORIENTED_EDGE('',*,*,#5960,.T.);
#5960 = EDGE_CURVE('',#5937,#5961,#5963,.T.);
#5961 = VERTEX_POINT('',#5962);
#5962 = CARTESIAN_POINT('',(5.,148.,14.8));
#5963 = LINE('',#5964,#5965);
#5964 = CARTESIAN_POINT('',(4.1,148.,14.8));
#5965 = VECTOR('',#5966,1.);
#5966 = DIRECTION('',(-1.,0.,0.));
#5967 = ORIENTED_EDGE('',*,*,#5968,.T.);
#5968 = EDGE_CURVE('',#5961,#4754,#5969,.T.);
#5969 = LINE('',#5970,#5971);
#5970 = CARTESIAN_POINT('',(5.,148.,14.3));
#5971 = VECTOR('',#5972,1.);
#5972 = DIRECTION('',(0.,0.,1.));
#5973 = ORIENTED_EDGE('',*,*,#4761,.F.);
#5974 = PLANE('',#5975);
#5975 = AXIS2_PLACEMENT_3D('',#5976,#5977,#5978);
#5976 = CARTESIAN_POINT('',(5.,148.,14.3));
#5977 = DIRECTION('',(0.,1.,0.));
#5978 = DIRECTION('',(0.,0.,1.));
#5979 = ADVANCED_FACE('',(#5980),#5991,.T.);
#5980 = FACE_BOUND('',#5981,.T.);
#5981 = EDGE_LOOP('',(#5982,#5983,#5989,#5990));
#5982 = ORIENTED_EDGE('',*,*,#5920,.F.);
#5983 = ORIENTED_EDGE('',*,*,#5984,.T.);
#5984 = EDGE_CURVE('',#5913,#5961,#5985,.T.);
#5985 = LINE('',#5986,#5987);
#5986 = CARTESIAN_POINT('',(5.,58.75,14.8));
#5987 = VECTOR('',#5988,1.);
#5988 = DIRECTION('',(0.,1.,0.));
#5989 = ORIENTED_EDGE('',*,*,#5968,.T.);
#5990 = ORIENTED_EDGE('',*,*,#4753,.F.);
#5991 = PLANE('',#5992);
#5992 = AXIS2_PLACEMENT_3D('',#5993,#5994,#5995);
#5993 = CARTESIAN_POINT('',(5.,60.,14.3));
#5994 = DIRECTION('',(1.,0.,0.));
#5995 = DIRECTION('',(0.,0.,1.));
#5996 = ADVANCED_FACE('',(#5997,#6007),#6077,.T.);
#5997 = FACE_BOUND('',#5998,.T.);
#5998 = EDGE_LOOP('',(#5999,#6000,#6001,#6002,#6003,#6004,#6005,#6006));
#5999 = ORIENTED_EDGE('',*,*,#5433,.F.);
#6000 = ORIENTED_EDGE('',*,*,#4882,.T.);
#6001 = ORIENTED_EDGE('',*,*,#5016,.F.);
#6002 = ORIENTED_EDGE('',*,*,#5032,.T.);
#6003 = ORIENTED_EDGE('',*,*,#5167,.F.);
#6004 = ORIENTED_EDGE('',*,*,#5191,.F.);
#6005 = ORIENTED_EDGE('',*,*,#5334,.F.);
#6006 = ORIENTED_EDGE('',*,*,#5350,.F.);
#6007 = FACE_BOUND('',#6008,.T.);
#6008 = EDGE_LOOP('',(#6009,#6019,#6028,#6036,#6045,#6053,#6062,#6070));
#6009 = ORIENTED_EDGE('',*,*,#6010,.T.);
#6010 = EDGE_CURVE('',#6011,#6013,#6015,.T.);
#6011 = VERTEX_POINT('',#6012);
#6012 = CARTESIAN_POINT('',(1.55,148.6,13.4));
#6013 = VERTEX_POINT('',#6014);
#6014 = CARTESIAN_POINT('',(1.55,2.6,13.4));
#6015 = LINE('',#6016,#6017);
#6016 = CARTESIAN_POINT('',(1.55,39.1,13.4));
#6017 = VECTOR('',#6018,1.);
#6018 = DIRECTION('',(0.,-1.,0.));
#6019 = ORIENTED_EDGE('',*,*,#6020,.T.);
#6020 = EDGE_CURVE('',#6013,#6021,#6023,.T.);
#6021 = VERTEX_POINT('',#6022);
#6022 = CARTESIAN_POINT('',(2.6,1.55,13.4));
#6023 = CIRCLE('',#6024,1.05);
#6024 = AXIS2_PLACEMENT_3D('',#6025,#6026,#6027);
#6025 = CARTESIAN_POINT('',(2.6,2.6,13.4));
#6026 = DIRECTION('',(0.,0.,1.));
#6027 = DIRECTION('',(1.,0.,0.));
#6028 = ORIENTED_EDGE('',*,*,#6029,.T.);
#6029 = EDGE_CURVE('',#6021,#6030,#6032,.T.);
#6030 = VERTEX_POINT('',#6031);
#6031 = CARTESIAN_POINT('',(61.4,1.55,13.4));
#6032 = LINE('',#6033,#6034);
#6033 = CARTESIAN_POINT('',(17.3,1.55,13.4));
#6034 = VECTOR('',#6035,1.);
#6035 = DIRECTION('',(1.,0.,0.));
#6036 = ORIENTED_EDGE('',*,*,#6037,.T.);
#6037 = EDGE_CURVE('',#6030,#6038,#6040,.T.);
#6038 = VERTEX_POINT('',#6039);
#6039 = CARTESIAN_POINT('',(62.45,2.6,13.4));
#6040 = CIRCLE('',#6041,1.05);
#6041 = AXIS2_PLACEMENT_3D('',#6042,#6043,#6044);
#6042 = CARTESIAN_POINT('',(61.4,2.6,13.4));
#6043 = DIRECTION('',(0.,0.,1.));
#6044 = DIRECTION('',(1.,0.,0.));
#6045 = ORIENTED_EDGE('',*,*,#6046,.F.);
#6046 = EDGE_CURVE('',#6047,#6038,#6049,.T.);
#6047 = VERTEX_POINT('',#6048);
#6048 = CARTESIAN_POINT('',(62.45,148.6,13.4));
#6049 = LINE('',#6050,#6051);
#6050 = CARTESIAN_POINT('',(62.45,39.1,13.4));
#6051 = VECTOR('',#6052,1.);
#6052 = DIRECTION('',(0.,-1.,0.));
#6053 = ORIENTED_EDGE('',*,*,#6054,.T.);
#6054 = EDGE_CURVE('',#6047,#6055,#6057,.T.);
#6055 = VERTEX_POINT('',#6056);
#6056 = CARTESIAN_POINT('',(61.4,149.65,13.4));
#6057 = CIRCLE('',#6058,1.05);
#6058 = AXIS2_PLACEMENT_3D('',#6059,#6060,#6061);
#6059 = CARTESIAN_POINT('',(61.4,148.6,13.4));
#6060 = DIRECTION('',(0.,0.,1.));
#6061 = DIRECTION('',(1.,0.,0.));
#6062 = ORIENTED_EDGE('',*,*,#6063,.F.);
#6063 = EDGE_CURVE('',#6064,#6055,#6066,.T.);
#6064 = VERTEX_POINT('',#6065);
#6065 = CARTESIAN_POINT('',(2.6,149.65,13.4));
#6066 = LINE('',#6067,#6068);
#6067 = CARTESIAN_POINT('',(17.3,149.65,13.4));
#6068 = VECTOR('',#6069,1.);
#6069 = DIRECTION('',(1.,0.,0.));
#6070 = ORIENTED_EDGE('',*,*,#6071,.T.);
#6071 = EDGE_CURVE('',#6064,#6011,#6072,.T.);
#6072 = CIRCLE('',#6073,1.05);
#6073 = AXIS2_PLACEMENT_3D('',#6074,#6075,#6076);
#6074 = CARTESIAN_POINT('',(2.6,148.6,13.4));
#6075 = DIRECTION('',(0.,0.,1.));
#6076 = DIRECTION('',(1.,0.,0.));
#6077 = PLANE('',#6078);
#6078 = AXIS2_PLACEMENT_3D('',#6079,#6080,#6081);
#6079 = CARTESIAN_POINT('',(32.,75.6,13.4));
#6080 = DIRECTION('',(-0.,-0.,-1.));
#6081 = DIRECTION('',(-1.,0.,0.));
#6082 = ADVANCED_FACE('',(#6083),#6108,.F.);
#6083 = FACE_BOUND('',#6084,.F.);
#6084 = EDGE_LOOP('',(#6085,#6095,#6101,#6102));
#6085 = ORIENTED_EDGE('',*,*,#6086,.F.);
#6086 = EDGE_CURVE('',#6087,#6089,#6091,.T.);
#6087 = VERTEX_POINT('',#6088);
#6088 = CARTESIAN_POINT('',(-0.65,110.,13.9));
#6089 = VERTEX_POINT('',#6090);
#6090 = CARTESIAN_POINT('',(-0.65,120.,13.9));
#6091 = LINE('',#6092,#6093);
#6092 = CARTESIAN_POINT('',(-0.65,110.,13.9));
#6093 = VECTOR('',#6094,1.);
#6094 = DIRECTION('',(0.,1.,0.));
#6095 = ORIENTED_EDGE('',*,*,#6096,.T.);
#6096 = EDGE_CURVE('',#6087,#4900,#6097,.T.);
#6097 = LINE('',#6098,#6099);
#6098 = CARTESIAN_POINT('',(-0.65,110.,13.9));
#6099 = VECTOR('',#6100,1.);
#6100 = DIRECTION('',(1.,0.,0.));
#6101 = ORIENTED_EDGE('',*,*,#4899,.T.);
#6102 = ORIENTED_EDGE('',*,*,#6103,.F.);
#6103 = EDGE_CURVE('',#6089,#4902,#6104,.T.);
#6104 = LINE('',#6105,#6106);
#6105 = CARTESIAN_POINT('',(-0.65,120.,13.9));
#6106 = VECTOR('',#6107,1.);
#6107 = DIRECTION('',(1.,0.,0.));
#6108 = PLANE('',#6109);
#6109 = AXIS2_PLACEMENT_3D('',#6110,#6111,#6112);
#6110 = CARTESIAN_POINT('',(-0.65,110.,13.9));
#6111 = DIRECTION('',(0.,0.,1.));
#6112 = DIRECTION('',(1.,0.,0.));
#6113 = ADVANCED_FACE('',(#6114),#6132,.T.);
#6114 = FACE_BOUND('',#6115,.T.);
#6115 = EDGE_LOOP('',(#6116,#6117,#6125,#6131));
#6116 = ORIENTED_EDGE('',*,*,#6103,.F.);
#6117 = ORIENTED_EDGE('',*,*,#6118,.T.);
#6118 = EDGE_CURVE('',#6089,#6119,#6121,.T.);
#6119 = VERTEX_POINT('',#6120);
#6120 = CARTESIAN_POINT('',(-0.65,120.,15.9));
#6121 = LINE('',#6122,#6123);
#6122 = CARTESIAN_POINT('',(-0.65,120.,13.9));
#6123 = VECTOR('',#6124,1.);
#6124 = DIRECTION('',(0.,0.,1.));
#6125 = ORIENTED_EDGE('',*,*,#6126,.T.);
#6126 = EDGE_CURVE('',#6119,#4918,#6127,.T.);
#6127 = LINE('',#6128,#6129);
#6128 = CARTESIAN_POINT('',(-0.65,120.,15.9));
#6129 = VECTOR('',#6130,1.);
#6130 = DIRECTION('',(1.,0.,0.));
#6131 = ORIENTED_EDGE('',*,*,#4925,.F.);
#6132 = PLANE('',#6133);
#6133 = AXIS2_PLACEMENT_3D('',#6134,#6135,#6136);
#6134 = CARTESIAN_POINT('',(-0.65,120.,13.9));
#6135 = DIRECTION('',(0.,1.,0.));
#6136 = DIRECTION('',(0.,0.,1.));
#6137 = ADVANCED_FACE('',(#6138),#6156,.T.);
#6138 = FACE_BOUND('',#6139,.T.);
#6139 = EDGE_LOOP('',(#6140,#6148,#6154,#6155));
#6140 = ORIENTED_EDGE('',*,*,#6141,.F.);
#6141 = EDGE_CURVE('',#6142,#6119,#6144,.T.);
#6142 = VERTEX_POINT('',#6143);
#6143 = CARTESIAN_POINT('',(-0.65,110.,15.9));
#6144 = LINE('',#6145,#6146);
#6145 = CARTESIAN_POINT('',(-0.65,110.,15.9));
#6146 = VECTOR('',#6147,1.);
#6147 = DIRECTION('',(0.,1.,0.));
#6148 = ORIENTED_EDGE('',*,*,#6149,.T.);
#6149 = EDGE_CURVE('',#6142,#4910,#6150,.T.);
#6150 = LINE('',#6151,#6152);
#6151 = CARTESIAN_POINT('',(-0.65,110.,15.9));
#6152 = VECTOR('',#6153,1.);
#6153 = DIRECTION('',(1.,0.,0.));
#6154 = ORIENTED_EDGE('',*,*,#4917,.T.);
#6155 = ORIENTED_EDGE('',*,*,#6126,.F.);
#6156 = PLANE('',#6157);
#6157 = AXIS2_PLACEMENT_3D('',#6158,#6159,#6160);
#6158 = CARTESIAN_POINT('',(-0.65,110.,15.9));
#6159 = DIRECTION('',(0.,0.,1.));
#6160 = DIRECTION('',(1.,0.,0.));
#6161 = ADVANCED_FACE('',(#6162),#6173,.F.);
#6162 = FACE_BOUND('',#6163,.F.);
#6163 = EDGE_LOOP('',(#6164,#6165,#6171,#6172));
#6164 = ORIENTED_EDGE('',*,*,#6096,.F.);
#6165 = ORIENTED_EDGE('',*,*,#6166,.T.);
#6166 = EDGE_CURVE('',#6087,#6142,#6167,.T.);
#6167 = LINE('',#6168,#6169);
#6168 = CARTESIAN_POINT('',(-0.65,110.,13.9));
#6169 = VECTOR('',#6170,1.);
#6170 = DIRECTION('',(0.,0.,1.));
#6171 = ORIENTED_EDGE('',*,*,#6149,.T.);
#6172 = ORIENTED_EDGE('',*,*,#4909,.F.);
#6173 = PLANE('',#6174);
#6174 = AXIS2_PLACEMENT_3D('',#6175,#6176,#6177);
#6175 = CARTESIAN_POINT('',(-0.65,110.,13.9));
#6176 = DIRECTION('',(0.,1.,0.));
#6177 = DIRECTION('',(0.,0.,1.));
#6178 = ADVANCED_FACE('',(#6179),#6204,.F.);
#6179 = FACE_BOUND('',#6180,.F.);
#6180 = EDGE_LOOP('',(#6181,#6191,#6197,#6198));
#6181 = ORIENTED_EDGE('',*,*,#6182,.F.);
#6182 = EDGE_CURVE('',#6183,#6185,#6187,.T.);
#6183 = VERTEX_POINT('',#6184);
#6184 = CARTESIAN_POINT('',(-0.65,70.,13.9));
#6185 = VERTEX_POINT('',#6186);
#6186 = CARTESIAN_POINT('',(-0.65,80.,13.9));
#6187 = LINE('',#6188,#6189);
#6188 = CARTESIAN_POINT('',(-0.65,70.,13.9));
#6189 = VECTOR('',#6190,1.);
#6190 = DIRECTION('',(0.,1.,0.));
#6191 = ORIENTED_EDGE('',*,*,#6192,.T.);
#6192 = EDGE_CURVE('',#6183,#4934,#6193,.T.);
#6193 = LINE('',#6194,#6195);
#6194 = CARTESIAN_POINT('',(-0.65,70.,13.9));
#6195 = VECTOR('',#6196,1.);
#6196 = DIRECTION('',(1.,0.,0.));
#6197 = ORIENTED_EDGE('',*,*,#4933,.T.);
#6198 = ORIENTED_EDGE('',*,*,#6199,.F.);
#6199 = EDGE_CURVE('',#6185,#4936,#6200,.T.);
#6200 = LINE('',#6201,#6202);
#6201 = CARTESIAN_POINT('',(-0.65,80.,13.9));
#6202 = VECTOR('',#6203,1.);
#6203 = DIRECTION('',(1.,0.,0.));
#6204 = PLANE('',#6205);
#6205 = AXIS2_PLACEMENT_3D('',#6206,#6207,#6208);
#6206 = CARTESIAN_POINT('',(-0.65,70.,13.9));
#6207 = DIRECTION('',(0.,0.,1.));
#6208 = DIRECTION('',(1.,0.,0.));
#6209 = ADVANCED_FACE('',(#6210),#6228,.T.);
#6210 = FACE_BOUND('',#6211,.T.);
#6211 = EDGE_LOOP('',(#6212,#6213,#6221,#6227));
#6212 = ORIENTED_EDGE('',*,*,#6199,.F.);
#6213 = ORIENTED_EDGE('',*,*,#6214,.T.);
#6214 = EDGE_CURVE('',#6185,#6215,#6217,.T.);
#6215 = VERTEX_POINT('',#6216);
#6216 = CARTESIAN_POINT('',(-0.65,80.,15.9));
#6217 = LINE('',#6218,#6219);
#6218 = CARTESIAN_POINT('',(-0.65,80.,13.9));
#6219 = VECTOR('',#6220,1.);
#6220 = DIRECTION('',(0.,0.,1.));
#6221 = ORIENTED_EDGE('',*,*,#6222,.T.);
#6222 = EDGE_CURVE('',#6215,#4952,#6223,.T.);
#6223 = LINE('',#6224,#6225);
#6224 = CARTESIAN_POINT('',(-0.65,80.,15.9));
#6225 = VECTOR('',#6226,1.);
#6226 = DIRECTION('',(1.,0.,0.));
#6227 = ORIENTED_EDGE('',*,*,#4959,.F.);
#6228 = PLANE('',#6229);
#6229 = AXIS2_PLACEMENT_3D('',#6230,#6231,#6232);
#6230 = CARTESIAN_POINT('',(-0.65,80.,13.9));
#6231 = DIRECTION('',(0.,1.,0.));
#6232 = DIRECTION('',(0.,0.,1.));
#6233 = ADVANCED_FACE('',(#6234),#6252,.T.);
#6234 = FACE_BOUND('',#6235,.T.);
#6235 = EDGE_LOOP('',(#6236,#6244,#6250,#6251));
#6236 = ORIENTED_EDGE('',*,*,#6237,.F.);
#6237 = EDGE_CURVE('',#6238,#6215,#6240,.T.);
#6238 = VERTEX_POINT('',#6239);
#6239 = CARTESIAN_POINT('',(-0.65,70.,15.9));
#6240 = LINE('',#6241,#6242);
#6241 = CARTESIAN_POINT('',(-0.65,70.,15.9));
#6242 = VECTOR('',#6243,1.);
#6243 = DIRECTION('',(0.,1.,0.));
#6244 = ORIENTED_EDGE('',*,*,#6245,.T.);
#6245 = EDGE_CURVE('',#6238,#4944,#6246,.T.);
#6246 = LINE('',#6247,#6248);
#6247 = CARTESIAN_POINT('',(-0.65,70.,15.9));
#6248 = VECTOR('',#6249,1.);
#6249 = DIRECTION('',(1.,0.,0.));
#6250 = ORIENTED_EDGE('',*,*,#4951,.T.);
#6251 = ORIENTED_EDGE('',*,*,#6222,.F.);
#6252 = PLANE('',#6253);
#6253 = AXIS2_PLACEMENT_3D('',#6254,#6255,#6256);
#6254 = CARTESIAN_POINT('',(-0.65,70.,15.9));
#6255 = DIRECTION('',(0.,0.,1.));
#6256 = DIRECTION('',(1.,0.,0.));
#6257 = ADVANCED_FACE('',(#6258),#6269,.F.);
#6258 = FACE_BOUND('',#6259,.F.);
#6259 = EDGE_LOOP('',(#6260,#6261,#6267,#6268));
#6260 = ORIENTED_EDGE('',*,*,#6192,.F.);
#6261 = ORIENTED_EDGE('',*,*,#6262,.T.);
#6262 = EDGE_CURVE('',#6183,#6238,#6263,.T.);
#6263 = LINE('',#6264,#6265);
#6264 = CARTESIAN_POINT('',(-0.65,70.,13.9));
#6265 = VECTOR('',#6266,1.);
#6266 = DIRECTION('',(0.,0.,1.));
#6267 = ORIENTED_EDGE('',*,*,#6245,.T.);
#6268 = ORIENTED_EDGE('',*,*,#4943,.F.);
#6269 = PLANE('',#6270);
#6270 = AXIS2_PLACEMENT_3D('',#6271,#6272,#6273);
#6271 = CARTESIAN_POINT('',(-0.65,70.,13.9));
#6272 = DIRECTION('',(0.,1.,0.));
#6273 = DIRECTION('',(0.,0.,1.));
#6274 = ADVANCED_FACE('',(#6275),#6300,.F.);
#6275 = FACE_BOUND('',#6276,.F.);
#6276 = EDGE_LOOP('',(#6277,#6287,#6293,#6294));
#6277 = ORIENTED_EDGE('',*,*,#6278,.F.);
#6278 = EDGE_CURVE('',#6279,#6281,#6283,.T.);
#6279 = VERTEX_POINT('',#6280);
#6280 = CARTESIAN_POINT('',(-0.65,30.,13.9));
#6281 = VERTEX_POINT('',#6282);
#6282 = CARTESIAN_POINT('',(-0.65,40.,13.9));
#6283 = LINE('',#6284,#6285);
#6284 = CARTESIAN_POINT('',(-0.65,30.,13.9));
#6285 = VECTOR('',#6286,1.);
#6286 = DIRECTION('',(0.,1.,0.));
#6287 = ORIENTED_EDGE('',*,*,#6288,.T.);
#6288 = EDGE_CURVE('',#6279,#4968,#6289,.T.);
#6289 = LINE('',#6290,#6291);
#6290 = CARTESIAN_POINT('',(-0.65,30.,13.9));
#6291 = VECTOR('',#6292,1.);
#6292 = DIRECTION('',(1.,0.,0.));
#6293 = ORIENTED_EDGE('',*,*,#4967,.T.);
#6294 = ORIENTED_EDGE('',*,*,#6295,.F.);
#6295 = EDGE_CURVE('',#6281,#4970,#6296,.T.);
#6296 = LINE('',#6297,#6298);
#6297 = CARTESIAN_POINT('',(-0.65,40.,13.9));
#6298 = VECTOR('',#6299,1.);
#6299 = DIRECTION('',(1.,0.,0.));
#6300 = PLANE('',#6301);
#6301 = AXIS2_PLACEMENT_3D('',#6302,#6303,#6304);
#6302 = CARTESIAN_POINT('',(-0.65,30.,13.9));
#6303 = DIRECTION('',(0.,0.,1.));
#6304 = DIRECTION('',(1.,0.,0.));
#6305 = ADVANCED_FACE('',(#6306),#6324,.T.);
#6306 = FACE_BOUND('',#6307,.T.);
#6307 = EDGE_LOOP('',(#6308,#6309,#6317,#6323));
#6308 = ORIENTED_EDGE('',*,*,#6295,.F.);
#6309 = ORIENTED_EDGE('',*,*,#6310,.T.);
#6310 = EDGE_CURVE('',#6281,#6311,#6313,.T.);
#6311 = VERTEX_POINT('',#6312);
#6312 = CARTESIAN_POINT('',(-0.65,40.,15.9));
#6313 = LINE('',#6314,#6315);
#6314 = CARTESIAN_POINT('',(-0.65,40.,13.9));
#6315 = VECTOR('',#6316,1.);
#6316 = DIRECTION('',(0.,0.,1.));
#6317 = ORIENTED_EDGE('',*,*,#6318,.T.);
#6318 = EDGE_CURVE('',#6311,#4986,#6319,.T.);
#6319 = LINE('',#6320,#6321);
#6320 = CARTESIAN_POINT('',(-0.65,40.,15.9));
#6321 = VECTOR('',#6322,1.);
#6322 = DIRECTION('',(1.,0.,0.));
#6323 = ORIENTED_EDGE('',*,*,#4993,.F.);
#6324 = PLANE('',#6325);
#6325 = AXIS2_PLACEMENT_3D('',#6326,#6327,#6328);
#6326 = CARTESIAN_POINT('',(-0.65,40.,13.9));
#6327 = DIRECTION('',(0.,1.,0.));
#6328 = DIRECTION('',(0.,0.,1.));
#6329 = ADVANCED_FACE('',(#6330),#6348,.T.);
#6330 = FACE_BOUND('',#6331,.T.);
#6331 = EDGE_LOOP('',(#6332,#6340,#6346,#6347));
#6332 = ORIENTED_EDGE('',*,*,#6333,.F.);
#6333 = EDGE_CURVE('',#6334,#6311,#6336,.T.);
#6334 = VERTEX_POINT('',#6335);
#6335 = CARTESIAN_POINT('',(-0.65,30.,15.9));
#6336 = LINE('',#6337,#6338);
#6337 = CARTESIAN_POINT('',(-0.65,30.,15.9));
#6338 = VECTOR('',#6339,1.);
#6339 = DIRECTION('',(0.,1.,0.));
#6340 = ORIENTED_EDGE('',*,*,#6341,.T.);
#6341 = EDGE_CURVE('',#6334,#4978,#6342,.T.);
#6342 = LINE('',#6343,#6344);
#6343 = CARTESIAN_POINT('',(-0.65,30.,15.9));
#6344 = VECTOR('',#6345,1.);
#6345 = DIRECTION('',(1.,0.,0.));
#6346 = ORIENTED_EDGE('',*,*,#4985,.T.);
#6347 = ORIENTED_EDGE('',*,*,#6318,.F.);
#6348 = PLANE('',#6349);
#6349 = AXIS2_PLACEMENT_3D('',#6350,#6351,#6352);
#6350 = CARTESIAN_POINT('',(-0.65,30.,15.9));
#6351 = DIRECTION('',(0.,0.,1.));
#6352 = DIRECTION('',(1.,0.,0.));
#6353 = ADVANCED_FACE('',(#6354),#6365,.F.);
#6354 = FACE_BOUND('',#6355,.F.);
#6355 = EDGE_LOOP('',(#6356,#6357,#6363,#6364));
#6356 = ORIENTED_EDGE('',*,*,#6288,.F.);
#6357 = ORIENTED_EDGE('',*,*,#6358,.T.);
#6358 = EDGE_CURVE('',#6279,#6334,#6359,.T.);
#6359 = LINE('',#6360,#6361);
#6360 = CARTESIAN_POINT('',(-0.65,30.,13.9));
#6361 = VECTOR('',#6362,1.);
#6362 = DIRECTION('',(0.,0.,1.));
#6363 = ORIENTED_EDGE('',*,*,#6341,.T.);
#6364 = ORIENTED_EDGE('',*,*,#4977,.F.);
#6365 = PLANE('',#6366);
#6366 = AXIS2_PLACEMENT_3D('',#6367,#6368,#6369);
#6367 = CARTESIAN_POINT('',(-0.65,30.,13.9));
#6368 = DIRECTION('',(0.,1.,0.));
#6369 = DIRECTION('',(0.,0.,1.));
#6370 = ADVANCED_FACE('',(#6371),#6396,.F.);
#6371 = FACE_BOUND('',#6372,.F.);
#6372 = EDGE_LOOP('',(#6373,#6374,#6382,#6390));
#6373 = ORIENTED_EDGE('',*,*,#5050,.F.);
#6374 = ORIENTED_EDGE('',*,*,#6375,.T.);
#6375 = EDGE_CURVE('',#5051,#6376,#6378,.T.);
#6376 = VERTEX_POINT('',#6377);
#6377 = CARTESIAN_POINT('',(5.,151.85,13.9));
#6378 = LINE('',#6379,#6380);
#6379 = CARTESIAN_POINT('',(5.,150.85,13.9));
#6380 = VECTOR('',#6381,1.);
#6381 = DIRECTION('',(0.,1.,0.));
#6382 = ORIENTED_EDGE('',*,*,#6383,.T.);
#6383 = EDGE_CURVE('',#6376,#6384,#6386,.T.);
#6384 = VERTEX_POINT('',#6385);
#6385 = CARTESIAN_POINT('',(5.,151.85,15.9));
#6386 = LINE('',#6387,#6388);
#6387 = CARTESIAN_POINT('',(5.,151.85,13.9));
#6388 = VECTOR('',#6389,1.);
#6389 = DIRECTION('',(0.,0.,1.));
#6390 = ORIENTED_EDGE('',*,*,#6391,.F.);
#6391 = EDGE_CURVE('',#5053,#6384,#6392,.T.);
#6392 = LINE('',#6393,#6394);
#6393 = CARTESIAN_POINT('',(5.,150.85,15.9));
#6394 = VECTOR('',#6395,1.);
#6395 = DIRECTION('',(0.,1.,0.));
#6396 = PLANE('',#6397);
#6397 = AXIS2_PLACEMENT_3D('',#6398,#6399,#6400);
#6398 = CARTESIAN_POINT('',(5.,150.85,13.9));
#6399 = DIRECTION('',(1.,0.,0.));
#6400 = DIRECTION('',(0.,0.,1.));
#6401 = ADVANCED_FACE('',(#6402),#6420,.T.);
#6402 = FACE_BOUND('',#6403,.T.);
#6403 = EDGE_LOOP('',(#6404,#6405,#6406,#6414));
#6404 = ORIENTED_EDGE('',*,*,#6391,.F.);
#6405 = ORIENTED_EDGE('',*,*,#5076,.T.);
#6406 = ORIENTED_EDGE('',*,*,#6407,.T.);
#6407 = EDGE_CURVE('',#5069,#6408,#6410,.T.);
#6408 = VERTEX_POINT('',#6409);
#6409 = CARTESIAN_POINT('',(15.,151.85,15.9));
#6410 = LINE('',#6411,#6412);
#6411 = CARTESIAN_POINT('',(15.,150.85,15.9));
#6412 = VECTOR('',#6413,1.);
#6413 = DIRECTION('',(0.,1.,0.));
#6414 = ORIENTED_EDGE('',*,*,#6415,.F.);
#6415 = EDGE_CURVE('',#6384,#6408,#6416,.T.);
#6416 = LINE('',#6417,#6418);
#6417 = CARTESIAN_POINT('',(5.,151.85,15.9));
#6418 = VECTOR('',#6419,1.);
#6419 = DIRECTION('',(1.,0.,0.));
#6420 = PLANE('',#6421);
#6421 = AXIS2_PLACEMENT_3D('',#6422,#6423,#6424);
#6422 = CARTESIAN_POINT('',(5.,150.85,15.9));
#6423 = DIRECTION('',(0.,0.,1.));
#6424 = DIRECTION('',(1.,0.,0.));
#6425 = ADVANCED_FACE('',(#6426),#6444,.T.);
#6426 = FACE_BOUND('',#6427,.T.);
#6427 = EDGE_LOOP('',(#6428,#6429,#6437,#6443));
#6428 = ORIENTED_EDGE('',*,*,#5068,.F.);
#6429 = ORIENTED_EDGE('',*,*,#6430,.T.);
#6430 = EDGE_CURVE('',#5061,#6431,#6433,.T.);
#6431 = VERTEX_POINT('',#6432);
#6432 = CARTESIAN_POINT('',(15.,151.85,13.9));
#6433 = LINE('',#6434,#6435);
#6434 = CARTESIAN_POINT('',(15.,150.85,13.9));
#6435 = VECTOR('',#6436,1.);
#6436 = DIRECTION('',(0.,1.,0.));
#6437 = ORIENTED_EDGE('',*,*,#6438,.T.);
#6438 = EDGE_CURVE('',#6431,#6408,#6439,.T.);
#6439 = LINE('',#6440,#6441);
#6440 = CARTESIAN_POINT('',(15.,151.85,13.9));
#6441 = VECTOR('',#6442,1.);
#6442 = DIRECTION('',(0.,0.,1.));
#6443 = ORIENTED_EDGE('',*,*,#6407,.F.);
#6444 = PLANE('',#6445);
#6445 = AXIS2_PLACEMENT_3D('',#6446,#6447,#6448);
#6446 = CARTESIAN_POINT('',(15.,150.85,13.9));
#6447 = DIRECTION('',(1.,0.,0.));
#6448 = DIRECTION('',(0.,0.,1.));
#6449 = ADVANCED_FACE('',(#6450),#6461,.F.);
#6450 = FACE_BOUND('',#6451,.F.);
#6451 = EDGE_LOOP('',(#6452,#6453,#6454,#6455));
#6452 = ORIENTED_EDGE('',*,*,#6375,.F.);
#6453 = ORIENTED_EDGE('',*,*,#5060,.T.);
#6454 = ORIENTED_EDGE('',*,*,#6430,.T.);
#6455 = ORIENTED_EDGE('',*,*,#6456,.F.);
#6456 = EDGE_CURVE('',#6376,#6431,#6457,.T.);
#6457 = LINE('',#6458,#6459);
#6458 = CARTESIAN_POINT('',(5.,151.85,13.9));
#6459 = VECTOR('',#6460,1.);
#6460 = DIRECTION('',(1.,0.,0.));
#6461 = PLANE('',#6462);
#6462 = AXIS2_PLACEMENT_3D('',#6463,#6464,#6465);
#6463 = CARTESIAN_POINT('',(5.,150.85,13.9));
#6464 = DIRECTION('',(0.,0.,1.));
#6465 = DIRECTION('',(1.,0.,0.));
#6466 = ADVANCED_FACE('',(#6467),#6492,.F.);
#6467 = FACE_BOUND('',#6468,.F.);
#6468 = EDGE_LOOP('',(#6469,#6470,#6478,#6486));
#6469 = ORIENTED_EDGE('',*,*,#5084,.F.);
#6470 = ORIENTED_EDGE('',*,*,#6471,.T.);
#6471 = EDGE_CURVE('',#5085,#6472,#6474,.T.);
#6472 = VERTEX_POINT('',#6473);
#6473 = CARTESIAN_POINT('',(35.,151.85,13.9));
#6474 = LINE('',#6475,#6476);
#6475 = CARTESIAN_POINT('',(35.,150.85,13.9));
#6476 = VECTOR('',#6477,1.);
#6477 = DIRECTION('',(0.,1.,0.));
#6478 = ORIENTED_EDGE('',*,*,#6479,.T.);
#6479 = EDGE_CURVE('',#6472,#6480,#6482,.T.);
#6480 = VERTEX_POINT('',#6481);
#6481 = CARTESIAN_POINT('',(35.,151.85,15.9));
#6482 = LINE('',#6483,#6484);
#6483 = CARTESIAN_POINT('',(35.,151.85,13.9));
#6484 = VECTOR('',#6485,1.);
#6485 = DIRECTION('',(0.,0.,1.));
#6486 = ORIENTED_EDGE('',*,*,#6487,.F.);
#6487 = EDGE_CURVE('',#5087,#6480,#6488,.T.);
#6488 = LINE('',#6489,#6490);
#6489 = CARTESIAN_POINT('',(35.,150.85,15.9));
#6490 = VECTOR('',#6491,1.);
#6491 = DIRECTION('',(0.,1.,0.));
#6492 = PLANE('',#6493);
#6493 = AXIS2_PLACEMENT_3D('',#6494,#6495,#6496);
#6494 = CARTESIAN_POINT('',(35.,150.85,13.9));
#6495 = DIRECTION('',(1.,0.,0.));
#6496 = DIRECTION('',(0.,0.,1.));
#6497 = ADVANCED_FACE('',(#6498),#6516,.T.);
#6498 = FACE_BOUND('',#6499,.T.);
#6499 = EDGE_LOOP('',(#6500,#6501,#6502,#6510));
#6500 = ORIENTED_EDGE('',*,*,#6487,.F.);
#6501 = ORIENTED_EDGE('',*,*,#5110,.T.);
#6502 = ORIENTED_EDGE('',*,*,#6503,.T.);
#6503 = EDGE_CURVE('',#5103,#6504,#6506,.T.);
#6504 = VERTEX_POINT('',#6505);
#6505 = CARTESIAN_POINT('',(45.,151.85,15.9));
#6506 = LINE('',#6507,#6508);
#6507 = CARTESIAN_POINT('',(45.,150.85,15.9));
#6508 = VECTOR('',#6509,1.);
#6509 = DIRECTION('',(0.,1.,0.));
#6510 = ORIENTED_EDGE('',*,*,#6511,.F.);
#6511 = EDGE_CURVE('',#6480,#6504,#6512,.T.);
#6512 = LINE('',#6513,#6514);
#6513 = CARTESIAN_POINT('',(35.,151.85,15.9));
#6514 = VECTOR('',#6515,1.);
#6515 = DIRECTION('',(1.,0.,0.));
#6516 = PLANE('',#6517);
#6517 = AXIS2_PLACEMENT_3D('',#6518,#6519,#6520);
#6518 = CARTESIAN_POINT('',(35.,150.85,15.9));
#6519 = DIRECTION('',(0.,0.,1.));
#6520 = DIRECTION('',(1.,0.,0.));
#6521 = ADVANCED_FACE('',(#6522),#6540,.T.);
#6522 = FACE_BOUND('',#6523,.T.);
#6523 = EDGE_LOOP('',(#6524,#6525,#6533,#6539));
#6524 = ORIENTED_EDGE('',*,*,#5102,.F.);
#6525 = ORIENTED_EDGE('',*,*,#6526,.T.);
#6526 = EDGE_CURVE('',#5095,#6527,#6529,.T.);
#6527 = VERTEX_POINT('',#6528);
#6528 = CARTESIAN_POINT('',(45.,151.85,13.9));
#6529 = LINE('',#6530,#6531);
#6530 = CARTESIAN_POINT('',(45.,150.85,13.9));
#6531 = VECTOR('',#6532,1.);
#6532 = DIRECTION('',(0.,1.,0.));
#6533 = ORIENTED_EDGE('',*,*,#6534,.T.);
#6534 = EDGE_CURVE('',#6527,#6504,#6535,.T.);
#6535 = LINE('',#6536,#6537);
#6536 = CARTESIAN_POINT('',(45.,151.85,13.9));
#6537 = VECTOR('',#6538,1.);
#6538 = DIRECTION('',(0.,0.,1.));
#6539 = ORIENTED_EDGE('',*,*,#6503,.F.);
#6540 = PLANE('',#6541);
#6541 = AXIS2_PLACEMENT_3D('',#6542,#6543,#6544);
#6542 = CARTESIAN_POINT('',(45.,150.85,13.9));
#6543 = DIRECTION('',(1.,0.,0.));
#6544 = DIRECTION('',(0.,0.,1.));
#6545 = ADVANCED_FACE('',(#6546),#6557,.F.);
#6546 = FACE_BOUND('',#6547,.F.);
#6547 = EDGE_LOOP('',(#6548,#6549,#6550,#6551));
#6548 = ORIENTED_EDGE('',*,*,#6471,.F.);
#6549 = ORIENTED_EDGE('',*,*,#5094,.T.);
#6550 = ORIENTED_EDGE('',*,*,#6526,.T.);
#6551 = ORIENTED_EDGE('',*,*,#6552,.F.);
#6552 = EDGE_CURVE('',#6472,#6527,#6553,.T.);
#6553 = LINE('',#6554,#6555);
#6554 = CARTESIAN_POINT('',(35.,151.85,13.9));
#6555 = VECTOR('',#6556,1.);
#6556 = DIRECTION('',(1.,0.,0.));
#6557 = PLANE('',#6558);
#6558 = AXIS2_PLACEMENT_3D('',#6559,#6560,#6561);
#6559 = CARTESIAN_POINT('',(35.,150.85,13.9));
#6560 = DIRECTION('',(0.,0.,1.));
#6561 = DIRECTION('',(1.,0.,0.));
#6562 = ADVANCED_FACE('',(#6563),#6588,.F.);
#6563 = FACE_BOUND('',#6564,.F.);
#6564 = EDGE_LOOP('',(#6565,#6566,#6574,#6582));
#6565 = ORIENTED_EDGE('',*,*,#5118,.F.);
#6566 = ORIENTED_EDGE('',*,*,#6567,.T.);
#6567 = EDGE_CURVE('',#5119,#6568,#6570,.T.);
#6568 = VERTEX_POINT('',#6569);
#6569 = CARTESIAN_POINT('',(49.,151.85,13.9));
#6570 = LINE('',#6571,#6572);
#6571 = CARTESIAN_POINT('',(49.,150.85,13.9));
#6572 = VECTOR('',#6573,1.);
#6573 = DIRECTION('',(0.,1.,0.));
#6574 = ORIENTED_EDGE('',*,*,#6575,.T.);
#6575 = EDGE_CURVE('',#6568,#6576,#6578,.T.);
#6576 = VERTEX_POINT('',#6577);
#6577 = CARTESIAN_POINT('',(49.,151.85,15.9));
#6578 = LINE('',#6579,#6580);
#6579 = CARTESIAN_POINT('',(49.,151.85,13.9));
#6580 = VECTOR('',#6581,1.);
#6581 = DIRECTION('',(0.,0.,1.));
#6582 = ORIENTED_EDGE('',*,*,#6583,.F.);
#6583 = EDGE_CURVE('',#5121,#6576,#6584,.T.);
#6584 = LINE('',#6585,#6586);
#6585 = CARTESIAN_POINT('',(49.,150.85,15.9));
#6586 = VECTOR('',#6587,1.);
#6587 = DIRECTION('',(0.,1.,0.));
#6588 = PLANE('',#6589);
#6589 = AXIS2_PLACEMENT_3D('',#6590,#6591,#6592);
#6590 = CARTESIAN_POINT('',(49.,150.85,13.9));
#6591 = DIRECTION('',(1.,0.,0.));
#6592 = DIRECTION('',(0.,0.,1.));
#6593 = ADVANCED_FACE('',(#6594),#6612,.T.);
#6594 = FACE_BOUND('',#6595,.T.);
#6595 = EDGE_LOOP('',(#6596,#6597,#6598,#6606));
#6596 = ORIENTED_EDGE('',*,*,#6583,.F.);
#6597 = ORIENTED_EDGE('',*,*,#5144,.T.);
#6598 = ORIENTED_EDGE('',*,*,#6599,.T.);
#6599 = EDGE_CURVE('',#5137,#6600,#6602,.T.);
#6600 = VERTEX_POINT('',#6601);
#6601 = CARTESIAN_POINT('',(59.,151.85,15.9));
#6602 = LINE('',#6603,#6604);
#6603 = CARTESIAN_POINT('',(59.,150.85,15.9));
#6604 = VECTOR('',#6605,1.);
#6605 = DIRECTION('',(0.,1.,0.));
#6606 = ORIENTED_EDGE('',*,*,#6607,.F.);
#6607 = EDGE_CURVE('',#6576,#6600,#6608,.T.);
#6608 = LINE('',#6609,#6610);
#6609 = CARTESIAN_POINT('',(49.,151.85,15.9));
#6610 = VECTOR('',#6611,1.);
#6611 = DIRECTION('',(1.,0.,0.));
#6612 = PLANE('',#6613);
#6613 = AXIS2_PLACEMENT_3D('',#6614,#6615,#6616);
#6614 = CARTESIAN_POINT('',(49.,150.85,15.9));
#6615 = DIRECTION('',(0.,0.,1.));
#6616 = DIRECTION('',(1.,0.,0.));
#6617 = ADVANCED_FACE('',(#6618),#6636,.T.);
#6618 = FACE_BOUND('',#6619,.T.);
#6619 = EDGE_LOOP('',(#6620,#6621,#6629,#6635));
#6620 = ORIENTED_EDGE('',*,*,#5136,.F.);
#6621 = ORIENTED_EDGE('',*,*,#6622,.T.);
#6622 = EDGE_CURVE('',#5129,#6623,#6625,.T.);
#6623 = VERTEX_POINT('',#6624);
#6624 = CARTESIAN_POINT('',(59.,151.85,13.9));
#6625 = LINE('',#6626,#6627);
#6626 = CARTESIAN_POINT('',(59.,150.85,13.9));
#6627 = VECTOR('',#6628,1.);
#6628 = DIRECTION('',(0.,1.,0.));
#6629 = ORIENTED_EDGE('',*,*,#6630,.T.);
#6630 = EDGE_CURVE('',#6623,#6600,#6631,.T.);
#6631 = LINE('',#6632,#6633);
#6632 = CARTESIAN_POINT('',(59.,151.85,13.9));
#6633 = VECTOR('',#6634,1.);
#6634 = DIRECTION('',(0.,0.,1.));
#6635 = ORIENTED_EDGE('',*,*,#6599,.F.);
#6636 = PLANE('',#6637);
#6637 = AXIS2_PLACEMENT_3D('',#6638,#6639,#6640);
#6638 = CARTESIAN_POINT('',(59.,150.85,13.9));
#6639 = DIRECTION('',(1.,0.,0.));
#6640 = DIRECTION('',(0.,0.,1.));
#6641 = ADVANCED_FACE('',(#6642),#6653,.F.);
#6642 = FACE_BOUND('',#6643,.F.);
#6643 = EDGE_LOOP('',(#6644,#6645,#6646,#6647));
#6644 = ORIENTED_EDGE('',*,*,#6567,.F.);
#6645 = ORIENTED_EDGE('',*,*,#5128,.T.);
#6646 = ORIENTED_EDGE('',*,*,#6622,.T.);
#6647 = ORIENTED_EDGE('',*,*,#6648,.F.);
#6648 = EDGE_CURVE('',#6568,#6623,#6649,.T.);
#6649 = LINE('',#6650,#6651);
#6650 = CARTESIAN_POINT('',(49.,151.85,13.9));
#6651 = VECTOR('',#6652,1.);
#6652 = DIRECTION('',(1.,0.,0.));
#6653 = PLANE('',#6654);
#6654 = AXIS2_PLACEMENT_3D('',#6655,#6656,#6657);
#6655 = CARTESIAN_POINT('',(49.,150.85,13.9));
#6656 = DIRECTION('',(0.,0.,1.));
#6657 = DIRECTION('',(1.,0.,0.));
#6658 = ADVANCED_FACE('',(#6659),#6684,.F.);
#6659 = FACE_BOUND('',#6660,.F.);
#6660 = EDGE_LOOP('',(#6661,#6662,#6670,#6678));
#6661 = ORIENTED_EDGE('',*,*,#5201,.F.);
#6662 = ORIENTED_EDGE('',*,*,#6663,.T.);
#6663 = EDGE_CURVE('',#5202,#6664,#6666,.T.);
#6664 = VERTEX_POINT('',#6665);
#6665 = CARTESIAN_POINT('',(64.65,110.,13.9));
#6666 = LINE('',#6667,#6668);
#6667 = CARTESIAN_POINT('',(63.65,110.,13.9));
#6668 = VECTOR('',#6669,1.);
#6669 = DIRECTION('',(1.,0.,0.));
#6670 = ORIENTED_EDGE('',*,*,#6671,.T.);
#6671 = EDGE_CURVE('',#6664,#6672,#6674,.T.);
#6672 = VERTEX_POINT('',#6673);
#6673 = CARTESIAN_POINT('',(64.65,120.,13.9));
#6674 = LINE('',#6675,#6676);
#6675 = CARTESIAN_POINT('',(64.65,110.,13.9));
#6676 = VECTOR('',#6677,1.);
#6677 = DIRECTION('',(0.,1.,0.));
#6678 = ORIENTED_EDGE('',*,*,#6679,.F.);
#6679 = EDGE_CURVE('',#5204,#6672,#6680,.T.);
#6680 = LINE('',#6681,#6682);
#6681 = CARTESIAN_POINT('',(63.65,120.,13.9));
#6682 = VECTOR('',#6683,1.);
#6683 = DIRECTION('',(1.,0.,0.));
#6684 = PLANE('',#6685);
#6685 = AXIS2_PLACEMENT_3D('',#6686,#6687,#6688);
#6686 = CARTESIAN_POINT('',(63.65,110.,13.9));
#6687 = DIRECTION('',(0.,0.,1.));
#6688 = DIRECTION('',(1.,0.,0.));
#6689 = ADVANCED_FACE('',(#6690),#6708,.T.);
#6690 = FACE_BOUND('',#6691,.T.);
#6691 = EDGE_LOOP('',(#6692,#6693,#6694,#6702));
#6692 = ORIENTED_EDGE('',*,*,#6679,.F.);
#6693 = ORIENTED_EDGE('',*,*,#5227,.T.);
#6694 = ORIENTED_EDGE('',*,*,#6695,.T.);
#6695 = EDGE_CURVE('',#5220,#6696,#6698,.T.);
#6696 = VERTEX_POINT('',#6697);
#6697 = CARTESIAN_POINT('',(64.65,120.,15.9));
#6698 = LINE('',#6699,#6700);
#6699 = CARTESIAN_POINT('',(63.65,120.,15.9));
#6700 = VECTOR('',#6701,1.);
#6701 = DIRECTION('',(1.,0.,0.));
#6702 = ORIENTED_EDGE('',*,*,#6703,.F.);
#6703 = EDGE_CURVE('',#6672,#6696,#6704,.T.);
#6704 = LINE('',#6705,#6706);
#6705 = CARTESIAN_POINT('',(64.65,120.,13.9));
#6706 = VECTOR('',#6707,1.);
#6707 = DIRECTION('',(0.,0.,1.));
#6708 = PLANE('',#6709);
#6709 = AXIS2_PLACEMENT_3D('',#6710,#6711,#6712);
#6710 = CARTESIAN_POINT('',(63.65,120.,13.9));
#6711 = DIRECTION('',(0.,1.,0.));
#6712 = DIRECTION('',(0.,0.,1.));
#6713 = ADVANCED_FACE('',(#6714),#6732,.T.);
#6714 = FACE_BOUND('',#6715,.T.);
#6715 = EDGE_LOOP('',(#6716,#6717,#6725,#6731));
#6716 = ORIENTED_EDGE('',*,*,#5219,.F.);
#6717 = ORIENTED_EDGE('',*,*,#6718,.T.);
#6718 = EDGE_CURVE('',#5212,#6719,#6721,.T.);
#6719 = VERTEX_POINT('',#6720);
#6720 = CARTESIAN_POINT('',(64.65,110.,15.9));
#6721 = LINE('',#6722,#6723);
#6722 = CARTESIAN_POINT('',(63.65,110.,15.9));
#6723 = VECTOR('',#6724,1.);
#6724 = DIRECTION('',(1.,0.,0.));
#6725 = ORIENTED_EDGE('',*,*,#6726,.T.);
#6726 = EDGE_CURVE('',#6719,#6696,#6727,.T.);
#6727 = LINE('',#6728,#6729);
#6728 = CARTESIAN_POINT('',(64.65,110.,15.9));
#6729 = VECTOR('',#6730,1.);
#6730 = DIRECTION('',(0.,1.,0.));
#6731 = ORIENTED_EDGE('',*,*,#6695,.F.);
#6732 = PLANE('',#6733);
#6733 = AXIS2_PLACEMENT_3D('',#6734,#6735,#6736);
#6734 = CARTESIAN_POINT('',(63.65,110.,15.9));
#6735 = DIRECTION('',(0.,0.,1.));
#6736 = DIRECTION('',(1.,0.,0.));
#6737 = ADVANCED_FACE('',(#6738),#6749,.F.);
#6738 = FACE_BOUND('',#6739,.F.);
#6739 = EDGE_LOOP('',(#6740,#6741,#6742,#6743));
#6740 = ORIENTED_EDGE('',*,*,#6663,.F.);
#6741 = ORIENTED_EDGE('',*,*,#5211,.T.);
#6742 = ORIENTED_EDGE('',*,*,#6718,.T.);
#6743 = ORIENTED_EDGE('',*,*,#6744,.F.);
#6744 = EDGE_CURVE('',#6664,#6719,#6745,.T.);
#6745 = LINE('',#6746,#6747);
#6746 = CARTESIAN_POINT('',(64.65,110.,13.9));
#6747 = VECTOR('',#6748,1.);
#6748 = DIRECTION('',(0.,0.,1.));
#6749 = PLANE('',#6750);
#6750 = AXIS2_PLACEMENT_3D('',#6751,#6752,#6753);
#6751 = CARTESIAN_POINT('',(63.65,110.,13.9));
#6752 = DIRECTION('',(0.,1.,0.));
#6753 = DIRECTION('',(0.,0.,1.));
#6754 = ADVANCED_FACE('',(#6755),#6780,.F.);
#6755 = FACE_BOUND('',#6756,.F.);
#6756 = EDGE_LOOP('',(#6757,#6758,#6766,#6774));
#6757 = ORIENTED_EDGE('',*,*,#5235,.F.);
#6758 = ORIENTED_EDGE('',*,*,#6759,.T.);
#6759 = EDGE_CURVE('',#5236,#6760,#6762,.T.);
#6760 = VERTEX_POINT('',#6761);
#6761 = CARTESIAN_POINT('',(64.65,70.,13.9));
#6762 = LINE('',#6763,#6764);
#6763 = CARTESIAN_POINT('',(63.65,70.,13.9));
#6764 = VECTOR('',#6765,1.);
#6765 = DIRECTION('',(1.,0.,0.));
#6766 = ORIENTED_EDGE('',*,*,#6767,.T.);
#6767 = EDGE_CURVE('',#6760,#6768,#6770,.T.);
#6768 = VERTEX_POINT('',#6769);
#6769 = CARTESIAN_POINT('',(64.65,80.,13.9));
#6770 = LINE('',#6771,#6772);
#6771 = CARTESIAN_POINT('',(64.65,70.,13.9));
#6772 = VECTOR('',#6773,1.);
#6773 = DIRECTION('',(0.,1.,0.));
#6774 = ORIENTED_EDGE('',*,*,#6775,.F.);
#6775 = EDGE_CURVE('',#5238,#6768,#6776,.T.);
#6776 = LINE('',#6777,#6778);
#6777 = CARTESIAN_POINT('',(63.65,80.,13.9));
#6778 = VECTOR('',#6779,1.);
#6779 = DIRECTION('',(1.,0.,0.));
#6780 = PLANE('',#6781);
#6781 = AXIS2_PLACEMENT_3D('',#6782,#6783,#6784);
#6782 = CARTESIAN_POINT('',(63.65,70.,13.9));
#6783 = DIRECTION('',(0.,0.,1.));
#6784 = DIRECTION('',(1.,0.,0.));
#6785 = ADVANCED_FACE('',(#6786),#6804,.T.);
#6786 = FACE_BOUND('',#6787,.T.);
#6787 = EDGE_LOOP('',(#6788,#6789,#6790,#6798));
#6788 = ORIENTED_EDGE('',*,*,#6775,.F.);
#6789 = ORIENTED_EDGE('',*,*,#5261,.T.);
#6790 = ORIENTED_EDGE('',*,*,#6791,.T.);
#6791 = EDGE_CURVE('',#5254,#6792,#6794,.T.);
#6792 = VERTEX_POINT('',#6793);
#6793 = CARTESIAN_POINT('',(64.65,80.,15.9));
#6794 = LINE('',#6795,#6796);
#6795 = CARTESIAN_POINT('',(63.65,80.,15.9));
#6796 = VECTOR('',#6797,1.);
#6797 = DIRECTION('',(1.,0.,0.));
#6798 = ORIENTED_EDGE('',*,*,#6799,.F.);
#6799 = EDGE_CURVE('',#6768,#6792,#6800,.T.);
#6800 = LINE('',#6801,#6802);
#6801 = CARTESIAN_POINT('',(64.65,80.,13.9));
#6802 = VECTOR('',#6803,1.);
#6803 = DIRECTION('',(0.,0.,1.));
#6804 = PLANE('',#6805);
#6805 = AXIS2_PLACEMENT_3D('',#6806,#6807,#6808);
#6806 = CARTESIAN_POINT('',(63.65,80.,13.9));
#6807 = DIRECTION('',(0.,1.,0.));
#6808 = DIRECTION('',(0.,0.,1.));
#6809 = ADVANCED_FACE('',(#6810),#6828,.T.);
#6810 = FACE_BOUND('',#6811,.T.);
#6811 = EDGE_LOOP('',(#6812,#6813,#6821,#6827));
#6812 = ORIENTED_EDGE('',*,*,#5253,.F.);
#6813 = ORIENTED_EDGE('',*,*,#6814,.T.);
#6814 = EDGE_CURVE('',#5246,#6815,#6817,.T.);
#6815 = VERTEX_POINT('',#6816);
#6816 = CARTESIAN_POINT('',(64.65,70.,15.9));
#6817 = LINE('',#6818,#6819);
#6818 = CARTESIAN_POINT('',(63.65,70.,15.9));
#6819 = VECTOR('',#6820,1.);
#6820 = DIRECTION('',(1.,0.,0.));
#6821 = ORIENTED_EDGE('',*,*,#6822,.T.);
#6822 = EDGE_CURVE('',#6815,#6792,#6823,.T.);
#6823 = LINE('',#6824,#6825);
#6824 = CARTESIAN_POINT('',(64.65,70.,15.9));
#6825 = VECTOR('',#6826,1.);
#6826 = DIRECTION('',(0.,1.,0.));
#6827 = ORIENTED_EDGE('',*,*,#6791,.F.);
#6828 = PLANE('',#6829);
#6829 = AXIS2_PLACEMENT_3D('',#6830,#6831,#6832);
#6830 = CARTESIAN_POINT('',(63.65,70.,15.9));
#6831 = DIRECTION('',(0.,0.,1.));
#6832 = DIRECTION('',(1.,0.,0.));
#6833 = ADVANCED_FACE('',(#6834),#6845,.F.);
#6834 = FACE_BOUND('',#6835,.F.);
#6835 = EDGE_LOOP('',(#6836,#6837,#6838,#6839));
#6836 = ORIENTED_EDGE('',*,*,#6759,.F.);
#6837 = ORIENTED_EDGE('',*,*,#5245,.T.);
#6838 = ORIENTED_EDGE('',*,*,#6814,.T.);
#6839 = ORIENTED_EDGE('',*,*,#6840,.F.);
#6840 = EDGE_CURVE('',#6760,#6815,#6841,.T.);
#6841 = LINE('',#6842,#6843);
#6842 = CARTESIAN_POINT('',(64.65,70.,13.9));
#6843 = VECTOR('',#6844,1.);
#6844 = DIRECTION('',(0.,0.,1.));
#6845 = PLANE('',#6846);
#6846 = AXIS2_PLACEMENT_3D('',#6847,#6848,#6849);
#6847 = CARTESIAN_POINT('',(63.65,70.,13.9));
#6848 = DIRECTION('',(0.,1.,0.));
#6849 = DIRECTION('',(0.,0.,1.));
#6850 = ADVANCED_FACE('',(#6851),#6876,.F.);
#6851 = FACE_BOUND('',#6852,.F.);
#6852 = EDGE_LOOP('',(#6853,#6854,#6862,#6870));
#6853 = ORIENTED_EDGE('',*,*,#5269,.F.);
#6854 = ORIENTED_EDGE('',*,*,#6855,.T.);
#6855 = EDGE_CURVE('',#5270,#6856,#6858,.T.);
#6856 = VERTEX_POINT('',#6857);
#6857 = CARTESIAN_POINT('',(64.65,30.,13.9));
#6858 = LINE('',#6859,#6860);
#6859 = CARTESIAN_POINT('',(63.65,30.,13.9));
#6860 = VECTOR('',#6861,1.);
#6861 = DIRECTION('',(1.,0.,0.));
#6862 = ORIENTED_EDGE('',*,*,#6863,.T.);
#6863 = EDGE_CURVE('',#6856,#6864,#6866,.T.);
#6864 = VERTEX_POINT('',#6865);
#6865 = CARTESIAN_POINT('',(64.65,40.,13.9));
#6866 = LINE('',#6867,#6868);
#6867 = CARTESIAN_POINT('',(64.65,30.,13.9));
#6868 = VECTOR('',#6869,1.);
#6869 = DIRECTION('',(0.,1.,0.));
#6870 = ORIENTED_EDGE('',*,*,#6871,.F.);
#6871 = EDGE_CURVE('',#5272,#6864,#6872,.T.);
#6872 = LINE('',#6873,#6874);
#6873 = CARTESIAN_POINT('',(63.65,40.,13.9));
#6874 = VECTOR('',#6875,1.);
#6875 = DIRECTION('',(1.,0.,0.));
#6876 = PLANE('',#6877);
#6877 = AXIS2_PLACEMENT_3D('',#6878,#6879,#6880);
#6878 = CARTESIAN_POINT('',(63.65,30.,13.9));
#6879 = DIRECTION('',(0.,0.,1.));
#6880 = DIRECTION('',(1.,0.,0.));
#6881 = ADVANCED_FACE('',(#6882),#6900,.T.);
#6882 = FACE_BOUND('',#6883,.T.);
#6883 = EDGE_LOOP('',(#6884,#6885,#6886,#6894));
#6884 = ORIENTED_EDGE('',*,*,#6871,.F.);
#6885 = ORIENTED_EDGE('',*,*,#5295,.T.);
#6886 = ORIENTED_EDGE('',*,*,#6887,.T.);
#6887 = EDGE_CURVE('',#5288,#6888,#6890,.T.);
#6888 = VERTEX_POINT('',#6889);
#6889 = CARTESIAN_POINT('',(64.65,40.,15.9));
#6890 = LINE('',#6891,#6892);
#6891 = CARTESIAN_POINT('',(63.65,40.,15.9));
#6892 = VECTOR('',#6893,1.);
#6893 = DIRECTION('',(1.,0.,0.));
#6894 = ORIENTED_EDGE('',*,*,#6895,.F.);
#6895 = EDGE_CURVE('',#6864,#6888,#6896,.T.);
#6896 = LINE('',#6897,#6898);
#6897 = CARTESIAN_POINT('',(64.65,40.,13.9));
#6898 = VECTOR('',#6899,1.);
#6899 = DIRECTION('',(0.,0.,1.));
#6900 = PLANE('',#6901);
#6901 = AXIS2_PLACEMENT_3D('',#6902,#6903,#6904);
#6902 = CARTESIAN_POINT('',(63.65,40.,13.9));
#6903 = DIRECTION('',(0.,1.,0.));
#6904 = DIRECTION('',(0.,0.,1.));
#6905 = ADVANCED_FACE('',(#6906),#6924,.T.);
#6906 = FACE_BOUND('',#6907,.T.);
#6907 = EDGE_LOOP('',(#6908,#6909,#6917,#6923));
#6908 = ORIENTED_EDGE('',*,*,#5287,.F.);
#6909 = ORIENTED_EDGE('',*,*,#6910,.T.);
#6910 = EDGE_CURVE('',#5280,#6911,#6913,.T.);
#6911 = VERTEX_POINT('',#6912);
#6912 = CARTESIAN_POINT('',(64.65,30.,15.9));
#6913 = LINE('',#6914,#6915);
#6914 = CARTESIAN_POINT('',(63.65,30.,15.9));
#6915 = VECTOR('',#6916,1.);
#6916 = DIRECTION('',(1.,0.,0.));
#6917 = ORIENTED_EDGE('',*,*,#6918,.T.);
#6918 = EDGE_CURVE('',#6911,#6888,#6919,.T.);
#6919 = LINE('',#6920,#6921);
#6920 = CARTESIAN_POINT('',(64.65,30.,15.9));
#6921 = VECTOR('',#6922,1.);
#6922 = DIRECTION('',(0.,1.,0.));
#6923 = ORIENTED_EDGE('',*,*,#6887,.F.);
#6924 = PLANE('',#6925);
#6925 = AXIS2_PLACEMENT_3D('',#6926,#6927,#6928);
#6926 = CARTESIAN_POINT('',(63.65,30.,15.9));
#6927 = DIRECTION('',(0.,0.,1.));
#6928 = DIRECTION('',(1.,0.,0.));
#6929 = ADVANCED_FACE('',(#6930),#6941,.F.);
#6930 = FACE_BOUND('',#6931,.F.);
#6931 = EDGE_LOOP('',(#6932,#6933,#6934,#6935));
#6932 = ORIENTED_EDGE('',*,*,#6855,.F.);
#6933 = ORIENTED_EDGE('',*,*,#5279,.T.);
#6934 = ORIENTED_EDGE('',*,*,#6910,.T.);
#6935 = ORIENTED_EDGE('',*,*,#6936,.F.);
#6936 = EDGE_CURVE('',#6856,#6911,#6937,.T.);
#6937 = LINE('',#6938,#6939);
#6938 = CARTESIAN_POINT('',(64.65,30.,13.9));
#6939 = VECTOR('',#6940,1.);
#6940 = DIRECTION('',(0.,0.,1.));
#6941 = PLANE('',#6942);
#6942 = AXIS2_PLACEMENT_3D('',#6943,#6944,#6945);
#6943 = CARTESIAN_POINT('',(63.65,30.,13.9));
#6944 = DIRECTION('',(0.,1.,0.));
#6945 = DIRECTION('',(0.,0.,1.));
#6946 = ADVANCED_FACE('',(#6947),#6972,.T.);
#6947 = FACE_BOUND('',#6948,.T.);
#6948 = EDGE_LOOP('',(#6949,#6957,#6958,#6966));
#6949 = ORIENTED_EDGE('',*,*,#6950,.F.);
#6950 = EDGE_CURVE('',#5319,#6951,#6953,.T.);
#6951 = VERTEX_POINT('',#6952);
#6952 = CARTESIAN_POINT('',(62.,0.35,13.9));
#6953 = LINE('',#6954,#6955);
#6954 = CARTESIAN_POINT('',(52.,0.35,13.9));
#6955 = VECTOR('',#6956,1.);
#6956 = DIRECTION('',(1.,0.,0.));
#6957 = ORIENTED_EDGE('',*,*,#5318,.T.);
#6958 = ORIENTED_EDGE('',*,*,#6959,.T.);
#6959 = EDGE_CURVE('',#5311,#6960,#6962,.T.);
#6960 = VERTEX_POINT('',#6961);
#6961 = CARTESIAN_POINT('',(62.,0.35,15.9));
#6962 = LINE('',#6963,#6964);
#6963 = CARTESIAN_POINT('',(52.,0.35,15.9));
#6964 = VECTOR('',#6965,1.);
#6965 = DIRECTION('',(1.,0.,0.));
#6966 = ORIENTED_EDGE('',*,*,#6967,.F.);
#6967 = EDGE_CURVE('',#6951,#6960,#6968,.T.);
#6968 = LINE('',#6969,#6970);
#6969 = CARTESIAN_POINT('',(62.,0.35,13.9));
#6970 = VECTOR('',#6971,1.);
#6971 = DIRECTION('',(0.,0.,1.));
#6972 = PLANE('',#6973);
#6973 = AXIS2_PLACEMENT_3D('',#6974,#6975,#6976);
#6974 = CARTESIAN_POINT('',(52.,0.35,13.9));
#6975 = DIRECTION('',(0.,1.,0.));
#6976 = DIRECTION('',(0.,0.,1.));
#6977 = ADVANCED_FACE('',(#6978),#7004,.F.);
#6978 = FACE_BOUND('',#6979,.F.);
#6979 = EDGE_LOOP('',(#6980,#6988,#6996,#7002,#7003));
#6980 = ORIENTED_EDGE('',*,*,#6981,.F.);
#6981 = EDGE_CURVE('',#6982,#5375,#6984,.T.);
#6982 = VERTEX_POINT('',#6983);
#6983 = CARTESIAN_POINT('',(52.,-0.65,13.9));
#6984 = LINE('',#6985,#6986);
#6985 = CARTESIAN_POINT('',(52.,-0.65,13.9));
#6986 = VECTOR('',#6987,1.);
#6987 = DIRECTION('',(0.,1.,0.));
#6988 = ORIENTED_EDGE('',*,*,#6989,.T.);
#6989 = EDGE_CURVE('',#6982,#6990,#6992,.T.);
#6990 = VERTEX_POINT('',#6991);
#6991 = CARTESIAN_POINT('',(62.,-0.65,13.9));
#6992 = LINE('',#6993,#6994);
#6993 = CARTESIAN_POINT('',(52.,-0.65,13.9));
#6994 = VECTOR('',#6995,1.);
#6995 = DIRECTION('',(1.,0.,0.));
#6996 = ORIENTED_EDGE('',*,*,#6997,.T.);
#6997 = EDGE_CURVE('',#6990,#6951,#6998,.T.);
#6998 = LINE('',#6999,#7000);
#6999 = CARTESIAN_POINT('',(62.,-0.65,13.9));
#7000 = VECTOR('',#7001,1.);
#7001 = DIRECTION('',(0.,1.,0.));
#7002 = ORIENTED_EDGE('',*,*,#6950,.F.);
#7003 = ORIENTED_EDGE('',*,*,#5382,.F.);
#7004 = PLANE('',#7005);
#7005 = AXIS2_PLACEMENT_3D('',#7006,#7007,#7008);
#7006 = CARTESIAN_POINT('',(52.,-0.65,13.9));
#7007 = DIRECTION('',(0.,0.,1.));
#7008 = DIRECTION('',(1.,0.,0.));
#7009 = ADVANCED_FACE('',(#7010),#7028,.F.);
#7010 = FACE_BOUND('',#7011,.F.);
#7011 = EDGE_LOOP('',(#7012,#7020,#7021,#7022));
#7012 = ORIENTED_EDGE('',*,*,#7013,.F.);
#7013 = EDGE_CURVE('',#6982,#7014,#7016,.T.);
#7014 = VERTEX_POINT('',#7015);
#7015 = CARTESIAN_POINT('',(52.,-0.65,15.9));
#7016 = LINE('',#7017,#7018);
#7017 = CARTESIAN_POINT('',(52.,-0.65,13.9));
#7018 = VECTOR('',#7019,1.);
#7019 = DIRECTION('',(0.,0.,1.));
#7020 = ORIENTED_EDGE('',*,*,#6981,.T.);
#7021 = ORIENTED_EDGE('',*,*,#5374,.T.);
#7022 = ORIENTED_EDGE('',*,*,#7023,.F.);
#7023 = EDGE_CURVE('',#7014,#5367,#7024,.T.);
#7024 = LINE('',#7025,#7026);
#7025 = CARTESIAN_POINT('',(52.,-0.65,15.9));
#7026 = VECTOR('',#7027,1.);
#7027 = DIRECTION('',(0.,1.,0.));
#7028 = PLANE('',#7029);
#7029 = AXIS2_PLACEMENT_3D('',#7030,#7031,#7032);
#7030 = CARTESIAN_POINT('',(52.,-0.65,13.9));
#7031 = DIRECTION('',(1.,0.,0.));
#7032 = DIRECTION('',(0.,0.,1.));
#7033 = ADVANCED_FACE('',(#7034),#7053,.T.);
#7034 = FACE_BOUND('',#7035,.T.);
#7035 = EDGE_LOOP('',(#7036,#7037,#7045,#7051,#7052));
#7036 = ORIENTED_EDGE('',*,*,#7023,.F.);
#7037 = ORIENTED_EDGE('',*,*,#7038,.T.);
#7038 = EDGE_CURVE('',#7014,#7039,#7041,.T.);
#7039 = VERTEX_POINT('',#7040);
#7040 = CARTESIAN_POINT('',(62.,-0.65,15.9));
#7041 = LINE('',#7042,#7043);
#7042 = CARTESIAN_POINT('',(52.,-0.65,15.9));
#7043 = VECTOR('',#7044,1.);
#7044 = DIRECTION('',(1.,0.,0.));
#7045 = ORIENTED_EDGE('',*,*,#7046,.T.);
#7046 = EDGE_CURVE('',#7039,#6960,#7047,.T.);
#7047 = LINE('',#7048,#7049);
#7048 = CARTESIAN_POINT('',(62.,-0.65,15.9));
#7049 = VECTOR('',#7050,1.);
#7050 = DIRECTION('',(0.,1.,0.));
#7051 = ORIENTED_EDGE('',*,*,#6959,.F.);
#7052 = ORIENTED_EDGE('',*,*,#5366,.F.);
#7053 = PLANE('',#7054);
#7054 = AXIS2_PLACEMENT_3D('',#7055,#7056,#7057);
#7055 = CARTESIAN_POINT('',(52.,-0.65,15.9));
#7056 = DIRECTION('',(0.,0.,1.));
#7057 = DIRECTION('',(1.,0.,0.));
#7058 = ADVANCED_FACE('',(#7059),#7084,.F.);
#7059 = FACE_BOUND('',#7060,.F.);
#7060 = EDGE_LOOP('',(#7061,#7071,#7077,#7078));
#7061 = ORIENTED_EDGE('',*,*,#7062,.F.);
#7062 = EDGE_CURVE('',#7063,#7065,#7067,.T.);
#7063 = VERTEX_POINT('',#7064);
#7064 = CARTESIAN_POINT('',(23.,-0.65,13.9));
#7065 = VERTEX_POINT('',#7066);
#7066 = CARTESIAN_POINT('',(23.,-0.65,15.9));
#7067 = LINE('',#7068,#7069);
#7068 = CARTESIAN_POINT('',(23.,-0.65,13.9));
#7069 = VECTOR('',#7070,1.);
#7070 = DIRECTION('',(0.,0.,1.));
#7071 = ORIENTED_EDGE('',*,*,#7072,.T.);
#7072 = EDGE_CURVE('',#7063,#5392,#7073,.T.);
#7073 = LINE('',#7074,#7075);
#7074 = CARTESIAN_POINT('',(23.,-0.65,13.9));
#7075 = VECTOR('',#7076,1.);
#7076 = DIRECTION('',(0.,1.,0.));
#7077 = ORIENTED_EDGE('',*,*,#5391,.T.);
#7078 = ORIENTED_EDGE('',*,*,#7079,.F.);
#7079 = EDGE_CURVE('',#7065,#5394,#7080,.T.);
#7080 = LINE('',#7081,#7082);
#7081 = CARTESIAN_POINT('',(23.,-0.65,15.9));
#7082 = VECTOR('',#7083,1.);
#7083 = DIRECTION('',(0.,1.,0.));
#7084 = PLANE('',#7085);
#7085 = AXIS2_PLACEMENT_3D('',#7086,#7087,#7088);
#7086 = CARTESIAN_POINT('',(23.,-0.65,13.9));
#7087 = DIRECTION('',(1.,0.,0.));
#7088 = DIRECTION('',(0.,0.,1.));
#7089 = ADVANCED_FACE('',(#7090),#7108,.T.);
#7090 = FACE_BOUND('',#7091,.T.);
#7091 = EDGE_LOOP('',(#7092,#7093,#7101,#7107));
#7092 = ORIENTED_EDGE('',*,*,#7079,.F.);
#7093 = ORIENTED_EDGE('',*,*,#7094,.T.);
#7094 = EDGE_CURVE('',#7065,#7095,#7097,.T.);
#7095 = VERTEX_POINT('',#7096);
#7096 = CARTESIAN_POINT('',(33.,-0.65,15.9));
#7097 = LINE('',#7098,#7099);
#7098 = CARTESIAN_POINT('',(23.,-0.65,15.9));
#7099 = VECTOR('',#7100,1.);
#7100 = DIRECTION('',(1.,0.,0.));
#7101 = ORIENTED_EDGE('',*,*,#7102,.T.);
#7102 = EDGE_CURVE('',#7095,#5410,#7103,.T.);
#7103 = LINE('',#7104,#7105);
#7104 = CARTESIAN_POINT('',(33.,-0.65,15.9));
#7105 = VECTOR('',#7106,1.);
#7106 = DIRECTION('',(0.,1.,0.));
#7107 = ORIENTED_EDGE('',*,*,#5417,.F.);
#7108 = PLANE('',#7109);
#7109 = AXIS2_PLACEMENT_3D('',#7110,#7111,#7112);
#7110 = CARTESIAN_POINT('',(23.,-0.65,15.9));
#7111 = DIRECTION('',(0.,0.,1.));
#7112 = DIRECTION('',(1.,0.,0.));
#7113 = ADVANCED_FACE('',(#7114),#7132,.T.);
#7114 = FACE_BOUND('',#7115,.T.);
#7115 = EDGE_LOOP('',(#7116,#7124,#7130,#7131));
#7116 = ORIENTED_EDGE('',*,*,#7117,.F.);
#7117 = EDGE_CURVE('',#7118,#7095,#7120,.T.);
#7118 = VERTEX_POINT('',#7119);
#7119 = CARTESIAN_POINT('',(33.,-0.65,13.9));
#7120 = LINE('',#7121,#7122);
#7121 = CARTESIAN_POINT('',(33.,-0.65,13.9));
#7122 = VECTOR('',#7123,1.);
#7123 = DIRECTION('',(0.,0.,1.));
#7124 = ORIENTED_EDGE('',*,*,#7125,.T.);
#7125 = EDGE_CURVE('',#7118,#5402,#7126,.T.);
#7126 = LINE('',#7127,#7128);
#7127 = CARTESIAN_POINT('',(33.,-0.65,13.9));
#7128 = VECTOR('',#7129,1.);
#7129 = DIRECTION('',(0.,1.,0.));
#7130 = ORIENTED_EDGE('',*,*,#5409,.T.);
#7131 = ORIENTED_EDGE('',*,*,#7102,.F.);
#7132 = PLANE('',#7133);
#7133 = AXIS2_PLACEMENT_3D('',#7134,#7135,#7136);
#7134 = CARTESIAN_POINT('',(33.,-0.65,13.9));
#7135 = DIRECTION('',(1.,0.,0.));
#7136 = DIRECTION('',(0.,0.,1.));
#7137 = ADVANCED_FACE('',(#7138),#7149,.F.);
#7138 = FACE_BOUND('',#7139,.F.);
#7139 = EDGE_LOOP('',(#7140,#7141,#7147,#7148));
#7140 = ORIENTED_EDGE('',*,*,#7072,.F.);
#7141 = ORIENTED_EDGE('',*,*,#7142,.T.);
#7142 = EDGE_CURVE('',#7063,#7118,#7143,.T.);
#7143 = LINE('',#7144,#7145);
#7144 = CARTESIAN_POINT('',(23.,-0.65,13.9));
#7145 = VECTOR('',#7146,1.);
#7146 = DIRECTION('',(1.,0.,0.));
#7147 = ORIENTED_EDGE('',*,*,#7125,.T.);
#7148 = ORIENTED_EDGE('',*,*,#5401,.F.);
#7149 = PLANE('',#7150);
#7150 = AXIS2_PLACEMENT_3D('',#7151,#7152,#7153);
#7151 = CARTESIAN_POINT('',(23.,-0.65,13.9));
#7152 = DIRECTION('',(0.,0.,1.));
#7153 = DIRECTION('',(1.,0.,0.));
#7154 = ADVANCED_FACE('',(#7155,#7257,#7267,#7270,#7273,#7276,#7279,
    #7282,#7285),#7288,.T.);
#7155 = FACE_BOUND('',#7156,.T.);
#7156 = EDGE_LOOP('',(#7157,#7168,#7176,#7185,#7193,#7201,#7209,#7217,
    #7225,#7234,#7242,#7251));
#7157 = ORIENTED_EDGE('',*,*,#7158,.F.);
#7158 = EDGE_CURVE('',#7159,#7161,#7163,.T.);
#7159 = VERTEX_POINT('',#7160);
#7160 = CARTESIAN_POINT('',(1.55,2.6,16.4));
#7161 = VERTEX_POINT('',#7162);
#7162 = CARTESIAN_POINT('',(2.6,1.55,16.4));
#7163 = CIRCLE('',#7164,1.05);
#7164 = AXIS2_PLACEMENT_3D('',#7165,#7166,#7167);
#7165 = CARTESIAN_POINT('',(2.6,2.6,16.4));
#7166 = DIRECTION('',(0.,0.,1.));
#7167 = DIRECTION('',(1.,0.,0.));
#7168 = ORIENTED_EDGE('',*,*,#7169,.T.);
#7169 = EDGE_CURVE('',#7159,#7170,#7172,.T.);
#7170 = VERTEX_POINT('',#7171);
#7171 = CARTESIAN_POINT('',(1.55,148.6,16.4));
#7172 = LINE('',#7173,#7174);
#7173 = CARTESIAN_POINT('',(1.55,39.1,16.4));
#7174 = VECTOR('',#7175,1.);
#7175 = DIRECTION('',(0.,1.,0.));
#7176 = ORIENTED_EDGE('',*,*,#7177,.F.);
#7177 = EDGE_CURVE('',#7178,#7170,#7180,.T.);
#7178 = VERTEX_POINT('',#7179);
#7179 = CARTESIAN_POINT('',(2.6,149.65,16.4));
#7180 = CIRCLE('',#7181,1.05);
#7181 = AXIS2_PLACEMENT_3D('',#7182,#7183,#7184);
#7182 = CARTESIAN_POINT('',(2.6,148.6,16.4));
#7183 = DIRECTION('',(0.,0.,1.));
#7184 = DIRECTION('',(1.,0.,0.));
#7185 = ORIENTED_EDGE('',*,*,#7186,.F.);
#7186 = EDGE_CURVE('',#7187,#7178,#7189,.T.);
#7187 = VERTEX_POINT('',#7188);
#7188 = CARTESIAN_POINT('',(3.2,149.65,16.4));
#7189 = LINE('',#7190,#7191);
#7190 = CARTESIAN_POINT('',(17.3,149.65,16.4));
#7191 = VECTOR('',#7192,1.);
#7192 = DIRECTION('',(-1.,0.,0.));
#7193 = ORIENTED_EDGE('',*,*,#7194,.F.);
#7194 = EDGE_CURVE('',#7195,#7187,#7197,.T.);
#7195 = VERTEX_POINT('',#7196);
#7196 = CARTESIAN_POINT('',(3.2,57.5,16.4));
#7197 = LINE('',#7198,#7199);
#7198 = CARTESIAN_POINT('',(3.2,57.5,16.4));
#7199 = VECTOR('',#7200,1.);
#7200 = DIRECTION('',(0.,1.,0.));
#7201 = ORIENTED_EDGE('',*,*,#7202,.T.);
#7202 = EDGE_CURVE('',#7195,#7203,#7205,.T.);
#7203 = VERTEX_POINT('',#7204);
#7204 = CARTESIAN_POINT('',(60.8,57.5,16.4));
#7205 = LINE('',#7206,#7207);
#7206 = CARTESIAN_POINT('',(3.2,57.5,16.4));
#7207 = VECTOR('',#7208,1.);
#7208 = DIRECTION('',(1.,0.,0.));
#7209 = ORIENTED_EDGE('',*,*,#7210,.T.);
#7210 = EDGE_CURVE('',#7203,#7211,#7213,.T.);
#7211 = VERTEX_POINT('',#7212);
#7212 = CARTESIAN_POINT('',(60.8,149.65,16.4));
#7213 = LINE('',#7214,#7215);
#7214 = CARTESIAN_POINT('',(60.8,57.5,16.4));
#7215 = VECTOR('',#7216,1.);
#7216 = DIRECTION('',(0.,1.,0.));
#7217 = ORIENTED_EDGE('',*,*,#7218,.F.);
#7218 = EDGE_CURVE('',#7219,#7211,#7221,.T.);
#7219 = VERTEX_POINT('',#7220);
#7220 = CARTESIAN_POINT('',(61.4,149.65,16.4));
#7221 = LINE('',#7222,#7223);
#7222 = CARTESIAN_POINT('',(17.3,149.65,16.4));
#7223 = VECTOR('',#7224,1.);
#7224 = DIRECTION('',(-1.,0.,0.));
#7225 = ORIENTED_EDGE('',*,*,#7226,.F.);
#7226 = EDGE_CURVE('',#7227,#7219,#7229,.T.);
#7227 = VERTEX_POINT('',#7228);
#7228 = CARTESIAN_POINT('',(62.45,148.6,16.4));
#7229 = CIRCLE('',#7230,1.05);
#7230 = AXIS2_PLACEMENT_3D('',#7231,#7232,#7233);
#7231 = CARTESIAN_POINT('',(61.4,148.6,16.4));
#7232 = DIRECTION('',(0.,0.,1.));
#7233 = DIRECTION('',(1.,0.,0.));
#7234 = ORIENTED_EDGE('',*,*,#7235,.F.);
#7235 = EDGE_CURVE('',#7236,#7227,#7238,.T.);
#7236 = VERTEX_POINT('',#7237);
#7237 = CARTESIAN_POINT('',(62.45,2.6,16.4));
#7238 = LINE('',#7239,#7240);
#7239 = CARTESIAN_POINT('',(62.45,39.1,16.4));
#7240 = VECTOR('',#7241,1.);
#7241 = DIRECTION('',(0.,1.,0.));
#7242 = ORIENTED_EDGE('',*,*,#7243,.F.);
#7243 = EDGE_CURVE('',#7244,#7236,#7246,.T.);
#7244 = VERTEX_POINT('',#7245);
#7245 = CARTESIAN_POINT('',(61.4,1.55,16.4));
#7246 = CIRCLE('',#7247,1.05);
#7247 = AXIS2_PLACEMENT_3D('',#7248,#7249,#7250);
#7248 = CARTESIAN_POINT('',(61.4,2.6,16.4));
#7249 = DIRECTION('',(0.,0.,1.));
#7250 = DIRECTION('',(1.,0.,0.));
#7251 = ORIENTED_EDGE('',*,*,#7252,.T.);
#7252 = EDGE_CURVE('',#7244,#7161,#7253,.T.);
#7253 = LINE('',#7254,#7255);
#7254 = CARTESIAN_POINT('',(17.3,1.55,16.4));
#7255 = VECTOR('',#7256,1.);
#7256 = DIRECTION('',(-1.,0.,0.));
#7257 = FACE_BOUND('',#7258,.T.);
#7258 = EDGE_LOOP('',(#7259,#7260,#7261,#7262,#7263,#7264,#7265,#7266));
#7259 = ORIENTED_EDGE('',*,*,#5888,.T.);
#7260 = ORIENTED_EDGE('',*,*,#5717,.T.);
#7261 = ORIENTED_EDGE('',*,*,#5740,.T.);
#7262 = ORIENTED_EDGE('',*,*,#5766,.T.);
#7263 = ORIENTED_EDGE('',*,*,#5790,.F.);
#7264 = ORIENTED_EDGE('',*,*,#5815,.T.);
#7265 = ORIENTED_EDGE('',*,*,#5838,.F.);
#7266 = ORIENTED_EDGE('',*,*,#5864,.T.);
#7267 = FACE_BOUND('',#7268,.T.);
#7268 = EDGE_LOOP('',(#7269));
#7269 = ORIENTED_EDGE('',*,*,#5617,.T.);
#7270 = FACE_BOUND('',#7271,.T.);
#7271 = EDGE_LOOP('',(#7272));
#7272 = ORIENTED_EDGE('',*,*,#5567,.T.);
#7273 = FACE_BOUND('',#7274,.T.);
#7274 = EDGE_LOOP('',(#7275));
#7275 = ORIENTED_EDGE('',*,*,#5692,.T.);
#7276 = FACE_BOUND('',#7277,.T.);
#7277 = EDGE_LOOP('',(#7278));
#7278 = ORIENTED_EDGE('',*,*,#5592,.T.);
#7279 = FACE_BOUND('',#7280,.T.);
#7280 = EDGE_LOOP('',(#7281));
#7281 = ORIENTED_EDGE('',*,*,#5542,.T.);
#7282 = FACE_BOUND('',#7283,.T.);
#7283 = EDGE_LOOP('',(#7284));
#7284 = ORIENTED_EDGE('',*,*,#5667,.T.);
#7285 = FACE_BOUND('',#7286,.T.);
#7286 = EDGE_LOOP('',(#7287));
#7287 = ORIENTED_EDGE('',*,*,#5642,.T.);
#7288 = PLANE('',#7289);
#7289 = AXIS2_PLACEMENT_3D('',#7290,#7291,#7292);
#7290 = CARTESIAN_POINT('',(32.,75.6,16.4));
#7291 = DIRECTION('',(-0.,-0.,-1.));
#7292 = DIRECTION('',(-1.,0.,0.));
#7293 = ADVANCED_FACE('',(#7294,#7328),#7334,.F.);
#7294 = FACE_BOUND('',#7295,.F.);
#7295 = EDGE_LOOP('',(#7296,#7306,#7314,#7322));
#7296 = ORIENTED_EDGE('',*,*,#7297,.F.);
#7297 = EDGE_CURVE('',#7298,#7300,#7302,.T.);
#7298 = VERTEX_POINT('',#7299);
#7299 = CARTESIAN_POINT('',(3.2,57.5,14.8));
#7300 = VERTEX_POINT('',#7301);
#7301 = CARTESIAN_POINT('',(3.2,149.65,14.8));
#7302 = LINE('',#7303,#7304);
#7303 = CARTESIAN_POINT('',(3.2,57.5,14.8));
#7304 = VECTOR('',#7305,1.);
#7305 = DIRECTION('',(0.,1.,0.));
#7306 = ORIENTED_EDGE('',*,*,#7307,.T.);
#7307 = EDGE_CURVE('',#7298,#7308,#7310,.T.);
#7308 = VERTEX_POINT('',#7309);
#7309 = CARTESIAN_POINT('',(60.8,57.5,14.8));
#7310 = LINE('',#7311,#7312);
#7311 = CARTESIAN_POINT('',(3.2,57.5,14.8));
#7312 = VECTOR('',#7313,1.);
#7313 = DIRECTION('',(1.,0.,0.));
#7314 = ORIENTED_EDGE('',*,*,#7315,.T.);
#7315 = EDGE_CURVE('',#7308,#7316,#7318,.T.);
#7316 = VERTEX_POINT('',#7317);
#7317 = CARTESIAN_POINT('',(60.8,149.65,14.8));
#7318 = LINE('',#7319,#7320);
#7319 = CARTESIAN_POINT('',(60.8,57.5,14.8));
#7320 = VECTOR('',#7321,1.);
#7321 = DIRECTION('',(0.,1.,0.));
#7322 = ORIENTED_EDGE('',*,*,#7323,.F.);
#7323 = EDGE_CURVE('',#7300,#7316,#7324,.T.);
#7324 = LINE('',#7325,#7326);
#7325 = CARTESIAN_POINT('',(2.9,149.65,14.8));
#7326 = VECTOR('',#7327,1.);
#7327 = DIRECTION('',(1.,0.,0.));
#7328 = FACE_BOUND('',#7329,.F.);
#7329 = EDGE_LOOP('',(#7330,#7331,#7332,#7333));
#7330 = ORIENTED_EDGE('',*,*,#5912,.T.);
#7331 = ORIENTED_EDGE('',*,*,#5984,.T.);
#7332 = ORIENTED_EDGE('',*,*,#5960,.F.);
#7333 = ORIENTED_EDGE('',*,*,#5936,.F.);
#7334 = PLANE('',#7335);
#7335 = AXIS2_PLACEMENT_3D('',#7336,#7337,#7338);
#7336 = CARTESIAN_POINT('',(3.2,57.5,14.8));
#7337 = DIRECTION('',(0.,0.,1.));
#7338 = DIRECTION('',(1.,0.,0.));
#7339 = ADVANCED_FACE('',(#7340),#7356,.T.);
#7340 = FACE_BOUND('',#7341,.T.);
#7341 = EDGE_LOOP('',(#7342,#7348,#7349,#7355));
#7342 = ORIENTED_EDGE('',*,*,#7343,.F.);
#7343 = EDGE_CURVE('',#6013,#7159,#7344,.T.);
#7344 = LINE('',#7345,#7346);
#7345 = CARTESIAN_POINT('',(1.55,2.6,12.4));
#7346 = VECTOR('',#7347,1.);
#7347 = DIRECTION('',(0.,0.,1.));
#7348 = ORIENTED_EDGE('',*,*,#6010,.F.);
#7349 = ORIENTED_EDGE('',*,*,#7350,.T.);
#7350 = EDGE_CURVE('',#6011,#7170,#7351,.T.);
#7351 = LINE('',#7352,#7353);
#7352 = CARTESIAN_POINT('',(1.55,148.6,12.4));
#7353 = VECTOR('',#7354,1.);
#7354 = DIRECTION('',(0.,0.,1.));
#7355 = ORIENTED_EDGE('',*,*,#7169,.F.);
#7356 = PLANE('',#7357);
#7357 = AXIS2_PLACEMENT_3D('',#7358,#7359,#7360);
#7358 = CARTESIAN_POINT('',(1.55,2.6,12.4));
#7359 = DIRECTION('',(1.,0.,0.));
#7360 = DIRECTION('',(0.,0.,1.));
#7361 = ADVANCED_FACE('',(#7362),#7373,.F.);
#7362 = FACE_BOUND('',#7363,.F.);
#7363 = EDGE_LOOP('',(#7364,#7365,#7371,#7372));
#7364 = ORIENTED_EDGE('',*,*,#7177,.F.);
#7365 = ORIENTED_EDGE('',*,*,#7366,.F.);
#7366 = EDGE_CURVE('',#6064,#7178,#7367,.T.);
#7367 = LINE('',#7368,#7369);
#7368 = CARTESIAN_POINT('',(2.6,149.65,12.4));
#7369 = VECTOR('',#7370,1.);
#7370 = DIRECTION('',(0.,0.,1.));
#7371 = ORIENTED_EDGE('',*,*,#6071,.T.);
#7372 = ORIENTED_EDGE('',*,*,#7350,.T.);
#7373 = CYLINDRICAL_SURFACE('',#7374,1.05);
#7374 = AXIS2_PLACEMENT_3D('',#7375,#7376,#7377);
#7375 = CARTESIAN_POINT('',(2.6,148.6,12.4));
#7376 = DIRECTION('',(0.,0.,1.));
#7377 = DIRECTION('',(1.,0.,0.));
#7378 = ADVANCED_FACE('',(#7379),#7404,.F.);
#7379 = FACE_BOUND('',#7380,.F.);
#7380 = EDGE_LOOP('',(#7381,#7382,#7383,#7384,#7390,#7391,#7397,#7398));
#7381 = ORIENTED_EDGE('',*,*,#6063,.F.);
#7382 = ORIENTED_EDGE('',*,*,#7366,.T.);
#7383 = ORIENTED_EDGE('',*,*,#7186,.F.);
#7384 = ORIENTED_EDGE('',*,*,#7385,.T.);
#7385 = EDGE_CURVE('',#7187,#7300,#7386,.T.);
#7386 = LINE('',#7387,#7388);
#7387 = CARTESIAN_POINT('',(3.2,149.65,13.6));
#7388 = VECTOR('',#7389,1.);
#7389 = DIRECTION('',(0.,0.,-1.));
#7390 = ORIENTED_EDGE('',*,*,#7323,.T.);
#7391 = ORIENTED_EDGE('',*,*,#7392,.F.);
#7392 = EDGE_CURVE('',#7211,#7316,#7393,.T.);
#7393 = LINE('',#7394,#7395);
#7394 = CARTESIAN_POINT('',(60.8,149.65,13.6));
#7395 = VECTOR('',#7396,1.);
#7396 = DIRECTION('',(0.,0.,-1.));
#7397 = ORIENTED_EDGE('',*,*,#7218,.F.);
#7398 = ORIENTED_EDGE('',*,*,#7399,.F.);
#7399 = EDGE_CURVE('',#6055,#7219,#7400,.T.);
#7400 = LINE('',#7401,#7402);
#7401 = CARTESIAN_POINT('',(61.4,149.65,12.4));
#7402 = VECTOR('',#7403,1.);
#7403 = DIRECTION('',(0.,0.,1.));
#7404 = PLANE('',#7405);
#7405 = AXIS2_PLACEMENT_3D('',#7406,#7407,#7408);
#7406 = CARTESIAN_POINT('',(2.6,149.65,12.4));
#7407 = DIRECTION('',(0.,1.,0.));
#7408 = DIRECTION('',(0.,0.,1.));
#7409 = ADVANCED_FACE('',(#7410),#7421,.F.);
#7410 = FACE_BOUND('',#7411,.F.);
#7411 = EDGE_LOOP('',(#7412,#7413,#7419,#7420));
#7412 = ORIENTED_EDGE('',*,*,#7226,.F.);
#7413 = ORIENTED_EDGE('',*,*,#7414,.F.);
#7414 = EDGE_CURVE('',#6047,#7227,#7415,.T.);
#7415 = LINE('',#7416,#7417);
#7416 = CARTESIAN_POINT('',(62.45,148.6,12.4));
#7417 = VECTOR('',#7418,1.);
#7418 = DIRECTION('',(0.,0.,1.));
#7419 = ORIENTED_EDGE('',*,*,#6054,.T.);
#7420 = ORIENTED_EDGE('',*,*,#7399,.T.);
#7421 = CYLINDRICAL_SURFACE('',#7422,1.05);
#7422 = AXIS2_PLACEMENT_3D('',#7423,#7424,#7425);
#7423 = CARTESIAN_POINT('',(61.4,148.6,12.4));
#7424 = DIRECTION('',(0.,0.,1.));
#7425 = DIRECTION('',(1.,0.,0.));
#7426 = ADVANCED_FACE('',(#7427),#7438,.F.);
#7427 = FACE_BOUND('',#7428,.F.);
#7428 = EDGE_LOOP('',(#7429,#7435,#7436,#7437));
#7429 = ORIENTED_EDGE('',*,*,#7430,.F.);
#7430 = EDGE_CURVE('',#6038,#7236,#7431,.T.);
#7431 = LINE('',#7432,#7433);
#7432 = CARTESIAN_POINT('',(62.45,2.6,12.4));
#7433 = VECTOR('',#7434,1.);
#7434 = DIRECTION('',(0.,0.,1.));
#7435 = ORIENTED_EDGE('',*,*,#6046,.F.);
#7436 = ORIENTED_EDGE('',*,*,#7414,.T.);
#7437 = ORIENTED_EDGE('',*,*,#7235,.F.);
#7438 = PLANE('',#7439);
#7439 = AXIS2_PLACEMENT_3D('',#7440,#7441,#7442);
#7440 = CARTESIAN_POINT('',(62.45,2.6,12.4));
#7441 = DIRECTION('',(1.,0.,0.));
#7442 = DIRECTION('',(0.,0.,1.));
#7443 = ADVANCED_FACE('',(#7444),#7455,.F.);
#7444 = FACE_BOUND('',#7445,.F.);
#7445 = EDGE_LOOP('',(#7446,#7447,#7453,#7454));
#7446 = ORIENTED_EDGE('',*,*,#7243,.F.);
#7447 = ORIENTED_EDGE('',*,*,#7448,.F.);
#7448 = EDGE_CURVE('',#6030,#7244,#7449,.T.);
#7449 = LINE('',#7450,#7451);
#7450 = CARTESIAN_POINT('',(61.4,1.55,12.4));
#7451 = VECTOR('',#7452,1.);
#7452 = DIRECTION('',(0.,0.,1.));
#7453 = ORIENTED_EDGE('',*,*,#6037,.T.);
#7454 = ORIENTED_EDGE('',*,*,#7430,.T.);
#7455 = CYLINDRICAL_SURFACE('',#7456,1.05);
#7456 = AXIS2_PLACEMENT_3D('',#7457,#7458,#7459);
#7457 = CARTESIAN_POINT('',(61.4,2.6,12.4));
#7458 = DIRECTION('',(0.,0.,1.));
#7459 = DIRECTION('',(1.,0.,0.));
#7460 = ADVANCED_FACE('',(#7461),#7472,.T.);
#7461 = FACE_BOUND('',#7462,.T.);
#7462 = EDGE_LOOP('',(#7463,#7464,#7470,#7471));
#7463 = ORIENTED_EDGE('',*,*,#6029,.F.);
#7464 = ORIENTED_EDGE('',*,*,#7465,.T.);
#7465 = EDGE_CURVE('',#6021,#7161,#7466,.T.);
#7466 = LINE('',#7467,#7468);
#7467 = CARTESIAN_POINT('',(2.6,1.55,12.4));
#7468 = VECTOR('',#7469,1.);
#7469 = DIRECTION('',(0.,0.,1.));
#7470 = ORIENTED_EDGE('',*,*,#7252,.F.);
#7471 = ORIENTED_EDGE('',*,*,#7448,.F.);
#7472 = PLANE('',#7473);
#7473 = AXIS2_PLACEMENT_3D('',#7474,#7475,#7476);
#7474 = CARTESIAN_POINT('',(2.6,1.55,12.4));
#7475 = DIRECTION('',(0.,1.,0.));
#7476 = DIRECTION('',(0.,0.,1.));
#7477 = ADVANCED_FACE('',(#7478),#7484,.F.);
#7478 = FACE_BOUND('',#7479,.F.);
#7479 = EDGE_LOOP('',(#7480,#7481,#7482,#7483));
#7480 = ORIENTED_EDGE('',*,*,#7158,.F.);
#7481 = ORIENTED_EDGE('',*,*,#7343,.F.);
#7482 = ORIENTED_EDGE('',*,*,#6020,.T.);
#7483 = ORIENTED_EDGE('',*,*,#7465,.T.);
#7484 = CYLINDRICAL_SURFACE('',#7485,1.05);
#7485 = AXIS2_PLACEMENT_3D('',#7486,#7487,#7488);
#7486 = CARTESIAN_POINT('',(2.6,2.6,12.4));
#7487 = DIRECTION('',(0.,0.,1.));
#7488 = DIRECTION('',(1.,0.,0.));
#7489 = ADVANCED_FACE('',(#7490),#7496,.F.);
#7490 = FACE_BOUND('',#7491,.F.);
#7491 = EDGE_LOOP('',(#7492,#7493,#7494,#7495));
#7492 = ORIENTED_EDGE('',*,*,#6166,.F.);
#7493 = ORIENTED_EDGE('',*,*,#6086,.T.);
#7494 = ORIENTED_EDGE('',*,*,#6118,.T.);
#7495 = ORIENTED_EDGE('',*,*,#6141,.F.);
#7496 = PLANE('',#7497);
#7497 = AXIS2_PLACEMENT_3D('',#7498,#7499,#7500);
#7498 = CARTESIAN_POINT('',(-0.65,110.,13.9));
#7499 = DIRECTION('',(1.,0.,0.));
#7500 = DIRECTION('',(0.,0.,1.));
#7501 = ADVANCED_FACE('',(#7502),#7508,.F.);
#7502 = FACE_BOUND('',#7503,.F.);
#7503 = EDGE_LOOP('',(#7504,#7505,#7506,#7507));
#7504 = ORIENTED_EDGE('',*,*,#6262,.F.);
#7505 = ORIENTED_EDGE('',*,*,#6182,.T.);
#7506 = ORIENTED_EDGE('',*,*,#6214,.T.);
#7507 = ORIENTED_EDGE('',*,*,#6237,.F.);
#7508 = PLANE('',#7509);
#7509 = AXIS2_PLACEMENT_3D('',#7510,#7511,#7512);
#7510 = CARTESIAN_POINT('',(-0.65,70.,13.9));
#7511 = DIRECTION('',(1.,0.,0.));
#7512 = DIRECTION('',(0.,0.,1.));
#7513 = ADVANCED_FACE('',(#7514),#7520,.F.);
#7514 = FACE_BOUND('',#7515,.F.);
#7515 = EDGE_LOOP('',(#7516,#7517,#7518,#7519));
#7516 = ORIENTED_EDGE('',*,*,#6358,.F.);
#7517 = ORIENTED_EDGE('',*,*,#6278,.T.);
#7518 = ORIENTED_EDGE('',*,*,#6310,.T.);
#7519 = ORIENTED_EDGE('',*,*,#6333,.F.);
#7520 = PLANE('',#7521);
#7521 = AXIS2_PLACEMENT_3D('',#7522,#7523,#7524);
#7522 = CARTESIAN_POINT('',(-0.65,30.,13.9));
#7523 = DIRECTION('',(1.,0.,0.));
#7524 = DIRECTION('',(0.,0.,1.));
#7525 = ADVANCED_FACE('',(#7526),#7532,.T.);
#7526 = FACE_BOUND('',#7527,.T.);
#7527 = EDGE_LOOP('',(#7528,#7529,#7530,#7531));
#7528 = ORIENTED_EDGE('',*,*,#6456,.F.);
#7529 = ORIENTED_EDGE('',*,*,#6383,.T.);
#7530 = ORIENTED_EDGE('',*,*,#6415,.T.);
#7531 = ORIENTED_EDGE('',*,*,#6438,.F.);
#7532 = PLANE('',#7533);
#7533 = AXIS2_PLACEMENT_3D('',#7534,#7535,#7536);
#7534 = CARTESIAN_POINT('',(5.,151.85,13.9));
#7535 = DIRECTION('',(0.,1.,0.));
#7536 = DIRECTION('',(0.,0.,1.));
#7537 = ADVANCED_FACE('',(#7538),#7544,.T.);
#7538 = FACE_BOUND('',#7539,.T.);
#7539 = EDGE_LOOP('',(#7540,#7541,#7542,#7543));
#7540 = ORIENTED_EDGE('',*,*,#6552,.F.);
#7541 = ORIENTED_EDGE('',*,*,#6479,.T.);
#7542 = ORIENTED_EDGE('',*,*,#6511,.T.);
#7543 = ORIENTED_EDGE('',*,*,#6534,.F.);
#7544 = PLANE('',#7545);
#7545 = AXIS2_PLACEMENT_3D('',#7546,#7547,#7548);
#7546 = CARTESIAN_POINT('',(35.,151.85,13.9));
#7547 = DIRECTION('',(0.,1.,0.));
#7548 = DIRECTION('',(0.,0.,1.));
#7549 = ADVANCED_FACE('',(#7550),#7556,.T.);
#7550 = FACE_BOUND('',#7551,.T.);
#7551 = EDGE_LOOP('',(#7552,#7553,#7554,#7555));
#7552 = ORIENTED_EDGE('',*,*,#6648,.F.);
#7553 = ORIENTED_EDGE('',*,*,#6575,.T.);
#7554 = ORIENTED_EDGE('',*,*,#6607,.T.);
#7555 = ORIENTED_EDGE('',*,*,#6630,.F.);
#7556 = PLANE('',#7557);
#7557 = AXIS2_PLACEMENT_3D('',#7558,#7559,#7560);
#7558 = CARTESIAN_POINT('',(49.,151.85,13.9));
#7559 = DIRECTION('',(0.,1.,0.));
#7560 = DIRECTION('',(0.,0.,1.));
#7561 = ADVANCED_FACE('',(#7562),#7568,.T.);
#7562 = FACE_BOUND('',#7563,.T.);
#7563 = EDGE_LOOP('',(#7564,#7565,#7566,#7567));
#7564 = ORIENTED_EDGE('',*,*,#6744,.F.);
#7565 = ORIENTED_EDGE('',*,*,#6671,.T.);
#7566 = ORIENTED_EDGE('',*,*,#6703,.T.);
#7567 = ORIENTED_EDGE('',*,*,#6726,.F.);
#7568 = PLANE('',#7569);
#7569 = AXIS2_PLACEMENT_3D('',#7570,#7571,#7572);
#7570 = CARTESIAN_POINT('',(64.65,110.,13.9));
#7571 = DIRECTION('',(1.,0.,0.));
#7572 = DIRECTION('',(0.,0.,1.));
#7573 = ADVANCED_FACE('',(#7574),#7580,.T.);
#7574 = FACE_BOUND('',#7575,.T.);
#7575 = EDGE_LOOP('',(#7576,#7577,#7578,#7579));
#7576 = ORIENTED_EDGE('',*,*,#6840,.F.);
#7577 = ORIENTED_EDGE('',*,*,#6767,.T.);
#7578 = ORIENTED_EDGE('',*,*,#6799,.T.);
#7579 = ORIENTED_EDGE('',*,*,#6822,.F.);
#7580 = PLANE('',#7581);
#7581 = AXIS2_PLACEMENT_3D('',#7582,#7583,#7584);
#7582 = CARTESIAN_POINT('',(64.65,70.,13.9));
#7583 = DIRECTION('',(1.,0.,0.));
#7584 = DIRECTION('',(0.,0.,1.));
#7585 = ADVANCED_FACE('',(#7586),#7592,.T.);
#7586 = FACE_BOUND('',#7587,.T.);
#7587 = EDGE_LOOP('',(#7588,#7589,#7590,#7591));
#7588 = ORIENTED_EDGE('',*,*,#6936,.F.);
#7589 = ORIENTED_EDGE('',*,*,#6863,.T.);
#7590 = ORIENTED_EDGE('',*,*,#6895,.T.);
#7591 = ORIENTED_EDGE('',*,*,#6918,.F.);
#7592 = PLANE('',#7593);
#7593 = AXIS2_PLACEMENT_3D('',#7594,#7595,#7596);
#7594 = CARTESIAN_POINT('',(64.65,30.,13.9));
#7595 = DIRECTION('',(1.,0.,0.));
#7596 = DIRECTION('',(0.,0.,1.));
#7597 = ADVANCED_FACE('',(#7598),#7609,.T.);
#7598 = FACE_BOUND('',#7599,.T.);
#7599 = EDGE_LOOP('',(#7600,#7606,#7607,#7608));
#7600 = ORIENTED_EDGE('',*,*,#7601,.F.);
#7601 = EDGE_CURVE('',#6990,#7039,#7602,.T.);
#7602 = LINE('',#7603,#7604);
#7603 = CARTESIAN_POINT('',(62.,-0.65,13.9));
#7604 = VECTOR('',#7605,1.);
#7605 = DIRECTION('',(0.,0.,1.));
#7606 = ORIENTED_EDGE('',*,*,#6997,.T.);
#7607 = ORIENTED_EDGE('',*,*,#6967,.T.);
#7608 = ORIENTED_EDGE('',*,*,#7046,.F.);
#7609 = PLANE('',#7610);
#7610 = AXIS2_PLACEMENT_3D('',#7611,#7612,#7613);
#7611 = CARTESIAN_POINT('',(62.,-0.65,13.9));
#7612 = DIRECTION('',(1.,0.,0.));
#7613 = DIRECTION('',(0.,0.,1.));
#7614 = ADVANCED_FACE('',(#7615),#7621,.F.);
#7615 = FACE_BOUND('',#7616,.F.);
#7616 = EDGE_LOOP('',(#7617,#7618,#7619,#7620));
#7617 = ORIENTED_EDGE('',*,*,#6989,.F.);
#7618 = ORIENTED_EDGE('',*,*,#7013,.T.);
#7619 = ORIENTED_EDGE('',*,*,#7038,.T.);
#7620 = ORIENTED_EDGE('',*,*,#7601,.F.);
#7621 = PLANE('',#7622);
#7622 = AXIS2_PLACEMENT_3D('',#7623,#7624,#7625);
#7623 = CARTESIAN_POINT('',(52.,-0.65,13.9));
#7624 = DIRECTION('',(0.,1.,0.));
#7625 = DIRECTION('',(0.,0.,1.));
#7626 = ADVANCED_FACE('',(#7627),#7633,.F.);
#7627 = FACE_BOUND('',#7628,.F.);
#7628 = EDGE_LOOP('',(#7629,#7630,#7631,#7632));
#7629 = ORIENTED_EDGE('',*,*,#7142,.F.);
#7630 = ORIENTED_EDGE('',*,*,#7062,.T.);
#7631 = ORIENTED_EDGE('',*,*,#7094,.T.);
#7632 = ORIENTED_EDGE('',*,*,#7117,.F.);
#7633 = PLANE('',#7634);
#7634 = AXIS2_PLACEMENT_3D('',#7635,#7636,#7637);
#7635 = CARTESIAN_POINT('',(23.,-0.65,13.9));
#7636 = DIRECTION('',(0.,1.,0.));
#7637 = DIRECTION('',(0.,0.,1.));
#7638 = ADVANCED_FACE('',(#7639),#7650,.F.);
#7639 = FACE_BOUND('',#7640,.F.);
#7640 = EDGE_LOOP('',(#7641,#7647,#7648,#7649));
#7641 = ORIENTED_EDGE('',*,*,#7642,.F.);
#7642 = EDGE_CURVE('',#7298,#7195,#7643,.T.);
#7643 = LINE('',#7644,#7645);
#7644 = CARTESIAN_POINT('',(3.2,57.5,14.8));
#7645 = VECTOR('',#7646,1.);
#7646 = DIRECTION('',(0.,0.,1.));
#7647 = ORIENTED_EDGE('',*,*,#7297,.T.);
#7648 = ORIENTED_EDGE('',*,*,#7385,.F.);
#7649 = ORIENTED_EDGE('',*,*,#7194,.F.);
#7650 = PLANE('',#7651);
#7651 = AXIS2_PLACEMENT_3D('',#7652,#7653,#7654);
#7652 = CARTESIAN_POINT('',(3.2,57.5,14.8));
#7653 = DIRECTION('',(1.,0.,0.));
#7654 = DIRECTION('',(0.,0.,1.));
#7655 = ADVANCED_FACE('',(#7656),#7667,.F.);
#7656 = FACE_BOUND('',#7657,.F.);
#7657 = EDGE_LOOP('',(#7658,#7659,#7660,#7661));
#7658 = ORIENTED_EDGE('',*,*,#7307,.F.);
#7659 = ORIENTED_EDGE('',*,*,#7642,.T.);
#7660 = ORIENTED_EDGE('',*,*,#7202,.T.);
#7661 = ORIENTED_EDGE('',*,*,#7662,.F.);
#7662 = EDGE_CURVE('',#7308,#7203,#7663,.T.);
#7663 = LINE('',#7664,#7665);
#7664 = CARTESIAN_POINT('',(60.8,57.5,14.8));
#7665 = VECTOR('',#7666,1.);
#7666 = DIRECTION('',(0.,0.,1.));
#7667 = PLANE('',#7668);
#7668 = AXIS2_PLACEMENT_3D('',#7669,#7670,#7671);
#7669 = CARTESIAN_POINT('',(3.2,57.5,14.8));
#7670 = DIRECTION('',(0.,1.,0.));
#7671 = DIRECTION('',(0.,0.,1.));
#7672 = ADVANCED_FACE('',(#7673),#7679,.T.);
#7673 = FACE_BOUND('',#7674,.T.);
#7674 = EDGE_LOOP('',(#7675,#7676,#7677,#7678));
#7675 = ORIENTED_EDGE('',*,*,#7662,.F.);
#7676 = ORIENTED_EDGE('',*,*,#7315,.T.);
#7677 = ORIENTED_EDGE('',*,*,#7392,.F.);
#7678 = ORIENTED_EDGE('',*,*,#7210,.F.);
#7679 = PLANE('',#7680);
#7680 = AXIS2_PLACEMENT_3D('',#7681,#7682,#7683);
#7681 = CARTESIAN_POINT('',(60.8,57.5,14.8));
#7682 = DIRECTION('',(1.,0.,0.));
#7683 = DIRECTION('',(0.,0.,1.));
#7684 = ( GEOMETRIC_REPRESENTATION_CONTEXT(3) 
GLOBAL_UNCERTAINTY_ASSIGNED_CONTEXT((#7688)) 
GLOBAL_UNIT_ASSIGNED_CONTEXT((#7685,#7686,#7687)) REPRESENTATION_CONTEXT
('Context #1','3D Context with UNIT and UNCERTAINTY') );
#7685 = ( LENGTH_UNIT() NAMED_UNIT(*) SI_UNIT(.MILLI.,.METRE.) );
#7686 = ( NAMED_UNIT(*) PLANE_ANGLE_UNIT() SI_UNIT($,.RADIAN.) );
#7687 = ( NAMED_UNIT(*) SI_UNIT($,.STERADIAN.) SOLID_ANGLE_UNIT() );
#7688 = UNCERTAINTY_MEASURE_WITH_UNIT(LENGTH_MEASURE(1.E-07),#7685,
  'distance_accuracy_value','confusion accuracy');
#7689 = PRODUCT_RELATED_PRODUCT_CATEGORY('part',$,(#7));
ENDSEC;
END-ISO-10303-21;
